-- Auto-generated SQL export for NEW DDL
USE data_test;
SET FOREIGN_KEY_CHECKS = 0;

INSERT INTO T_Typen (Typ_Name) VALUES
('Boden'),
('Drache'),
('Eis'),
('Elektro'),
('Feuer'),
('Flug'),
('Geist'),
('Gestein'),
('Gift'),
('Kampf'),
('Käfer'),
('None'),
('Normal'),
('Pflanze'),
('Psycho'),
('Wasser');

INSERT INTO T_Lernmethoden (Lernmethode_ID, Art, Level, Voraussetzung) VALUES
(1, 'Level-Up', 1, NULL),
(2, 'Level-Up', 3, NULL),
(3, 'Level-Up', 6, NULL),
(4, 'Level-Up', 9, NULL),
(5, 'Level-Up', 12, NULL),
(6, 'Level-Up', 15, NULL),
(7, 'Level-Up', 18, NULL),
(8, 'Level-Up', 21, NULL),
(9, 'Level-Up', 24, NULL),
(10, 'Level-Up', 27, NULL),
(11, 'Level-Up', 30, NULL),
(12, 'Level-Up', 33, NULL),
(13, 'Level-Up', 36, NULL),
(14, 'TM/VM', NULL, 'TM11'),
(15, 'TM/VM', NULL, 'TM17'),
(16, 'TM/VM', NULL, 'TM19'),
(17, 'TM/VM', NULL, 'TM21'),
(18, 'TM/VM', NULL, 'TM24'),
(19, 'TM/VM', NULL, 'TM25'),
(20, 'TM/VM', NULL, 'TM28'),
(21, 'TM/VM', NULL, 'TM29'),
(22, 'TM/VM', NULL, 'TM31'),
(23, 'TM/VM', NULL, 'TM34'),
(24, 'TM/VM', NULL, 'TM39'),
(25, 'TM/VM', NULL, 'TM41'),
(26, 'TM/VM', NULL, 'TM46'),
(27, 'TM/VM', NULL, 'TM50'),
(28, 'TM/VM', NULL, 'TM74'),
(29, 'TM/VM', NULL, 'TM76'),
(30, 'TM/VM', NULL, 'TM88'),
(31, 'TM/VM', NULL, 'TM94'),
(32, 'TM/VM', NULL, 'TM09'),
(33, 'TM/VM', NULL, 'TM10'),
(34, 'TM/VM', NULL, 'TM16'),
(35, 'TM/VM', NULL, 'TM20'),
(36, 'TM/VM', NULL, 'TM22'),
(37, 'TM/VM', NULL, 'TM32'),
(38, 'TM/VM', NULL, 'TM36'),
(39, 'TM/VM', NULL, 'TM42'),
(40, 'TM/VM', NULL, 'TM44'),
(41, 'TM/VM', NULL, 'TM45'),
(42, 'TM/VM', NULL, 'TM53'),
(43, 'TM/VM', NULL, 'TM54'),
(44, 'TM/VM', NULL, 'TM58'),
(45, 'TM/VM', NULL, 'TM70'),
(46, 'TM/VM', NULL, 'TM75'),
(47, 'TM/VM', NULL, 'TM82'),
(48, 'TM/VM', NULL, 'TM86'),
(49, 'TM/VM', NULL, 'TM87'),
(50, 'TM/VM', NULL, 'TM90'),
(51, 'TM/VM', NULL, 'TM93'),
(52, 'TM/VM', NULL, 'TM96'),
(53, 'TM/VM', NULL, 'TM98'),
(54, 'TP', NULL, 'TP00'),
(55, 'TP', NULL, 'TP01'),
(56, 'TP', NULL, 'TP17'),
(57, 'TP', NULL, 'TP20'),
(58, 'TP', NULL, 'TP22'),
(59, 'TP', NULL, 'TP26'),
(60, 'TP', NULL, 'TP27'),
(61, 'TP', NULL, 'TP59'),
(62, 'TP', NULL, 'TP65'),
(63, 'TP', NULL, 'TP71'),
(64, 'TP', NULL, 'TP72'),
(65, 'TP', NULL, 'TP77'),
(66, 'TP', NULL, 'TP85'),
(67, 'Level-Up', 20, NULL),
(68, 'Level-Up', 25, NULL),
(69, 'Level-Up', 35, NULL),
(70, 'Level-Up', 40, NULL),
(71, 'Level-Up', 45, NULL),
(72, 'Level-Up', 50, NULL),
(73, 'Level-Up', 37, NULL),
(74, 'Level-Up', 44, NULL),
(75, 'Level-Up', 51, NULL),
(76, 'Level-Up', 58, NULL),
(77, 'TM/VM', NULL, 'TM81'),
(78, 'TM/VM', NULL, 'TM06'),
(79, 'TM/VM', NULL, 'TM15'),
(80, 'TM/VM', NULL, 'TM26'),
(81, 'TM/VM', NULL, 'TM68'),
(82, 'TM/VM', NULL, 'TM83'),
(83, 'TM/VM', NULL, 'TM100'),
(84, 'TP', NULL, 'TP10'),
(85, 'TP', NULL, 'TP24'),
(86, 'TP', NULL, 'TP67'),
(87, 'Level-Up', 4, NULL),
(88, 'Level-Up', 8, NULL),
(89, 'Level-Up', 17, NULL),
(90, 'Level-Up', 28, NULL),
(91, 'Level-Up', 32, NULL),
(92, 'TM/VM', NULL, 'TM01'),
(93, 'TM/VM', NULL, 'TM03'),
(94, 'TM/VM', NULL, 'TM05'),
(95, 'TM/VM', NULL, 'TM13'),
(96, 'TM/VM', NULL, 'TM37'),
(97, 'TM/VM', NULL, 'TM38'),
(98, 'TM/VM', NULL, 'TM40'),
(99, 'TM/VM', NULL, 'TM43'),
(100, 'TM/VM', NULL, 'TM48'),
(101, 'TM/VM', NULL, 'TM59'),
(102, 'TM/VM', NULL, 'TM65'),
(103, 'TM/VM', NULL, 'TM78'),
(104, 'TM/VM', NULL, 'TM02'),
(105, 'TM/VM', NULL, 'TM23'),
(106, 'TM/VM', NULL, 'TM35'),
(107, 'TM/VM', NULL, 'TM56'),
(108, 'TM/VM', NULL, 'TM61'),
(109, 'TM/VM', NULL, 'TM80'),
(110, 'TP', NULL, 'TP02'),
(111, 'TP', NULL, 'TP15'),
(112, 'TP', NULL, 'TP31'),
(113, 'TP', NULL, 'TP32'),
(114, 'TP', NULL, 'TP36'),
(115, 'TP', NULL, 'TP43'),
(116, 'TP', NULL, 'TP47'),
(117, 'TP', NULL, 'TP51'),
(118, 'TP', NULL, 'TP55'),
(119, 'TP', NULL, 'TP62'),
(120, 'Level-Up', 19, NULL),
(121, 'Level-Up', 42, NULL),
(122, 'Level-Up', 48, NULL),
(123, 'Level-Up', 54, NULL),
(124, 'Level-Up', 39, NULL),
(125, 'Level-Up', 46, NULL),
(126, 'Level-Up', 62, NULL),
(127, 'TM/VM', NULL, 'TM08'),
(128, 'TM/VM', NULL, 'TM30'),
(129, 'TM/VM', NULL, 'TM92'),
(130, 'TM/VM', NULL, 'TM95'),
(131, 'TM/VM', NULL, 'TM97'),
(132, 'TM/VM', NULL, 'TM99'),
(133, 'TM/VM', NULL, 'TM47'),
(134, 'TM/VM', NULL, 'TM51'),
(135, 'TM/VM', NULL, 'TM52'),
(136, 'TP', NULL, 'TP41'),
(137, 'TP', NULL, 'TP64'),
(138, 'TP', NULL, 'TP88'),
(139, 'TP', NULL, 'TP89'),
(140, 'TM/VM', NULL, 'TM04'),
(141, 'TM/VM', NULL, 'TM27'),
(142, 'TM/VM', NULL, 'TM33'),
(143, 'TM/VM', NULL, 'TM55'),
(144, 'TM/VM', NULL, 'TM07'),
(145, 'TM/VM', NULL, 'TM14'),
(146, 'TM/VM', NULL, 'TM18'),
(147, 'TM/VM', NULL, 'TM49'),
(148, 'TP', NULL, 'TP03'),
(149, 'TP', NULL, 'TP04'),
(150, 'TP', NULL, 'TP05'),
(151, 'TP', NULL, 'TP06'),
(152, 'TP', NULL, 'TP16'),
(153, 'TP', NULL, 'TP45'),
(154, 'TP', NULL, 'TP46'),
(155, 'TP', NULL, 'TP52'),
(156, 'TP', NULL, 'TP56'),
(157, 'TP', NULL, 'TP69'),
(158, 'TP', NULL, 'TP84'),
(159, 'Level-Up', 49, NULL),
(160, 'Level-Up', 56, NULL),
(161, 'TM/VM', NULL, 'TM64'),
(162, 'TM/VM', NULL, 'TM72'),
(163, 'TM/VM', NULL, 'TM79'),
(164, 'TM/VM', NULL, 'TM91'),
(165, 'TP', NULL, 'TP58'),
(166, 'TP', NULL, 'TP70'),
(167, 'TP', NULL, 'TP98'),
(168, 'TP', NULL, 'TP99'),
(169, 'Level-Up', 16, NULL),
(170, 'TM/VM', NULL, 'TM62'),
(171, 'TM/VM', NULL, 'TM77'),
(172, 'TM/VM', NULL, 'TM85'),
(173, 'TM/VM', NULL, 'TM89'),
(174, 'TP', NULL, 'TP11'),
(175, 'TP', NULL, 'TP29'),
(176, 'TP', NULL, 'TP33'),
(177, 'TP', NULL, 'TP40'),
(178, 'TP', NULL, 'TP61'),
(179, 'TP', NULL, 'TP96'),
(180, 'Level-Up', 11, NULL),
(181, 'Level-Up', 14, NULL),
(182, 'Level-Up', 23, NULL),
(183, 'Level-Up', 26, NULL),
(184, 'Level-Up', 29, NULL),
(185, 'Level-Up', 38, NULL),
(186, 'Level-Up', 41, NULL),
(187, 'TM/VM', NULL, 'TM66'),
(188, 'TM/VM', NULL, 'TM84'),
(189, 'Level-Up', 5, NULL),
(190, 'Level-Up', 13, NULL),
(191, 'Level-Up', 53, NULL),
(192, 'Level-Up', 22, NULL),
(193, 'Level-Up', 47, NULL),
(194, 'Level-Up', 52, NULL),
(195, 'Level-Up', 57, NULL),
(196, 'Level-Up', 68, NULL),
(197, 'Level-Up', 7, NULL),
(198, 'Level-Up', 10, NULL),
(199, 'Level-Up', 31, NULL),
(200, 'Level-Up', 34, NULL),
(201, 'TM/VM', NULL, 'TM12'),
(202, 'TM/VM', NULL, 'TM57'),
(203, 'TM/VM', NULL, 'TM73'),
(204, 'Level-Up', 63, NULL),
(205, 'TM/VM', NULL, 'TM63'),
(206, 'TP', NULL, 'TP08'),
(207, 'TP', NULL, 'TP09'),
(208, 'TP', NULL, 'TP12'),
(209, 'TP', NULL, 'TP21'),
(210, 'TP', NULL, 'TP30'),
(211, 'TP', NULL, 'TP35'),
(212, 'TP', NULL, 'TP68'),
(213, 'TP', NULL, 'TP80'),
(214, 'TP', NULL, 'TP86'),
(215, 'TP', NULL, 'TP90'),
(216, 'TP', NULL, 'TP25'),
(217, 'TP', NULL, 'TP34'),
(218, 'TP', NULL, 'TP49'),
(219, 'TP', NULL, 'TP82'),
(220, 'TP', NULL, 'TP83'),
(221, 'TP', NULL, 'TP18'),
(222, 'TP', NULL, 'TP57'),
(223, 'TP', NULL, 'TP60'),
(224, 'TP', NULL, 'TP76'),
(225, 'TP', NULL, 'TP95'),
(226, 'Level-Up', 61, NULL),
(227, 'TM/VM', NULL, 'TM71'),
(228, 'TP', NULL, 'TP23'),
(229, 'TP', NULL, 'TP75'),
(230, 'TP', NULL, 'TP87'),
(231, 'Level-Up', 55, NULL),
(232, 'TP', NULL, 'TP13'),
(233, 'TP', NULL, 'TP54'),
(234, 'TP', NULL, 'TP91'),
(235, 'Level-Up', 43, NULL),
(236, 'Level-Up', 64, NULL),
(237, 'Level-Up', 71, NULL),
(238, 'TP', NULL, 'TP37'),
(239, 'TP', NULL, 'TP39'),
(240, 'TP', NULL, 'TP78'),
(241, 'TP', NULL, 'TP94'),
(242, 'TP', NULL, 'TP28'),
(243, 'TM/VM', NULL, 'TM60'),
(244, 'TM/VM', NULL, 'TM67'),
(245, 'TP', NULL, 'TP14'),
(246, 'TP', NULL, 'TP19'),
(247, 'TP', NULL, 'TP38'),
(248, 'TP', NULL, 'TP42'),
(249, 'TP', NULL, 'TP44'),
(250, 'TP', NULL, 'TP92'),
(251, 'TP', NULL, 'TP81'),
(252, 'TP', NULL, 'TP66'),
(253, 'Level-Up', 69, NULL),
(254, 'Level-Up', 59, NULL),
(255, 'Level-Up', 66, NULL),
(256, 'TP', NULL, 'TP74'),
(257, 'TP', NULL, 'TP73'),
(258, 'TP', NULL, 'TP63'),
(259, 'TP', NULL, 'TP07'),
(260, 'TP', NULL, 'TP53'),
(261, 'TP', NULL, 'TP97'),
(262, 'TP', NULL, 'TP48'),
(263, 'TP', NULL, 'TP93'),
(264, 'TM/VM', NULL, 'TM69'),
(265, 'TP', NULL, 'TP79'),
(266, 'Level-Up', 60, NULL),
(267, 'Level-Up', 65, NULL),
(268, 'TP', NULL, 'TP50'),
(269, 'Level-Up', 70, NULL),
(270, 'Level-Up', 67, NULL),
(271, 'Level-Up', 74, NULL),
(272, 'Level-Up', 80, NULL),
(273, 'Level-Up', 72, NULL),
(274, 'Level-Up', 88, NULL),
(275, 'Level-Up', 90, NULL),
(276, 'Level-Up', 100, NULL);

INSERT INTO T_Attacken (Attacke_Name, Staerke, Genauigkeit, AP, Typ_Name) VALUES
('Abgangsbund', NULL, NULL, 5, 'Geist'),
('Abgesang', NULL, NULL, 5, 'Normal'),
('Ableithieb', 60, 100, 5, 'Kampf'),
('Abschlag', 65, 100, 20, 'None'),
('Absorber', 20, 100, 20, 'Pflanze'),
('Aero-Ass', 60, NULL, 20, 'Flug'),
('Agilität', NULL, NULL, 30, 'Psycho'),
('Akrobatik', 55, 100, 15, 'Flug'),
('Akupressur', NULL, NULL, 30, 'Normal'),
('Amnesie', NULL, NULL, 20, 'Psycho'),
('Anfallen', 80, 100, 15, 'Käfer'),
('Angeberei', NULL, 90, 15, 'Normal'),
('Antik-Kraft', 60, 100, 5, 'Gestein'),
('Anziehung', NULL, 100, 15, 'Normal'),
('Aquadurchstoß', 85, 100, 10, 'Wasser'),
('Aquaknarre', 40, 100, 25, 'Wasser'),
('Aquawelle', 60, 100, 20, 'Wasser'),
('Aromakur', NULL, NULL, 5, 'Pflanze'),
('Aufbereitung', NULL, NULL, 10, 'Normal'),
('Auflockern', NULL, NULL, 15, 'Flug'),
('Aufruhr', 50, 100, 10, 'Normal'),
('Aurasphäre', 80, NULL, 20, 'Kampf'),
('Auroraschleier', NULL, NULL, 20, 'Eis'),
('Aurorastrahl', 65, 100, 20, 'Eis'),
('Ausbrennen', 130, 100, 5, 'Feuer'),
('Ausdauer', NULL, NULL, 10, 'Normal'),
('Aussetzer', NULL, 55, 20, 'Normal'),
('Bauchtrommel', NULL, NULL, 10, 'Normal'),
('Begrenzer', NULL, NULL, 10, 'Psycho'),
('Bergsturm', 60, 100, 10, 'Kampf'),
('Bezirzer', 40, 100, 40, 'Normal'),
('Biss', 60, 100, 25, 'None'),
('Bitterkuss', NULL, 75, 10, 'None'),
('Bizarroraum', NULL, NULL, 5, 'Psycho'),
('Blattgeißel', 120, 85, 10, 'Pflanze'),
('Blitz', NULL, 70, 20, 'Normal'),
('Blitzkanone', 100, 50, 5, 'Elektro'),
('Blizzard', 110, 90, 5, 'Eis'),
('Blubbstrahl', 65, 100, 20, 'Wasser'),
('Blutsauger', 80, 100, 15, 'Käfer'),
('Blättersturm', 130, 90, 5, 'Pflanze'),
('Blättertanz', 70, 100, 20, 'Pflanze'),
('Blütenwirbel', 90, 100, 15, 'Pflanze'),
('Body Press', 80, 100, 10, 'Kampf'),
('Bodycheck', 90, 85, 20, 'Normal'),
('Bodyguard', NULL, NULL, 25, 'Normal'),
('Bodyslam', 85, 100, 15, 'Normal'),
('Bohrschnabel', 80, 100, 20, 'Flug'),
('Brandstempel', NULL, 100, 10, 'Feuer'),
('Breitseite', 60, 100, 15, 'Drache'),
('Brennender Zorn', 90, 100, 10, 'None'),
('Brüller', NULL, 100, 20, 'Normal'),
('Bürde', 65, 100, 10, 'Geist'),
('Charme', NULL, 100, 20, 'None'),
('Dampfwalze', 60, 100, 20, 'Boden'),
('Dark Lariat', 85, 100, 10, 'None'),
('Daunenreigen', NULL, 100, 15, 'Flug'),
('Delegator', NULL, NULL, 10, 'Normal'),
('Diebeskuss', 50, 100, 10, 'None'),
('Donner', 110, 70, 10, 'Elektro'),
('Donnerblitz', 90, 100, 15, 'Elektro'),
('Donnernder Tritt', 90, 100, 10, 'Kampf'),
('Donnerschlag', 75, 100, 15, 'Elektro'),
('Donnerschock', 40, 100, 30, 'Elektro'),
('Donnerwelle', NULL, 100, 20, 'Elektro'),
('Donnerzahn', 65, 95, 15, 'Elektro'),
('Doppelhieb', 40, 90, 15, 'Drache'),
('Doppelkick', 30, 100, 30, 'Kampf'),
('Doppelschlag', 35, 90, 10, 'Normal'),
('Doppelteam', NULL, NULL, 15, 'Normal'),
('Drachenklaue', 80, 100, 15, 'Drache'),
('Drachenpuls', 85, 100, 10, 'Drache'),
('Drachenrute', 60, 90, 10, 'Drache'),
('Drachenstoß', 100, 75, 10, 'Drache'),
('Drachentanz', NULL, NULL, 20, 'Drache'),
('Dreschflegel', NULL, 100, 15, 'Normal'),
('Duftwolke', NULL, NULL, 20, 'None'),
('Dunkelklaue', 70, 100, 15, 'Geist'),
('Dunkelnebel', NULL, NULL, 30, 'Eis'),
('Durchbruch', 75, 100, 15, 'Kampf'),
('Egelsamen', NULL, 90, 10, 'Pflanze'),
('Einigler', NULL, NULL, 40, 'Normal'),
('Einrollen', NULL, NULL, 20, 'Gift'),
('Einäschern', 60, 100, 15, 'Feuer'),
('Eisenabwehr', NULL, NULL, 15, 'None'),
('Eisenschweif', 100, 75, 15, 'None'),
('Eisenschädel', 80, 100, 15, 'None'),
('Eiseskälte', NULL, NULL, 5, 'Eis'),
('Eishieb', 75, 100, 15, 'Eis'),
('Eisiger Blick', 90, 100, 10, 'Psycho'),
('Eisspeer', 10, 100, 30, 'Eis'),
('Eissplitter', 40, 100, 30, 'Eis'),
('Eisstrahl', 90, 100, 10, 'Eis'),
('Eissturm', 55, 95, 15, 'Eis'),
('Eiszahn', 65, 95, 15, 'Eis'),
('Eiszapfhagel', 85, 90, 10, 'Eis'),
('Elektroball', NULL, 100, 10, 'Elektro'),
('Elektrofeld', NULL, NULL, 10, 'Elektro'),
('Elektronetz', 55, 95, 15, 'Elektro'),
('Energieball', 90, 100, 10, 'Pflanze'),
('Energiefokus', NULL, NULL, 30, 'Normal'),
('Entfessler', NULL, 100, 10, 'Normal'),
('Erdanziehung', NULL, NULL, 5, 'Psycho'),
('Erdbeben', 100, 100, 10, 'Boden'),
('Erdkräfte', 90, 100, 10, 'Boden'),
('Erholung', NULL, NULL, 10, 'Psycho'),
('Erstauner', 30, 100, 15, 'Geist'),
('Explosion', 170, 100, 5, 'Normal'),
('Fadenschuss', NULL, 95, 40, 'Käfer'),
('Falterreigen', NULL, NULL, 20, 'Käfer'),
('Fassade', 70, 100, 20, 'Normal'),
('Feenbrise', 40, 100, 30, 'None'),
('Felsgrab', 60, 80, 10, 'Gestein'),
('Felswurf', 25, 80, 10, 'Gestein'),
('Feuerfeger', 85, 90, 10, 'Feuer'),
('Feuerodem', 60, 100, 20, 'Drache'),
('Feuerschlag', 75, 100, 15, 'Feuer'),
('Feuersturm', 110, 85, 5, 'Feuer'),
('Feuerwirbel', 15, 70, 15, 'Feuer'),
('Feuerzahn', 65, 95, 15, 'Feuer'),
('Finale', 130, 100, 5, 'Normal'),
('Finsteraura', 80, 100, 15, 'None'),
('Finsterfaust', 60, NULL, 20, 'Geist'),
('Flammenblitz', 120, 100, 15, 'Feuer'),
('Flammenrad', 60, 100, 25, 'Feuer'),
('Flammensturm', 80, 100, 15, 'Feuer'),
('Flammenwurf', 90, 100, 15, 'Feuer'),
('Fliegen', 70, 95, 15, 'Flug'),
('Fluch', NULL, NULL, 10, 'Geist'),
('Flügelschlag', 35, 100, 35, 'Flug'),
('Fokusstoß', 120, 70, 5, 'Kampf'),
('Folterknecht', NULL, 100, 15, 'None'),
('Fruststampfer', 75, 100, 10, 'Boden'),
('Fuchtler', 90, 100, 20, 'Normal'),
('Funkensprung', 65, 100, 20, 'Elektro'),
('Furienschlag', 15, 85, 20, 'Normal'),
('Fußkick', 50, 90, 20, 'Kampf'),
('Fußtritt', 65, 100, 20, 'Kampf'),
('Fähigkeitstausch', NULL, NULL, 10, 'Psycho'),
('Galanterie', NULL, NULL, 15, 'Normal'),
('Gedankengut', NULL, NULL, 20, 'Psycho'),
('Gefriertrockner', 70, 100, 20, 'Eis'),
('Gegenschlag', NULL, 100, 15, 'Kampf'),
('Gegenstoß', 50, 100, 10, 'None'),
('Genesung', NULL, NULL, 20, 'Normal'),
('Geofissur', NULL, 30, 5, 'Boden'),
('Geowurf', NULL, 100, 20, 'Kampf'),
('Gesang', NULL, 55, 15, 'Normal'),
('Gewissheit', 60, 100, 10, 'None'),
('Giftfalle', NULL, 100, 20, 'Gift'),
('Gifthieb', 80, 100, 20, 'Gift'),
('Giftpuder', NULL, 75, 35, 'Gift'),
('Giftschock', 65, 100, 10, 'Gift'),
('Giftspitzen', NULL, NULL, 20, 'Gift'),
('Giftstachel', 15, 100, 35, 'Gift'),
('Giftstreich', 70, 100, 20, 'Gift'),
('Giftwolke', NULL, 55, 40, 'Gift'),
('Giftzahn', 50, 100, 15, 'Gift'),
('Gigasauger', 60, 100, 5, 'Pflanze'),
('Gigastoß', 150, 90, 5, 'Normal'),
('Glut', 40, 100, 25, 'Feuer'),
('Grasfeld', NULL, NULL, 10, 'Pflanze'),
('Grasmixer', 65, 90, 10, 'Pflanze'),
('Grimasse', NULL, 90, 10, 'Normal'),
('Groll', NULL, 100, 10, 'Geist'),
('Guillotine', NULL, 30, 5, 'Normal'),
('Gyroball', NULL, 100, 5, 'None'),
('Gähner', NULL, NULL, 10, 'Normal'),
('Hagelsturm', NULL, NULL, 10, 'Eis'),
('Hammerarm', 100, 90, 10, 'Kampf'),
('Hausbruch', NULL, NULL, 15, 'Normal'),
('Heilopfer', NULL, NULL, 10, 'Psycho'),
('Heilwoge', NULL, NULL, 10, 'Psycho'),
('Heimzahlung', 70, 100, 5, 'Normal'),
('Heuler', NULL, 100, 40, 'Normal'),
('Himmelsfeger', 140, 90, 5, 'Flug'),
('Hitzekoller', 130, 90, 5, 'Feuer'),
('Hitzewelle', 95, 90, 10, 'Feuer'),
('Holzhammer', 120, 100, 15, 'Pflanze'),
('Hornattacke', 65, 100, 25, 'Normal'),
('Hornbohrer', NULL, 30, 5, 'Normal'),
('Horrorblick', NULL, NULL, 5, 'Normal'),
('Horter', NULL, NULL, 10, 'Normal'),
('Hydropumpe', 110, 80, 5, 'Wasser'),
('Hyperstrahl', 150, 90, 5, 'Normal'),
('Hypnose', NULL, 60, 20, 'Psycho'),
('Härtner', NULL, NULL, 30, 'Normal'),
('Imitator', NULL, NULL, 20, 'Normal'),
('Inferno', 100, 50, 5, 'Feuer'),
('Initiativetausch', NULL, NULL, 10, 'Psycho'),
('Irrlicht', NULL, 75, 15, 'Feuer'),
('Jauler', NULL, NULL, 40, 'Normal'),
('Juwelenkraft', 80, 100, 20, 'Gestein'),
('Kalkklinge', 75, 95, 10, 'Wasser'),
('Kameradschaft', NULL, NULL, 20, 'Normal'),
('Kanon', 60, 100, 15, 'Normal'),
('Kaskade', 80, 100, 15, 'Wasser'),
('Katapult', 50, 100, 15, 'Gestein'),
('Kehrschelle', 25, 85, 10, 'Normal'),
('Kehrtwende', 70, 100, 20, 'Käfer'),
('Klammergriff', 15, 75, 20, 'Normal'),
('Klaps', 40, 100, 35, 'Normal'),
('Klauenwetzer', NULL, NULL, 15, 'None'),
('Klärsmog', 50, NULL, 15, 'Gift'),
('Knirscher', 80, 100, 15, 'None'),
('Knochenhatz', 25, 80, 10, 'Boden'),
('Knochmerang', 50, 90, 10, 'Boden'),
('Knuddler', 90, 90, 10, 'None'),
('Komprimator', NULL, NULL, 20, 'Normal'),
('Konfusion', 50, 100, 25, 'Psycho'),
('Konfusstrahl', NULL, 100, 10, 'Geist'),
('Konter', NULL, 100, 20, 'Kampf'),
('Konzentration', NULL, NULL, 30, 'Normal'),
('Kopfnuss', 70, 100, 15, 'Normal'),
('Kosmik-Kraft', NULL, NULL, 20, 'Psycho'),
('Krabbhammer', 100, 85, 10, 'Wasser'),
('Kraftkoloss', 120, 100, 5, 'Kampf'),
('Kraftschub', NULL, NULL, 30, 'Normal'),
('Krafttausch', NULL, NULL, 10, 'Psycho'),
('Kraftvorrat', 20, 100, 10, 'Psycho'),
('Kratzer', 40, 100, 35, 'Normal'),
('Kratzfurie', 18, 80, 15, 'Normal'),
('Kraxler', 90, 85, 20, 'Normal'),
('Kreideschrei', NULL, 85, 40, 'Normal'),
('Kreuzhieb', 100, 80, 5, 'Kampf'),
('Kreuzschere', 80, 100, 15, 'Käfer'),
('Kugelsaat', 10, 100, 30, 'Pflanze'),
('Kulleraugen', NULL, 100, 30, 'None'),
('Käferbiss', 60, 100, 20, 'Käfer'),
('Käfergebrumm', 90, 100, 10, 'Käfer'),
('Käfertrutz', 50, 100, 20, 'Käfer'),
('Ladestrahl', 50, 90, 10, 'Elektro'),
('Ladevorgang', NULL, NULL, 20, 'Elektro'),
('Ladungsstoß', 80, 100, 15, 'Elektro'),
('Lake', 65, 100, 10, 'Wasser'),
('Laubklinge', 70, 100, 15, 'Pflanze'),
('Lawine', 60, 100, 10, 'Eis'),
('Lebenstropfen', NULL, NULL, 10, 'Wasser'),
('Lehmbrühe', 90, 85, 10, 'Wasser'),
('Lehmschelle', 20, 100, 10, 'Boden'),
('Lehmschuss', 55, 95, 15, 'Boden'),
('Lichtkanone', 80, 100, 10, 'None'),
('Lichtschild', NULL, NULL, 30, 'Psycho'),
('Lockduft', NULL, 100, 20, 'Normal'),
('Luftschnitt', 75, 95, 20, 'Flug'),
('Magensäfte', NULL, 100, 10, 'Gift'),
('Magieflamme', 75, 100, 10, 'Feuer'),
('Magiemantel', NULL, NULL, 15, 'Psycho'),
('Magieraum', NULL, NULL, 10, 'Psycho'),
('Magnetflug', NULL, NULL, 10, 'Elektro'),
('Magnetregler', NULL, NULL, 20, 'Elektro'),
('Matschbombe', 90, 100, 10, 'Gift'),
('Megahieb', 80, 85, 20, 'Normal'),
('Megakick', 120, 75, 5, 'Normal'),
('Megasauger', 40, 100, 10, 'Pflanze'),
('Memento-Mori', NULL, 100, 10, 'None'),
('Metallklaue', 50, 95, 35, 'None'),
('Metallsound', NULL, 85, 40, 'None'),
('Meteorologe', 50, 100, 10, 'Normal'),
('Metronom', NULL, NULL, 10, 'Normal'),
('Mimikry', NULL, NULL, 10, 'Normal'),
('Mogelhieb', 40, 100, 10, 'Normal'),
('Mondgewalt', 95, 100, 15, 'None'),
('Mondschein', NULL, NULL, 5, 'None'),
('Mystowellen', NULL, 100, 15, 'Elektro'),
('Mülltreffer', 120, 70, 5, 'Gift'),
('Nachspiel', NULL, NULL, 5, 'Geist'),
('Nachthieb', 70, 100, 15, 'None'),
('Nachtnebel', NULL, 100, 15, 'Geist'),
('Nadelrakete', 25, 85, 20, 'Käfer'),
('Nahkampf', 120, 100, 5, 'Kampf'),
('Nassschweif', 90, 90, 10, 'Wasser'),
('Nebelfeld', NULL, NULL, 10, 'None'),
('Neck Strike', 80, 100, 15, 'None'),
('Nitroladung', 50, 100, 20, 'Feuer'),
('Notsituation', NULL, 100, 5, 'Normal'),
('Offenlegung', 50, 100, 10, 'Normal'),
('Orkan', 110, 70, 10, 'Flug'),
('Panzerschutz', NULL, NULL, 40, 'Wasser'),
('Patronenhieb', 40, 100, 30, 'None'),
('Pferdestärke', 95, 95, 10, 'Boden'),
('Pflücker', 60, 100, 20, 'Flug'),
('Phantomkraft', 90, 100, 10, 'Geist'),
('Pikser', 35, 100, 35, 'Flug'),
('Pilzspore', NULL, 100, 15, 'Pflanze'),
('Platscher', NULL, NULL, 40, 'Normal'),
('Pollenknödel', 90, 100, 15, 'Käfer'),
('Power-Punch', 150, 100, 20, 'Kampf'),
('Protzer', NULL, NULL, 20, 'Kampf'),
('Prügler', 10, 100, 10, 'None'),
('Psybann', NULL, 90, 10, 'Psycho'),
('Psycho-Plus', NULL, NULL, 10, 'Normal'),
('Psychobeißer', 85, 100, 10, 'Psycho'),
('Psychofeld', NULL, NULL, 10, 'Psycho'),
('Psychokinese', 90, 100, 10, 'Psycho'),
('Psychoklinge', 70, 100, 20, 'Psycho'),
('Psychoschock', 80, 100, 10, 'Psycho'),
('Psychostoß', 100, 100, 10, 'Psycho'),
('Psykraft', NULL, 80, 15, 'Psycho'),
('Psystrahl', 65, 100, 20, 'Psycho'),
('Pulverschnee', 40, 100, 25, 'Eis'),
('Rammboss', NULL, 100, 10, 'None'),
('Rankenhieb', 45, 100, 10, 'Pflanze'),
('Rapidschutz', NULL, NULL, 15, 'Kampf'),
('Rasierblatt', 55, 95, 25, 'Pflanze'),
('Raub', 60, 100, 10, 'None'),
('Rauchwolke', NULL, 100, 20, 'Normal'),
('Rechte Hand', NULL, NULL, 20, 'Normal'),
('Reflektor', NULL, NULL, 20, 'Psycho'),
('Regentanz', NULL, NULL, 5, 'Wasser'),
('Risikotackle', 100, 100, 15, 'Normal'),
('Rollenspiel', NULL, NULL, 10, 'Psycho'),
('Ruckzuckhieb', 40, 100, 30, 'Normal'),
('Ruheort', NULL, NULL, 10, 'Flug'),
('Rundumschutz', NULL, NULL, 10, 'Gestein'),
('Rutenschlag', NULL, 100, 30, 'Normal'),
('Ränkeschmied', NULL, NULL, 20, 'None'),
('Rückentzug', NULL, NULL, 5, 'Normal'),
('Rückenwind', NULL, NULL, 30, 'Flug'),
('Rülpser', 120, 90, 10, 'Gift'),
('Samenbomben', 80, 100, 15, 'Pflanze'),
('Sandgrab', 15, 70, 15, 'Boden'),
('Sandsturm', NULL, NULL, 10, 'Gestein'),
('Sandwirbel', NULL, 100, 15, 'Boden'),
('Scanner', NULL, NULL, 5, 'Kampf'),
('Schallwelle', 90, 100, 10, 'Normal'),
('Schaufler', 100, 100, 10, 'Boden'),
('Schlafpuder', NULL, 75, 15, 'Pflanze'),
('Schlafrede', NULL, NULL, 10, 'Normal'),
('Schlagbohrer', 80, 95, 10, 'Boden'),
('Schlammbad', 65, 100, 20, 'Gift'),
('Schlammwoge', 95, 100, 10, 'Gift'),
('Schlangenblick', NULL, 75, 30, 'Normal'),
('Schlecker', 30, 100, 30, 'Geist'),
('Schleuder', NULL, 100, 10, 'None'),
('Schlitzer', 70, 100, 20, 'Normal'),
('Schmalhorn', 70, NULL, 10, 'None'),
('Schmarotzer', 95, 100, 15, 'None'),
('Schmeichler', NULL, 100, 15, 'None'),
('Schnarcher', 50, 100, 15, 'Normal'),
('Schockwelle', 60, NULL, 20, 'Elektro'),
('Schutzschild', NULL, NULL, 10, 'Normal'),
('Schutztausch', NULL, NULL, 10, 'Psycho'),
('Schwerttanz', NULL, NULL, 30, 'Normal'),
('Schädelwumme', 100, 100, 15, 'Normal'),
('Seher', 120, 90, 15, 'Psycho'),
('Seitentausch', NULL, NULL, 15, 'Psycho'),
('Siedewasser', 80, 100, 15, 'Wasser'),
('Silberblick', NULL, 100, 30, 'Normal'),
('Slam', 80, 75, 20, 'Normal'),
('Smog', 30, 70, 20, 'Gift'),
('Solarklinge', 125, 100, 10, 'Pflanze'),
('Solarstrahl', 120, 100, 10, 'Pflanze'),
('Sondersensor', 80, 100, 30, 'Psycho'),
('Sonnentag', NULL, NULL, 5, 'Feuer'),
('Sorgensamen', NULL, 100, 10, 'Pflanze'),
('Spaßkanone', NULL, 100, 20, 'Normal'),
('Spiegelcape', NULL, 100, 20, 'Psycho'),
('Spotlight', NULL, NULL, 20, 'Normal'),
('Sprungfeder', 85, 85, 5, 'Flug'),
('Spukball', 80, 100, 15, 'Geist'),
('Stachelfinale', 50, 100, 25, 'Käfer'),
('Stachelspore', NULL, 75, 30, 'Pflanze'),
('Stachler', NULL, NULL, 20, 'Boden'),
('Stafette', NULL, NULL, 40, 'Normal'),
('Stahlflügel', 70, 90, 25, 'None'),
('Stampfer', 65, 100, 20, 'Normal'),
('Standpauke', 55, 95, 15, 'None'),
('Steigerungshieb', 40, 100, 20, 'Kampf'),
('Steinhagel', 75, 90, 10, 'Gestein'),
('Steinkante', 100, 80, 5, 'Gestein'),
('Steinpolitur', NULL, NULL, 20, 'Gestein'),
('Steinwurf', 50, 65, 15, 'Gestein'),
('Sternenhieb', 90, 85, 10, 'None'),
('Sternschauer', 60, NULL, 20, 'Normal'),
('Strauchler', NULL, 100, 20, 'Pflanze'),
('Stromstoß', 90, 100, 15, 'Elektro'),
('Sturzflug', 120, 100, 15, 'Flug'),
('Stärke', 80, 100, 15, 'Normal'),
('Superschall', NULL, 55, 20, 'Normal'),
('Superzahn', NULL, 90, 10, 'Normal'),
('Surfer', 90, 100, 15, 'Wasser'),
('Synthese', NULL, NULL, 5, 'Pflanze'),
('Säure', 40, 100, 30, 'Gift'),
('Säurepanzer', NULL, NULL, 40, 'Gift'),
('Säurespeier', 40, 100, 20, 'Gift'),
('Säuselstimme', 40, NULL, 15, 'None'),
('Tackle', 40, 95, 35, 'Normal'),
('Tagedieb', NULL, NULL, 10, 'Normal'),
('Tarnsteine', NULL, NULL, 20, 'Gestein'),
('Taucher', 60, 100, 10, 'Wasser'),
('Taumeltanz', NULL, 100, 20, 'Normal'),
('Teleport', NULL, NULL, 20, 'Psycho'),
('Tempohieb', 40, 100, 30, 'Kampf'),
('Tiefschlag', 70, 100, 5, 'None'),
('Todeskuss', NULL, 75, 10, 'Normal'),
('Toxin', NULL, 85, 10, 'Gift'),
('Traumfresser', 100, 100, 15, 'Psycho'),
('Trickbetrug', NULL, 100, 10, 'Psycho'),
('Triplette', 80, 100, 10, 'Normal'),
('Trugschlag', 40, 100, 40, 'Normal'),
('Trugträne', NULL, 100, 20, 'None'),
('Turbodreher', 50, 100, 40, 'Normal'),
('Turbotempo', 80, 100, 5, 'Normal'),
('Turmkick', 85, 90, 20, 'Kampf'),
('Typenspiegel', NULL, NULL, 15, 'Normal'),
('Umwandlung', NULL, NULL, 30, 'Normal'),
('Vakuumwelle', 40, 100, 30, 'Kampf'),
('Vergeltung', 60, 100, 10, 'Kampf'),
('Verhöhner', NULL, 100, 20, 'None'),
('Verwurzler', NULL, NULL, 20, 'Pflanze'),
('Verzehrer', NULL, NULL, 10, 'Normal'),
('Verzögerung', NULL, 100, 15, 'None'),
('Vielender', 120, 85, 10, 'Käfer'),
('Voltwechsel', 70, 100, 20, 'Elektro'),
('Wachstum', NULL, NULL, 40, 'Normal'),
('Wagemut', NULL, 100, 5, 'Kampf'),
('Walzer', 30, 90, 20, 'Gestein'),
('Wandler', NULL, NULL, 10, 'Normal'),
('Wangenrubbler', 20, 100, 20, 'Elektro'),
('Wasserdüse', 40, 100, 20, 'Wasser'),
('Wasserring', NULL, NULL, 20, 'Wasser'),
('Wechseldich', NULL, 100, 10, 'None'),
('Weichei', NULL, NULL, 10, 'Normal'),
('Weißnebel', NULL, NULL, 30, 'Eis'),
('Whirlpool', 15, 70, 15, 'Wasser'),
('Wickel', 10, 85, 20, 'Normal'),
('Widerhall', 40, 100, 15, 'Normal'),
('Willensleser', NULL, 100, 5, 'Normal'),
('Windhose', 40, 100, 20, 'Drache'),
('Windschnitt', 60, 95, 25, 'Flug'),
('Windstoß', 40, 100, 35, 'Flug'),
('Wirbelwind', NULL, 100, 20, 'Normal'),
('Wirbler', 60, 100, 20, 'None'),
('Wuchtschlag', 100, 50, 5, 'Kampf'),
('Wunderdampf', 90, 95, 10, 'None'),
('Wunderraum', NULL, NULL, 10, 'Psycho'),
('Wutanfall', 90, 100, 15, 'Drache'),
('Wutpulver', NULL, NULL, 20, 'Käfer'),
('Zahltag', 40, 100, 20, 'Normal'),
('Zauberblatt', 60, NULL, 20, 'Pflanze'),
('Zauberschein', 80, 100, 10, 'None'),
('Zen-Kopfstoß', 80, 90, 15, 'Psycho'),
('Zerschneider', 50, 95, 30, 'Normal'),
('Zertrümmerer', 20, 100, 15, 'Kampf'),
('Zielschuss', NULL, 100, 5, 'Normal'),
('Zornklinge', 40, 95, 20, 'Käfer'),
('Zuflucht', 130, 100, 5, 'Normal'),
('Zugabe', NULL, 100, 5, 'Normal'),
('Überflutung', NULL, 100, 20, 'Wasser'),
('Überkopfwurf', 60, 90, 10, 'Kampf'),
('Überroller', 80, 80, 25, 'Kampf'),
('Überwurf', 70, NULL, 10, 'Kampf');

INSERT INTO T_Pokemon (Pokedex_Nr, Pokemon_Name) VALUES
(1, 'Bisasam'),
(2, 'Bisaknosp'),
(3, 'Bisaflor'),
(4, 'Glumanda'),
(5, 'Glutexo'),
(6, 'Glurak'),
(7, 'Schiggy'),
(8, 'Schillok'),
(9, 'Turtok'),
(10, 'Raupy'),
(11, 'Safcon'),
(12, 'Smettbo'),
(13, 'Hornliu'),
(14, 'Kokuna'),
(15, 'Bibor'),
(16, 'Taubsi'),
(17, 'Tauboga'),
(18, 'Tauboss'),
(19, 'Rattfratz'),
(20, 'Rattikarl'),
(21, 'Habitak'),
(22, 'Ibitak'),
(23, 'Rettan'),
(24, 'Arbok'),
(25, 'Pikachu'),
(26, 'Raichu'),
(27, 'Sandan'),
(28, 'Sandamer'),
(29, 'Nidoran♀'),
(30, 'Nidorina'),
(31, 'Nidoqueen'),
(32, 'Nidoran♂'),
(33, 'Nidorino'),
(34, 'Nidoking'),
(35, 'Piepi'),
(36, 'Pixi'),
(37, 'Vulpix'),
(38, 'Vulnona'),
(39, 'Pummeluff'),
(40, 'Knuddeluff'),
(41, 'Zubat'),
(42, 'Golbat'),
(43, 'Myrapla'),
(44, 'Duflor'),
(45, 'Giflor'),
(46, 'Paras'),
(47, 'Parasek'),
(48, 'Bluzuk'),
(49, 'Omot'),
(50, 'Digda'),
(51, 'Digdri'),
(52, 'Mauzi'),
(53, 'Snobilikat'),
(54, 'Enton'),
(55, 'Entoron'),
(56, 'Menki'),
(57, 'Rasaff'),
(58, 'Fukano'),
(59, 'Arkani'),
(60, 'Quapsel'),
(61, 'Quaputzi'),
(62, 'Quappo'),
(63, 'Abra'),
(64, 'Kadabra'),
(65, 'Simsala'),
(66, 'Machollo'),
(67, 'Maschock'),
(68, 'Machomei'),
(69, 'Knofensa'),
(70, 'Ultrigaria'),
(71, 'Sarzenia'),
(72, 'Tentacha'),
(73, 'Tentoxa'),
(74, 'Kleinstein'),
(75, 'Georok'),
(76, 'Geowaz'),
(77, 'Ponita'),
(78, 'Gallopa'),
(79, 'Flegmon'),
(80, 'Lahmus'),
(81, 'Magnetilo'),
(82, 'Magneton'),
(83, 'Porenta'),
(84, 'Dodu'),
(85, 'Dodri'),
(86, 'Jurob'),
(87, 'Jugong'),
(88, 'Sleima'),
(89, 'Sleimok'),
(90, 'Muschas'),
(91, 'Austos'),
(92, 'Nebulak'),
(93, 'Alpollo'),
(94, 'Gengar'),
(95, 'Onix'),
(96, 'Traumato'),
(97, 'Hypno'),
(98, 'Krabby'),
(99, 'Kingler'),
(100, 'Voltobal'),
(101, 'Lektrobal'),
(102, 'Owei'),
(103, 'Kokowei'),
(104, 'Tragosso'),
(105, 'Knogga'),
(106, 'Kicklee'),
(107, 'Nockchan'),
(108, 'Schlurp'),
(109, 'Smogon'),
(110, 'Smogmog'),
(111, 'Rihorn'),
(112, 'Rizeros'),
(113, 'Chaneira'),
(114, 'Tangela'),
(115, 'Kangama'),
(116, 'Seeper'),
(117, 'Seemon'),
(118, 'Goldini'),
(119, 'Golking'),
(120, 'Sterndu'),
(121, 'Starmie'),
(122, 'Pantimos'),
(123, 'Sichlor'),
(124, 'Rossana'),
(125, 'Elektek'),
(126, 'Magmar'),
(127, 'Pinsir'),
(128, 'Tauros'),
(129, 'Karpador'),
(130, 'Garados'),
(131, 'Lapras'),
(132, 'Ditto'),
(133, 'Evoli'),
(134, 'Aquana'),
(135, 'Blitza'),
(136, 'Flamara'),
(137, 'Porygon'),
(138, 'Amonitas'),
(139, 'Amoroso'),
(140, 'Kabuto'),
(141, 'Kabutops'),
(142, 'Aerodactyl'),
(143, 'Relaxo'),
(144, 'Arktos'),
(145, 'Zapdos'),
(146, 'Lavados'),
(147, 'Dratini'),
(148, 'Dragonir'),
(149, 'Dragoran'),
(150, 'Mewtu'),
(151, 'Mew');

INSERT INTO T_Basis_Stats (Pokedex_Nr, KP, Angriff, Verteidigung, Sp_Angriff, Sp_Verteidigung, Initiative) VALUES
(1, 45, 49, 49, 65, 65, 45),
(2, 60, 62, 63, 80, 80, 60),
(3, 80, 82, 83, 100, 100, 80),
(4, 39, 52, 43, 60, 50, 65),
(5, 58, 64, 58, 80, 65, 80),
(6, 78, 84, 78, 109, 85, 100),
(7, 44, 48, 65, 50, 64, 43),
(8, 59, 63, 80, 65, 80, 58),
(9, 79, 83, 100, 85, 105, 78),
(10, 45, 30, 35, 20, 20, 45),
(11, 50, 20, 55, 25, 25, 30),
(12, 60, 45, 50, 90, 80, 70),
(13, 40, 35, 30, 20, 20, 50),
(14, 45, 25, 50, 25, 25, 35),
(15, 65, 90, 40, 45, 80, 75),
(16, 40, 45, 40, 35, 35, 56),
(17, 63, 60, 55, 50, 50, 71),
(18, 83, 80, 75, 70, 70, 101),
(19, 30, 56, 35, 25, 35, 72),
(20, 55, 81, 60, 50, 70, 97),
(21, 40, 60, 30, 31, 31, 70),
(22, 65, 90, 65, 61, 61, 100),
(23, 35, 60, 44, 40, 54, 55),
(24, 60, 95, 69, 65, 79, 80),
(25, 35, 55, 40, 50, 50, 90),
(26, 60, 90, 55, 90, 80, 110),
(27, 50, 75, 85, 20, 30, 40),
(28, 75, 100, 110, 45, 55, 65),
(29, 55, 47, 52, 40, 40, 41),
(30, 70, 62, 67, 55, 55, 56),
(31, 90, 92, 87, 75, 85, 76),
(32, 46, 57, 40, 40, 40, 50),
(33, 61, 72, 57, 55, 55, 65),
(34, 81, 102, 77, 85, 75, 85),
(35, 70, 45, 48, 60, 65, 35),
(36, 95, 70, 73, 95, 90, 60),
(37, 38, 41, 40, 50, 65, 65),
(38, 73, 76, 75, 81, 100, 100),
(39, 115, 45, 20, 45, 25, 20),
(40, 140, 70, 45, 85, 50, 45),
(41, 40, 45, 35, 30, 40, 55),
(42, 75, 80, 70, 65, 75, 90),
(43, 45, 50, 55, 75, 65, 30),
(44, 60, 65, 70, 85, 75, 40),
(45, 75, 80, 85, 110, 90, 50),
(46, 35, 70, 55, 45, 55, 25),
(47, 60, 95, 80, 60, 80, 30),
(48, 60, 55, 50, 40, 55, 45),
(49, 70, 65, 60, 90, 75, 90),
(50, 10, 55, 25, 35, 45, 95),
(51, 35, 100, 50, 50, 70, 120),
(52, 40, 45, 35, 40, 40, 90),
(53, 65, 70, 60, 65, 65, 115),
(54, 50, 52, 48, 65, 50, 55),
(55, 80, 82, 78, 95, 80, 85),
(56, 40, 80, 35, 35, 45, 70),
(57, 65, 105, 60, 60, 70, 95),
(58, 55, 70, 45, 70, 50, 60),
(59, 90, 110, 80, 100, 80, 95),
(60, 40, 50, 40, 40, 40, 90),
(61, 65, 65, 65, 50, 50, 90),
(62, 90, 95, 95, 70, 90, 70),
(63, 25, 20, 15, 105, 55, 90),
(64, 40, 35, 30, 120, 70, 105),
(65, 55, 50, 45, 135, 95, 120),
(66, 70, 80, 50, 35, 35, 35),
(67, 80, 100, 70, 50, 60, 45),
(68, 90, 130, 80, 65, 85, 55),
(69, 50, 75, 35, 70, 30, 40),
(70, 65, 90, 50, 85, 45, 55),
(71, 80, 105, 65, 100, 70, 70),
(72, 40, 40, 35, 50, 100, 70),
(73, 80, 70, 65, 80, 120, 100),
(74, 40, 80, 100, 30, 30, 20),
(75, 55, 95, 115, 45, 45, 35),
(76, 80, 120, 130, 55, 65, 45),
(77, 50, 85, 55, 65, 65, 90),
(78, 65, 100, 70, 80, 80, 105),
(79, 90, 65, 65, 40, 40, 15),
(80, 95, 75, 110, 100, 80, 30),
(81, 25, 35, 70, 95, 55, 45),
(82, 50, 60, 95, 120, 70, 70),
(83, 52, 90, 55, 58, 62, 60),
(84, 35, 85, 45, 35, 35, 75),
(85, 60, 110, 70, 60, 60, 110),
(86, 65, 45, 55, 45, 70, 45),
(87, 90, 70, 80, 70, 95, 70),
(88, 80, 80, 50, 40, 50, 25),
(89, 105, 105, 75, 65, 100, 50),
(90, 30, 65, 100, 45, 25, 40),
(91, 50, 95, 180, 85, 45, 70),
(92, 30, 35, 30, 100, 35, 80),
(93, 45, 50, 45, 115, 55, 95),
(94, 60, 65, 60, 130, 75, 110),
(95, 35, 45, 160, 30, 45, 70),
(96, 60, 48, 45, 43, 90, 42),
(97, 85, 73, 70, 73, 115, 67),
(98, 30, 105, 90, 25, 25, 50),
(99, 55, 130, 115, 50, 50, 75),
(100, 40, 30, 50, 55, 55, 100),
(101, 60, 50, 70, 80, 80, 150),
(102, 60, 40, 80, 60, 45, 40),
(103, 95, 95, 85, 125, 75, 55),
(104, 50, 50, 95, 40, 50, 35),
(105, 60, 80, 110, 50, 80, 45),
(106, 50, 120, 53, 35, 110, 87),
(107, 50, 105, 79, 35, 110, 76),
(108, 90, 55, 75, 60, 75, 30),
(109, 40, 65, 95, 60, 45, 35),
(110, 65, 90, 120, 85, 70, 60),
(111, 80, 85, 95, 30, 30, 25),
(112, 105, 130, 120, 45, 45, 40),
(113, 250, 5, 5, 35, 105, 50),
(114, 65, 55, 115, 100, 40, 60),
(115, 105, 95, 80, 40, 80, 90),
(116, 30, 40, 70, 70, 25, 60),
(117, 55, 65, 95, 95, 45, 85),
(118, 45, 67, 60, 35, 50, 63),
(119, 80, 92, 65, 65, 80, 68),
(120, 30, 45, 55, 70, 55, 85),
(121, 60, 75, 85, 100, 85, 115),
(122, 40, 45, 65, 100, 120, 90),
(123, 70, 110, 80, 55, 80, 105),
(124, 65, 50, 35, 115, 95, 95),
(125, 65, 83, 57, 95, 85, 105),
(126, 65, 95, 57, 100, 85, 93),
(127, 65, 125, 100, 55, 70, 85),
(128, 75, 100, 95, 40, 70, 110),
(129, 20, 10, 55, 15, 20, 80),
(130, 95, 125, 79, 60, 100, 81),
(131, 130, 85, 80, 85, 95, 60),
(132, 48, 48, 48, 48, 48, 48),
(133, 55, 55, 50, 45, 65, 55),
(134, 130, 65, 60, 110, 95, 65),
(135, 65, 65, 60, 110, 95, 130),
(136, 65, 130, 60, 95, 110, 65),
(137, 65, 60, 70, 85, 75, 40),
(138, 35, 40, 100, 90, 55, 35),
(139, 70, 60, 125, 115, 70, 55),
(140, 30, 80, 90, 55, 45, 55),
(141, 60, 115, 105, 65, 70, 80),
(142, 80, 105, 65, 60, 75, 130),
(143, 160, 110, 65, 65, 110, 30),
(144, 90, 85, 100, 95, 125, 85),
(145, 90, 90, 85, 125, 90, 100),
(146, 90, 100, 90, 125, 85, 90),
(147, 41, 64, 45, 50, 50, 50),
(148, 61, 84, 65, 70, 70, 70),
(149, 91, 134, 95, 100, 100, 80),
(150, 106, 110, 90, 154, 90, 130),
(151, 100, 100, 100, 100, 100, 100);

INSERT INTO T_Pokemon_Typen (Pokedex_Nr, Typ_Name) VALUES
(1, 'Pflanze'),
(1, 'Gift'),
(2, 'Pflanze'),
(2, 'Gift'),
(3, 'Pflanze'),
(3, 'Gift'),
(4, 'Feuer'),
(5, 'Feuer'),
(6, 'Feuer'),
(6, 'Flug'),
(7, 'Wasser'),
(8, 'Wasser'),
(9, 'Wasser'),
(10, 'Käfer'),
(11, 'Käfer'),
(12, 'Käfer'),
(12, 'Flug'),
(13, 'Käfer'),
(13, 'Gift'),
(14, 'Käfer'),
(14, 'Gift'),
(15, 'Käfer'),
(15, 'Gift'),
(16, 'Normal'),
(16, 'Flug'),
(17, 'Normal'),
(17, 'Flug'),
(18, 'Normal'),
(18, 'Flug'),
(19, 'Normal'),
(20, 'Normal'),
(21, 'Normal'),
(21, 'Flug'),
(22, 'Normal'),
(22, 'Flug'),
(23, 'Gift'),
(24, 'Gift'),
(25, 'Elektro'),
(26, 'Elektro'),
(27, 'Boden'),
(28, 'Boden'),
(29, 'Gift'),
(30, 'Gift'),
(31, 'Gift'),
(31, 'Boden'),
(32, 'Gift'),
(33, 'Gift'),
(34, 'Gift'),
(34, 'Boden'),
(37, 'Feuer'),
(38, 'Feuer'),
(39, 'Normal'),
(40, 'Normal'),
(41, 'Gift'),
(41, 'Flug'),
(42, 'Gift'),
(42, 'Flug'),
(43, 'Pflanze'),
(43, 'Gift'),
(44, 'Pflanze'),
(44, 'Gift'),
(45, 'Pflanze'),
(45, 'Gift'),
(46, 'Käfer'),
(46, 'Pflanze'),
(47, 'Käfer'),
(47, 'Pflanze'),
(48, 'Käfer'),
(48, 'Gift'),
(49, 'Käfer'),
(49, 'Gift'),
(50, 'Boden'),
(51, 'Boden'),
(52, 'Normal'),
(53, 'Normal'),
(54, 'Wasser'),
(55, 'Wasser'),
(56, 'Kampf'),
(57, 'Kampf'),
(58, 'Feuer'),
(59, 'Feuer'),
(60, 'Wasser'),
(61, 'Wasser'),
(62, 'Wasser'),
(62, 'Kampf'),
(63, 'Psycho'),
(64, 'Psycho'),
(65, 'Psycho'),
(66, 'Kampf'),
(67, 'Kampf'),
(68, 'Kampf'),
(69, 'Pflanze'),
(69, 'Gift'),
(70, 'Pflanze'),
(70, 'Gift'),
(71, 'Pflanze'),
(71, 'Gift'),
(72, 'Wasser'),
(72, 'Gift'),
(73, 'Wasser'),
(73, 'Gift'),
(74, 'Gestein'),
(74, 'Boden'),
(75, 'Gestein'),
(75, 'Boden'),
(76, 'Gestein'),
(76, 'Boden'),
(77, 'Psycho'),
(78, 'Psycho'),
(79, 'Psycho'),
(80, 'Gift'),
(80, 'Psycho'),
(81, 'Elektro'),
(82, 'Elektro'),
(83, 'Kampf'),
(84, 'Normal'),
(84, 'Flug'),
(85, 'Normal'),
(85, 'Flug'),
(86, 'Wasser'),
(87, 'Wasser'),
(87, 'Eis'),
(88, 'Gift'),
(89, 'Gift'),
(90, 'Wasser'),
(91, 'Wasser'),
(91, 'Eis'),
(92, 'Geist'),
(92, 'Gift'),
(93, 'Geist'),
(93, 'Gift'),
(94, 'Geist'),
(94, 'Gift'),
(95, 'Gestein'),
(95, 'Boden'),
(96, 'Psycho'),
(97, 'Psycho'),
(98, 'Wasser'),
(99, 'Wasser'),
(100, 'Elektro'),
(101, 'Elektro'),
(102, 'Pflanze'),
(102, 'Psycho'),
(103, 'Pflanze'),
(103, 'Psycho'),
(104, 'Boden'),
(105, 'Boden'),
(106, 'Kampf'),
(107, 'Kampf'),
(108, 'Normal'),
(109, 'Gift'),
(110, 'Gift'),
(111, 'Boden'),
(111, 'Gestein'),
(112, 'Boden'),
(112, 'Gestein'),
(113, 'Normal'),
(114, 'Pflanze'),
(115, 'Normal'),
(116, 'Wasser'),
(117, 'Wasser'),
(118, 'Wasser'),
(119, 'Wasser'),
(120, 'Wasser'),
(121, 'Wasser'),
(121, 'Psycho'),
(122, 'Eis'),
(122, 'Psycho'),
(123, 'Käfer'),
(123, 'Flug'),
(124, 'Eis'),
(124, 'Psycho'),
(125, 'Elektro'),
(126, 'Feuer'),
(127, 'Käfer'),
(128, 'Normal'),
(129, 'Wasser'),
(130, 'Wasser'),
(130, 'Flug'),
(131, 'Wasser'),
(131, 'Eis'),
(132, 'Normal'),
(133, 'Normal'),
(134, 'Wasser'),
(135, 'Elektro'),
(136, 'Feuer'),
(137, 'Normal'),
(138, 'Gestein'),
(138, 'Wasser'),
(139, 'Gestein'),
(139, 'Wasser'),
(140, 'Gestein'),
(140, 'Wasser'),
(141, 'Gestein'),
(141, 'Wasser'),
(142, 'Gestein'),
(142, 'Flug'),
(143, 'Normal'),
(144, 'Psycho'),
(144, 'Flug'),
(145, 'Kampf'),
(145, 'Flug'),
(146, 'Flug'),
(147, 'Drache'),
(148, 'Drache'),
(149, 'Drache'),
(149, 'Flug'),
(150, 'Psycho'),
(151, 'Psycho');

INSERT INTO T_Evolutions_Methoden (Methode_ID, Methoden_Name, Stein_Name) VALUES
(1, 'schlüpft bei Zucht', NULL),
(2, 'ab Level 16', NULL),
(3, 'ab Level 32', NULL),
(4, 'ab Level 36', NULL),
(5, 'ab Level 7', NULL),
(6, 'ab Level 10', NULL),
(7, 'ab Level 18', NULL),
(8, 'ab Level 20', NULL),
(9, 'ab Level 22', NULL),
(10, 'Stein anwenden', 'Eisstein'),
(11, 'Stein anwenden', 'Mondstein'),
(12, 'Stein anwenden', 'Feuerstein'),
(13, 'ab Level 21', NULL),
(14, 'Stein anwenden', 'Blattstein'),
(15, 'ab Level 24', NULL),
(16, 'ab Level 31', NULL),
(17, 'ab Level 26', NULL),
(18, 'ab Level 33', NULL),
(19, 'ab Level 28', NULL),
(20, 'ab Level 25', NULL),
(21, 'ab Level 30', NULL),
(22, 'nach Tausch', NULL),
(23, 'ab Level 40', NULL),
(24, 'ab Level 37', NULL),
(25, 'ab Level 34', NULL),
(26, 'ab Level 38', NULL),
(27, 'ab Level 42', NULL),
(28, 'ab Level 55', NULL);

INSERT INTO T_Entwicklung (Evolutions_ID, Von_Pokemon_Nr, Zu_Pokemon_Nr, Methode_ID, Level) VALUES
(1, 1, 1, 1, NULL),
(2, 1, 2, 2, 16),
(3, 1, 3, 3, 32),
(4, 2, 1, 1, NULL),
(5, 2, 2, 2, 16),
(6, 2, 3, 3, 32),
(7, 3, 1, 1, NULL),
(8, 3, 2, 2, 16),
(9, 3, 3, 3, 32),
(10, 4, 4, 1, NULL),
(11, 4, 5, 2, 16),
(12, 4, 6, 4, 36),
(13, 5, 4, 1, NULL),
(14, 5, 5, 2, 16),
(15, 5, 6, 4, 36),
(16, 6, 4, 1, NULL),
(17, 6, 5, 2, 16),
(18, 6, 6, 4, 36),
(19, 7, 7, 1, NULL),
(20, 7, 8, 2, 16),
(21, 7, 9, 4, 36),
(22, 8, 7, 1, NULL),
(23, 8, 8, 2, 16),
(24, 8, 9, 4, 36),
(25, 9, 7, 1, NULL),
(26, 9, 8, 2, 16),
(27, 9, 9, 4, 36),
(28, 10, 10, 1, NULL),
(29, 10, 11, 5, 7),
(30, 10, 12, 6, 10),
(31, 11, 10, 1, NULL),
(32, 11, 11, 5, 7),
(33, 11, 12, 6, 10),
(34, 12, 10, 1, NULL),
(35, 12, 11, 5, 7),
(36, 12, 12, 6, 10),
(37, 13, 13, 1, NULL),
(38, 13, 14, 5, 7),
(39, 13, 15, 6, 10),
(40, 14, 13, 1, NULL),
(41, 14, 14, 5, 7),
(42, 14, 15, 6, 10),
(43, 15, 13, 1, NULL),
(44, 15, 14, 5, 7),
(45, 15, 15, 6, 10),
(46, 16, 16, 1, NULL),
(47, 16, 17, 7, 18),
(48, 16, 18, 4, 36),
(49, 17, 16, 1, NULL),
(50, 17, 17, 7, 18),
(51, 17, 18, 4, 36),
(52, 18, 16, 1, NULL),
(53, 18, 17, 7, 18),
(54, 18, 18, 4, 36),
(55, 19, 20, 8, 20),
(56, 20, 20, 8, 20),
(57, 21, 21, 1, NULL),
(58, 21, 22, 8, 20),
(59, 22, 21, 1, NULL),
(60, 22, 22, 8, 20),
(61, 23, 23, 1, NULL),
(62, 23, 24, 9, 22),
(63, 24, 23, 1, NULL),
(64, 24, 24, 9, 22),
(65, 25, 25, 1, NULL),
(66, 25, 25, 1, NULL),
(67, 25, 25, 1, NULL),
(68, 25, 25, 1, NULL),
(69, 25, 25, 1, NULL),
(70, 26, 25, 1, NULL),
(71, 26, 25, 1, NULL),
(72, 26, 25, 1, NULL),
(73, 26, 25, 1, NULL),
(74, 26, 25, 1, NULL),
(75, 27, 28, 9, 22),
(76, 27, 28, 10, NULL),
(77, 28, 28, 9, 22),
(78, 28, 28, 10, NULL),
(79, 29, 29, 1, NULL),
(80, 29, 30, 2, 16),
(81, 29, 31, 11, NULL),
(82, 29, 32, 1, NULL),
(83, 29, 33, 2, 16),
(84, 29, 34, 11, NULL),
(85, 30, 29, 1, NULL),
(86, 30, 30, 2, 16),
(87, 30, 31, 11, NULL),
(88, 30, 32, 1, NULL),
(89, 30, 33, 2, 16),
(90, 30, 34, 11, NULL),
(91, 31, 29, 1, NULL),
(92, 31, 30, 2, 16),
(93, 31, 31, 11, NULL),
(94, 31, 32, 1, NULL),
(95, 31, 33, 2, 16),
(96, 31, 34, 11, NULL),
(97, 32, 29, 1, NULL),
(98, 32, 30, 2, 16),
(99, 32, 31, 11, NULL),
(100, 32, 32, 1, NULL),
(101, 32, 33, 2, 16),
(102, 32, 34, 11, NULL),
(103, 33, 29, 1, NULL),
(104, 33, 30, 2, 16),
(105, 33, 31, 11, NULL),
(106, 33, 32, 1, NULL),
(107, 33, 33, 2, 16),
(108, 33, 34, 11, NULL),
(109, 34, 29, 1, NULL),
(110, 34, 30, 2, 16),
(111, 34, 31, 11, NULL),
(112, 34, 32, 1, NULL),
(113, 34, 33, 2, 16),
(114, 34, 34, 11, NULL),
(115, 35, 36, 11, NULL),
(116, 36, 36, 11, NULL),
(117, 37, 38, 12, NULL),
(118, 37, 38, 10, NULL),
(119, 38, 38, 12, NULL),
(120, 38, 38, 10, NULL),
(121, 39, 40, 11, NULL),
(122, 40, 40, 11, NULL),
(123, 41, 41, 1, NULL),
(124, 41, 42, 9, 22),
(125, 42, 41, 1, NULL),
(126, 42, 42, 9, 22),
(127, 43, 43, 1, NULL),
(128, 43, 44, 13, 21),
(129, 43, 45, 14, NULL),
(130, 44, 43, 1, NULL),
(131, 44, 44, 13, 21),
(132, 44, 45, 14, NULL),
(133, 45, 43, 1, NULL),
(134, 45, 44, 13, 21),
(135, 45, 45, 14, NULL),
(136, 46, 46, 1, NULL),
(137, 46, 47, 15, 24),
(138, 47, 46, 1, NULL),
(139, 47, 47, 15, 24),
(140, 48, 48, 1, NULL),
(141, 48, 49, 16, 31),
(142, 49, 48, 1, NULL),
(143, 49, 49, 16, 31),
(144, 50, 51, 17, 26),
(145, 50, 51, 17, 26),
(146, 51, 51, 17, 26),
(147, 51, 51, 17, 26),
(148, 54, 54, 1, NULL),
(149, 54, 55, 18, 33),
(150, 55, 54, 1, NULL),
(151, 55, 55, 18, 33),
(152, 56, 56, 1, NULL),
(153, 56, 57, 19, 28),
(154, 57, 56, 1, NULL),
(155, 57, 57, 19, 28),
(156, 58, 58, 1, NULL),
(157, 58, 59, 12, NULL),
(158, 58, 59, 12, NULL),
(159, 59, 58, 1, NULL),
(160, 59, 59, 12, NULL),
(161, 59, 59, 12, NULL),
(162, 60, 60, 1, NULL),
(163, 60, 61, 20, 25),
(164, 61, 60, 1, NULL),
(165, 61, 61, 20, 25),
(166, 62, 60, 1, NULL),
(167, 62, 61, 20, 25),
(168, 63, 63, 1, NULL),
(169, 63, 64, 2, 16),
(170, 64, 63, 1, NULL),
(171, 64, 64, 2, 16),
(172, 65, 63, 1, NULL),
(173, 65, 64, 2, 16),
(174, 66, 66, 1, NULL),
(175, 66, 67, 19, 28),
(176, 67, 66, 1, NULL),
(177, 67, 67, 19, 28),
(178, 68, 66, 1, NULL),
(179, 68, 67, 19, 28),
(180, 69, 69, 1, NULL),
(181, 69, 70, 13, 21),
(182, 69, 71, 14, NULL),
(183, 70, 69, 1, NULL),
(184, 70, 70, 13, 21),
(185, 70, 71, 14, NULL),
(186, 71, 69, 1, NULL),
(187, 71, 70, 13, 21),
(188, 71, 71, 14, NULL),
(189, 72, 72, 1, NULL),
(190, 72, 73, 21, 30),
(191, 73, 72, 1, NULL),
(192, 73, 73, 21, 30),
(193, 74, 75, 20, 25),
(194, 74, 75, 20, 25),
(195, 74, 76, 22, NULL),
(196, 75, 75, 20, 25),
(197, 75, 75, 20, 25),
(198, 75, 76, 22, NULL),
(199, 76, 75, 20, 25),
(200, 76, 75, 20, 25),
(201, 76, 76, 22, NULL),
(202, 77, 78, 23, 40),
(203, 77, 78, 23, 40),
(204, 78, 78, 23, 40),
(205, 78, 78, 23, 40),
(206, 79, 80, 24, 37),
(207, 80, 80, 24, 37),
(208, 81, 81, 1, NULL),
(209, 81, 82, 21, 30),
(210, 82, 81, 1, NULL),
(211, 82, 82, 21, 30),
(212, 84, 84, 1, NULL),
(213, 84, 85, 16, 31),
(214, 85, 84, 1, NULL),
(215, 85, 85, 16, 31),
(216, 86, 86, 1, NULL),
(217, 86, 87, 25, 34),
(218, 87, 86, 1, NULL),
(219, 87, 87, 25, 34),
(220, 88, 89, 26, 38),
(221, 88, 89, 26, 38),
(222, 89, 89, 26, 38),
(223, 89, 89, 26, 38),
(224, 90, 90, 1, NULL),
(225, 91, 90, 1, NULL),
(226, 92, 92, 1, NULL),
(227, 92, 93, 20, 25),
(228, 93, 92, 1, NULL),
(229, 93, 93, 20, 25),
(230, 94, 92, 1, NULL),
(231, 94, 93, 20, 25),
(232, 95, 95, 1, NULL),
(233, 96, 96, 1, NULL),
(234, 96, 97, 17, 26),
(235, 97, 96, 1, NULL),
(236, 97, 97, 17, 26),
(237, 98, 98, 1, NULL),
(238, 98, 99, 19, 28),
(239, 99, 98, 1, NULL),
(240, 99, 99, 19, 28),
(241, 100, 100, 1, NULL),
(242, 100, 101, 21, 30),
(243, 100, 101, 14, NULL),
(244, 101, 100, 1, NULL),
(245, 101, 101, 21, 30),
(246, 101, 101, 14, NULL),
(247, 102, 102, 1, NULL),
(248, 103, 102, 1, NULL),
(249, 104, 104, 1, NULL),
(250, 105, 104, 1, NULL),
(251, 106, 106, 8, 20),
(252, 106, 107, 8, 20),
(253, 107, 106, 8, 20),
(254, 107, 107, 8, 20),
(255, 108, 108, 1, NULL),
(256, 109, 109, 1, NULL),
(257, 110, 109, 1, NULL),
(258, 111, 111, 1, NULL),
(259, 111, 112, 27, 42),
(260, 112, 111, 1, NULL),
(261, 112, 112, 27, 42),
(262, 114, 114, 1, NULL),
(263, 115, 115, 1, NULL),
(264, 116, 116, 1, NULL),
(265, 116, 117, 3, 32),
(266, 117, 116, 1, NULL),
(267, 117, 117, 3, 32),
(268, 118, 118, 1, NULL),
(269, 118, 119, 18, 33),
(270, 119, 118, 1, NULL),
(271, 119, 119, 18, 33),
(272, 120, 120, 1, NULL),
(273, 121, 120, 1, NULL),
(274, 123, 123, 1, NULL),
(275, 124, 124, 21, 30),
(276, 125, 125, 21, 30),
(277, 126, 126, 21, 30),
(278, 127, 127, 1, NULL),
(279, 129, 129, 1, NULL),
(280, 129, 130, 8, 20),
(281, 130, 129, 1, NULL),
(282, 130, 130, 8, 20),
(283, 131, 131, 1, NULL),
(284, 132, 132, 1, NULL),
(285, 133, 133, 1, NULL),
(286, 134, 133, 1, NULL),
(287, 135, 133, 1, NULL),
(288, 136, 133, 1, NULL),
(289, 137, 137, 1, NULL),
(290, 138, 138, 1, NULL),
(291, 138, 139, 23, 40),
(292, 139, 138, 1, NULL),
(293, 139, 139, 23, 40),
(294, 140, 140, 1, NULL),
(295, 140, 141, 23, 40),
(296, 141, 140, 1, NULL),
(297, 141, 141, 23, 40),
(298, 142, 142, 1, NULL),
(299, 147, 147, 1, NULL),
(300, 147, 148, 21, 30),
(301, 147, 149, 28, 55),
(302, 148, 147, 1, NULL),
(303, 148, 148, 21, 30),
(304, 148, 149, 28, 55),
(305, 149, 147, 1, NULL),
(306, 149, 148, 21, 30),
(307, 149, 149, 28, 55);

INSERT INTO T_Pokemon_Attacken (Pokedex_Nr, Attacke_Name, Lernmethode_ID) VALUES
(1, 'Heuler', 1),
(1, 'Rankenhieb', 2),
(1, 'Wachstum', 3),
(1, 'Egelsamen', 4),
(1, 'Rasierblatt', 5),
(1, 'Giftpuder', 6),
(1, 'Schlafpuder', 6),
(1, 'Samenbomben', 7),
(1, 'Bodycheck', 8),
(1, 'Lockduft', 9),
(1, 'Synthese', 10),
(1, 'Sorgensamen', 11),
(1, 'Risikotackle', 12),
(1, 'Solarstrahl', 13),
(1, 'Solarstrahl', 14),
(1, 'Lichtschild', 15),
(1, 'Bodyguard', 16),
(1, 'Erholung', 17),
(1, 'Schnarcher', 18),
(1, 'Schutzschild', 19),
(1, 'Gigasauger', 20),
(1, 'Charme', 21),
(1, 'Anziehung', 22),
(1, 'Sonnentag', 23),
(1, 'Fassade', 24),
(1, 'Rechte Hand', 25),
(1, 'Meteorologe', 26),
(1, 'Kugelsaat', 27),
(1, 'Giftschock', 28),
(1, 'Kanon', 29),
(1, 'Grasfeld', 30),
(1, 'Trugschlag', 31),
(1, 'Kugelsaat', 32),
(1, 'Kraftschub', 33),
(1, 'Sonnentag', 14),
(1, 'Lichtschild', 34),
(1, 'Schutzschild', 15),
(1, 'Gigasauger', 16),
(1, 'Bodyguard', 35),
(1, 'Solarstrahl', 36),
(1, 'Doppelteam', 37),
(1, 'Matschbombe', 38),
(1, 'Fassade', 39),
(1, 'Erholung', 40),
(1, 'Anziehung', 41),
(1, 'Energieball', 42),
(1, 'Trugschlag', 43),
(1, 'Ausdauer', 44),
(1, 'Blitz', 45),
(1, 'Schwerttanz', 46),
(1, 'Schlafrede', 47),
(1, 'Strauchler', 48),
(1, 'Angeberei', 49),
(1, 'Delegator', 50),
(1, 'Zerschneider', 51),
(1, 'Stärke', 52),
(1, 'Zertrümmerer', 53),
(1, 'Schwerttanz', 54),
(1, 'Bodyslam', 55),
(1, 'Amnesie', 56),
(1, 'Delegator', 57),
(1, 'Matschbombe', 58),
(1, 'Ausdauer', 59),
(1, 'Schlafrede', 60),
(1, 'Samenbomben', 61),
(1, 'Energieball', 62),
(1, 'Blättersturm', 63),
(1, 'Blattgeißel', 64),
(1, 'Strauchler', 65),
(1, 'Kraftschub', 66),
(2, 'Heuler', 1),
(2, 'Rankenhieb', 1),
(2, 'Wachstum', 1),
(2, 'Egelsamen', 4),
(2, 'Rasierblatt', 5),
(2, 'Giftpuder', 6),
(2, 'Schlafpuder', 6),
(2, 'Samenbomben', 67),
(2, 'Bodycheck', 68),
(2, 'Lockduft', 11),
(2, 'Synthese', 69),
(2, 'Sorgensamen', 70),
(2, 'Risikotackle', 71),
(2, 'Solarstrahl', 72),
(2, 'Solarstrahl', 14),
(2, 'Lichtschild', 15),
(2, 'Bodyguard', 16),
(2, 'Erholung', 17),
(2, 'Schnarcher', 18),
(2, 'Schutzschild', 19),
(2, 'Gigasauger', 20),
(2, 'Charme', 21),
(2, 'Anziehung', 22),
(2, 'Sonnentag', 23),
(2, 'Fassade', 24),
(2, 'Rechte Hand', 25),
(2, 'Meteorologe', 26),
(2, 'Kugelsaat', 27),
(2, 'Giftschock', 28),
(2, 'Kanon', 29),
(2, 'Grasfeld', 30),
(2, 'Trugschlag', 31),
(2, 'Kugelsaat', 32),
(2, 'Kraftschub', 33),
(2, 'Sonnentag', 14),
(2, 'Lichtschild', 34),
(2, 'Schutzschild', 15),
(2, 'Gigasauger', 16),
(2, 'Bodyguard', 35),
(2, 'Solarstrahl', 36),
(2, 'Doppelteam', 37),
(2, 'Matschbombe', 38),
(2, 'Fassade', 39),
(2, 'Erholung', 40),
(2, 'Anziehung', 41),
(2, 'Energieball', 42),
(2, 'Trugschlag', 43),
(2, 'Ausdauer', 44),
(2, 'Blitz', 45),
(2, 'Schwerttanz', 46),
(2, 'Schlafrede', 47),
(2, 'Strauchler', 48),
(2, 'Angeberei', 49),
(2, 'Delegator', 50),
(2, 'Zerschneider', 51),
(2, 'Stärke', 52),
(2, 'Zertrümmerer', 53),
(2, 'Schwerttanz', 54),
(2, 'Bodyslam', 55),
(2, 'Amnesie', 56),
(2, 'Delegator', 57),
(2, 'Matschbombe', 58),
(2, 'Ausdauer', 59),
(2, 'Schlafrede', 60),
(2, 'Samenbomben', 61),
(2, 'Energieball', 62),
(2, 'Blättersturm', 63),
(2, 'Blattgeißel', 64),
(2, 'Strauchler', 65),
(2, 'Kraftschub', 66),
(3, 'Blütenwirbel', 1),
(3, 'Blättertanz', 1),
(3, 'Tackle', 1),
(3, 'Heuler', 1),
(3, 'Rankenhieb', 1),
(3, 'Wachstum', 1),
(3, 'Egelsamen', 4),
(3, 'Rasierblatt', 5),
(3, 'Giftpuder', 6),
(3, 'Schlafpuder', 6),
(3, 'Samenbomben', 67),
(3, 'Bodycheck', 68),
(3, 'Lockduft', 11),
(3, 'Synthese', 73),
(3, 'Sorgensamen', 74),
(3, 'Risikotackle', 75),
(3, 'Solarstrahl', 76),
(3, 'Gigastoß', 32),
(3, 'Zauberblatt', 33),
(3, 'Solarstrahl', 14),
(3, 'Lichtschild', 15),
(3, 'Bodyguard', 16),
(3, 'Erholung', 17),
(3, 'Schnarcher', 18),
(3, 'Schutzschild', 19),
(3, 'Gigasauger', 20),
(3, 'Charme', 21),
(3, 'Anziehung', 22),
(3, 'Sonnentag', 23),
(3, 'Fassade', 24),
(3, 'Rechte Hand', 25),
(3, 'Meteorologe', 26),
(3, 'Kugelsaat', 27),
(3, 'Giftschock', 28),
(3, 'Kanon', 29),
(3, 'Dampfwalze', 77),
(3, 'Grasfeld', 30),
(3, 'Trugschlag', 31),
(3, 'Fruststampfer', 53),
(3, 'Toxin', 78),
(3, 'Kugelsaat', 32),
(3, 'Kraftschub', 33),
(3, 'Sonnentag', 14),
(3, 'Hyperstrahl', 79),
(3, 'Lichtschild', 34),
(3, 'Schutzschild', 15),
(3, 'Gigasauger', 16),
(3, 'Bodyguard', 35),
(3, 'Solarstrahl', 36),
(3, 'Erdbeben', 80),
(3, 'Doppelteam', 37),
(3, 'Matschbombe', 38),
(3, 'Fassade', 39),
(3, 'Erholung', 40),
(3, 'Anziehung', 41),
(3, 'Energieball', 42),
(3, 'Trugschlag', 43),
(3, 'Ausdauer', 44),
(3, 'Gigastoß', 81),
(3, 'Blitz', 45),
(3, 'Schwerttanz', 46),
(3, 'Schlafrede', 47),
(3, 'Dampfwalze', 82),
(3, 'Strauchler', 48),
(3, 'Angeberei', 49),
(3, 'Delegator', 50),
(3, 'Zerschneider', 51),
(3, 'Stärke', 52),
(3, 'Zertrümmerer', 53),
(3, 'Kraxler', 83),
(3, 'Schwerttanz', 54),
(3, 'Bodyslam', 55),
(3, 'Erdbeben', 84),
(3, 'Amnesie', 56),
(3, 'Delegator', 57),
(3, 'Matschbombe', 58),
(3, 'Wutanfall', 85),
(3, 'Ausdauer', 59),
(3, 'Schlafrede', 60),
(3, 'Samenbomben', 61),
(3, 'Energieball', 62),
(3, 'Erdkräfte', 86),
(3, 'Blättersturm', 63),
(3, 'Blattgeißel', 64),
(3, 'Strauchler', 65),
(3, 'Kraftschub', 66),
(4, 'Heuler', 1),
(4, 'Glut', 87),
(4, 'Rauchwolke', 88),
(4, 'Feuerodem', 5),
(4, 'Feuerzahn', 89),
(4, 'Schlitzer', 67),
(4, 'Flammenwurf', 9),
(4, 'Grimasse', 90),
(4, 'Feuerwirbel', 91),
(4, 'Inferno', 13),
(4, 'Flammenblitz', 70),
(4, 'Megakick', 92),
(4, 'Feuerschlag', 93),
(4, 'Donnerschlag', 94),
(4, 'Feuerwirbel', 95),
(4, 'Schaufler', 79),
(4, 'Erholung', 17),
(4, 'Steinhagel', 36),
(4, 'Schnarcher', 18),
(4, 'Schutzschild', 19),
(4, 'Grimasse', 80),
(4, 'Anziehung', 22),
(4, 'Sonnentag', 23),
(4, 'Prügler', 96),
(4, 'Irrlicht', 97),
(4, 'Fassade', 24),
(4, 'Sternschauer', 98),
(4, 'Rechte Hand', 25),
(4, 'Durchbruch', 99),
(4, 'Meteorologe', 26),
(4, 'Felsgrab', 100),
(4, 'Schleuder', 101),
(4, 'Dunkelklaue', 102),
(4, 'Feuerzahn', 81),
(4, 'Kanon', 29),
(4, 'Akrobatik', 103),
(4, 'Trugschlag', 31),
(4, 'Drachenklaue', 104),
(4, 'Kraftschub', 33),
(4, 'Sonnentag', 14),
(4, 'Schutzschild', 15),
(4, 'Eisenschweif', 105),
(4, 'Schaufler', 20),
(4, 'Durchbruch', 22),
(4, 'Doppelteam', 37),
(4, 'Flammenwurf', 106),
(4, 'Feuersturm', 97),
(4, 'Felsgrab', 24),
(4, 'Aero-Ass', 98),
(4, 'Fassade', 39),
(4, 'Erholung', 40),
(4, 'Anziehung', 41),
(4, 'Hitzekoller', 27),
(4, 'Trugschlag', 43),
(4, 'Schleuder', 107),
(4, 'Ausdauer', 44),
(4, 'Drachenpuls', 101),
(4, 'Irrlicht', 108),
(4, 'Schwerttanz', 46),
(4, 'Steinhagel', 109),
(4, 'Schlafrede', 47),
(4, 'Angeberei', 49),
(4, 'Delegator', 50),
(4, 'Zerschneider', 51),
(4, 'Stärke', 52),
(4, 'Zertrümmerer', 53),
(4, 'Schwerttanz', 54),
(4, 'Bodyslam', 55),
(4, 'Flammenwurf', 110),
(4, 'Feuersturm', 111),
(4, 'Delegator', 57),
(4, 'Wutanfall', 85),
(4, 'Ausdauer', 59),
(4, 'Schlafrede', 60),
(4, 'Eisenschweif', 112),
(4, 'Knirscher', 113),
(4, 'Hitzewelle', 114),
(4, 'Hitzekoller', 115),
(4, 'Drachenklaue', 116),
(4, 'Drachentanz', 117),
(4, 'Flammenblitz', 118),
(4, 'Drachenpuls', 119),
(4, 'Kraftschub', 66),
(5, 'Heuler', 1),
(5, 'Glut', 1),
(5, 'Rauchwolke', 1),
(5, 'Feuerodem', 5),
(5, 'Feuerzahn', 120),
(5, 'Schlitzer', 9),
(5, 'Flammenwurf', 11),
(5, 'Grimasse', 73),
(5, 'Feuerwirbel', 121),
(5, 'Inferno', 122),
(5, 'Flammenblitz', 123),
(5, 'Megakick', 92),
(5, 'Feuerschlag', 93),
(5, 'Donnerschlag', 94),
(5, 'Feuerwirbel', 95),
(5, 'Schaufler', 79),
(5, 'Erholung', 17),
(5, 'Steinhagel', 36),
(5, 'Schnarcher', 18),
(5, 'Schutzschild', 19),
(5, 'Grimasse', 80),
(5, 'Anziehung', 22),
(5, 'Sonnentag', 23),
(5, 'Prügler', 96),
(5, 'Irrlicht', 97),
(5, 'Fassade', 24),
(5, 'Sternschauer', 98),
(5, 'Rechte Hand', 25),
(5, 'Durchbruch', 99),
(5, 'Meteorologe', 26),
(5, 'Felsgrab', 100),
(5, 'Schleuder', 101),
(5, 'Dunkelklaue', 102),
(5, 'Feuerzahn', 81),
(5, 'Kanon', 29),
(5, 'Akrobatik', 103),
(5, 'Trugschlag', 31),
(5, 'Drachenklaue', 104),
(5, 'Kraftschub', 33),
(5, 'Sonnentag', 14),
(5, 'Schutzschild', 15),
(5, 'Eisenschweif', 105),
(5, 'Schaufler', 20),
(5, 'Durchbruch', 22),
(5, 'Doppelteam', 37),
(5, 'Flammenwurf', 106),
(5, 'Feuersturm', 97),
(5, 'Felsgrab', 24),
(5, 'Aero-Ass', 98),
(5, 'Fassade', 39),
(5, 'Erholung', 40),
(5, 'Anziehung', 41),
(5, 'Hitzekoller', 27),
(5, 'Trugschlag', 43),
(5, 'Schleuder', 107),
(5, 'Ausdauer', 44),
(5, 'Drachenpuls', 101),
(5, 'Irrlicht', 108),
(5, 'Schwerttanz', 46),
(5, 'Steinhagel', 109),
(5, 'Schlafrede', 47),
(5, 'Angeberei', 49),
(5, 'Delegator', 50),
(5, 'Zerschneider', 51),
(5, 'Stärke', 52),
(5, 'Zertrümmerer', 53),
(5, 'Schwerttanz', 54),
(5, 'Bodyslam', 55),
(5, 'Flammenwurf', 110),
(5, 'Feuersturm', 111),
(5, 'Delegator', 57),
(5, 'Wutanfall', 85),
(5, 'Ausdauer', 59),
(5, 'Schlafrede', 60),
(5, 'Eisenschweif', 112),
(5, 'Knirscher', 113),
(5, 'Hitzewelle', 114),
(5, 'Hitzekoller', 115),
(5, 'Drachenklaue', 116),
(5, 'Drachentanz', 117),
(5, 'Flammenblitz', 118),
(5, 'Drachenpuls', 119),
(5, 'Kraftschub', 66),
(6, 'Luftschnitt', 1),
(6, 'Drachenklaue', 1),
(6, 'Hitzewelle', 1),
(6, 'Kratzer', 1),
(6, 'Heuler', 1),
(6, 'Glut', 1),
(6, 'Rauchwolke', 1),
(6, 'Feuerodem', 5),
(6, 'Feuerzahn', 120),
(6, 'Schlitzer', 9),
(6, 'Flammenwurf', 11),
(6, 'Grimasse', 124),
(6, 'Feuerwirbel', 125),
(6, 'Inferno', 123),
(6, 'Flammenblitz', 126),
(6, 'Megakick', 92),
(6, 'Feuerschlag', 93),
(6, 'Donnerschlag', 94),
(6, 'Fliegen', 78),
(6, 'Hyperstrahl', 127),
(6, 'Gigastoß', 32),
(6, 'Solarstrahl', 14),
(6, 'Feuerwirbel', 95),
(6, 'Schaufler', 79),
(6, 'Erholung', 17),
(6, 'Steinhagel', 36),
(6, 'Schnarcher', 18),
(6, 'Schutzschild', 19),
(6, 'Grimasse', 80),
(6, 'Stahlflügel', 128),
(6, 'Anziehung', 22),
(6, 'Sonnentag', 23),
(6, 'Prügler', 96),
(6, 'Irrlicht', 97),
(6, 'Fassade', 24),
(6, 'Sternschauer', 98),
(6, 'Rechte Hand', 25),
(6, 'Durchbruch', 99),
(6, 'Meteorologe', 26),
(6, 'Felsgrab', 100),
(6, 'Schleuder', 101),
(6, 'Dunkelklaue', 102),
(6, 'Feuerzahn', 81),
(6, 'Kanon', 29),
(6, 'Akrobatik', 103),
(6, 'Dampfwalze', 77),
(6, 'Magieflamme', 129),
(6, 'Trugschlag', 31),
(6, 'Luftschnitt', 130),
(6, 'Wirbler', 131),
(6, 'Breitseite', 132),
(6, 'Drachenklaue', 104),
(6, 'Brüller', 94),
(6, 'Kraftschub', 33),
(6, 'Sonnentag', 14),
(6, 'Hyperstrahl', 79),
(6, 'Schutzschild', 15),
(6, 'Solarstrahl', 36),
(6, 'Eisenschweif', 105),
(6, 'Erdbeben', 80),
(6, 'Schaufler', 20),
(6, 'Durchbruch', 22),
(6, 'Doppelteam', 37),
(6, 'Flammenwurf', 106),
(6, 'Feuersturm', 97),
(6, 'Felsgrab', 24),
(6, 'Aero-Ass', 98),
(6, 'Fassade', 39),
(6, 'Erholung', 40),
(6, 'Anziehung', 41),
(6, 'Stahlflügel', 133),
(6, 'Hitzekoller', 27),
(6, 'Ruheort', 134),
(6, 'Fokusstoß', 135),
(6, 'Trugschlag', 43),
(6, 'Schleuder', 107),
(6, 'Ausdauer', 44),
(6, 'Drachenpuls', 101),
(6, 'Irrlicht', 108),
(6, 'Gigastoß', 81),
(6, 'Schwerttanz', 46),
(6, 'Steinhagel', 109),
(6, 'Schlafrede', 47),
(6, 'Dampfwalze', 82),
(6, 'Angeberei', 49),
(6, 'Delegator', 50),
(6, 'Zerschneider', 51),
(6, 'Fliegen', 31),
(6, 'Stärke', 52),
(6, 'Zertrümmerer', 53),
(6, 'Schwerttanz', 54),
(6, 'Bodyslam', 55),
(6, 'Flammenwurf', 110),
(6, 'Erdbeben', 84),
(6, 'Feuersturm', 111),
(6, 'Delegator', 57),
(6, 'Wutanfall', 85),
(6, 'Ausdauer', 59),
(6, 'Schlafrede', 60),
(6, 'Eisenschweif', 112),
(6, 'Knirscher', 113),
(6, 'Hitzewelle', 114),
(6, 'Feuerfeger', 136),
(6, 'Hitzekoller', 115),
(6, 'Drachenklaue', 116),
(6, 'Drachentanz', 117),
(6, 'Flammenblitz', 118),
(6, 'Drachenpuls', 119);

INSERT INTO T_Pokemon_Attacken (Pokedex_Nr, Attacke_Name, Lernmethode_ID) VALUES
(6, 'Fokusstoß', 137),
(6, 'Kraftschub', 66),
(6, 'Brandstempel', 138),
(6, 'Orkan', 139),
(7, 'Rutenschlag', 1),
(7, 'Aquaknarre', 2),
(7, 'Panzerschutz', 3),
(7, 'Turbodreher', 4),
(7, 'Biss', 5),
(7, 'Aquawelle', 6),
(7, 'Schutzschild', 7),
(7, 'Regentanz', 8),
(7, 'Nassschweif', 9),
(7, 'Hausbruch', 10),
(7, 'Eisenabwehr', 11),
(7, 'Hydropumpe', 12),
(7, 'Schädelwumme', 13),
(7, 'Megakick', 92),
(7, 'Eishieb', 140),
(7, 'Schaufler', 79),
(7, 'Erholung', 17),
(7, 'Schnarcher', 18),
(7, 'Schutzschild', 19),
(7, 'Eissturm', 141),
(7, 'Anziehung', 22),
(7, 'Regentanz', 142),
(7, 'Hagelsturm', 106),
(7, 'Whirlpool', 38),
(7, 'Fassade', 24),
(7, 'Rechte Hand', 25),
(7, 'Durchbruch', 99),
(7, 'Taucher', 41),
(7, 'Meteorologe', 26),
(7, 'Felsgrab', 100),
(7, 'Lake', 143),
(7, 'Schleuder', 101),
(7, 'Kanon', 29),
(7, 'Trugschlag', 31),
(7, 'Aquawelle', 93),
(7, 'Hagelsturm', 144),
(7, 'Kraftschub', 33),
(7, 'Eisstrahl', 95),
(7, 'Blizzard', 145),
(7, 'Schutzschild', 15),
(7, 'Regentanz', 146),
(7, 'Eisenschweif', 105),
(7, 'Schaufler', 20),
(7, 'Durchbruch', 22),
(7, 'Doppelteam', 37),
(7, 'Felsgrab', 24),
(7, 'Fassade', 39),
(7, 'Erholung', 40),
(7, 'Anziehung', 41),
(7, 'Siedewasser', 147),
(7, 'Trugschlag', 43),
(7, 'Schleuder', 107),
(7, 'Ausdauer', 44),
(7, 'Drachenpuls', 101),
(7, 'Gyroball', 28),
(7, 'Schlafrede', 47),
(7, 'Angeberei', 49),
(7, 'Delegator', 50),
(7, 'Surfer', 130),
(7, 'Stärke', 52),
(7, 'Zertrümmerer', 53),
(7, 'Kaskade', 132),
(7, 'Bodyslam', 55),
(7, 'Hydropumpe', 148),
(7, 'Surfer', 149),
(7, 'Eisstrahl', 150),
(7, 'Blizzard', 151),
(7, 'Kaskade', 152),
(7, 'Delegator', 57),
(7, 'Ausdauer', 59),
(7, 'Schlafrede', 60),
(7, 'Eisenschweif', 112),
(7, 'Lehmbrühe', 153),
(7, 'Eisenabwehr', 154),
(7, 'Gyroball', 155),
(7, 'Aurasphäre', 156),
(7, 'Drachenpuls', 119),
(7, 'Zen-Kopfstoß', 157),
(7, 'Siedewasser', 158),
(7, 'Kraftschub', 66),
(8, 'Rutenschlag', 1),
(8, 'Aquaknarre', 1),
(8, 'Panzerschutz', 1),
(8, 'Turbodreher', 4),
(8, 'Biss', 5),
(8, 'Aquawelle', 6),
(8, 'Schutzschild', 67),
(8, 'Regentanz', 68),
(8, 'Nassschweif', 11),
(8, 'Hausbruch', 69),
(8, 'Eisenabwehr', 70),
(8, 'Hydropumpe', 71),
(8, 'Schädelwumme', 72),
(8, 'Megakick', 92),
(8, 'Eishieb', 140),
(8, 'Schaufler', 79),
(8, 'Erholung', 17),
(8, 'Schnarcher', 18),
(8, 'Schutzschild', 19),
(8, 'Eissturm', 141),
(8, 'Anziehung', 22),
(8, 'Regentanz', 142),
(8, 'Hagelsturm', 106),
(8, 'Whirlpool', 38),
(8, 'Fassade', 24),
(8, 'Rechte Hand', 25),
(8, 'Durchbruch', 99),
(8, 'Taucher', 41),
(8, 'Meteorologe', 26),
(8, 'Felsgrab', 100),
(8, 'Lake', 143),
(8, 'Schleuder', 101),
(8, 'Kanon', 29),
(8, 'Trugschlag', 31),
(8, 'Aquawelle', 93),
(8, 'Hagelsturm', 144),
(8, 'Kraftschub', 33),
(8, 'Eisstrahl', 95),
(8, 'Blizzard', 145),
(8, 'Schutzschild', 15),
(8, 'Regentanz', 146),
(8, 'Eisenschweif', 105),
(8, 'Schaufler', 20),
(8, 'Durchbruch', 22),
(8, 'Doppelteam', 37),
(8, 'Felsgrab', 24),
(8, 'Fassade', 39),
(8, 'Erholung', 40),
(8, 'Anziehung', 41),
(8, 'Siedewasser', 147),
(8, 'Trugschlag', 43),
(8, 'Schleuder', 107),
(8, 'Ausdauer', 44),
(8, 'Drachenpuls', 101),
(8, 'Gyroball', 28),
(8, 'Schlafrede', 47),
(8, 'Angeberei', 49),
(8, 'Delegator', 50),
(8, 'Surfer', 130),
(8, 'Stärke', 52),
(8, 'Zertrümmerer', 53),
(8, 'Kaskade', 132),
(8, 'Bodyslam', 55),
(8, 'Hydropumpe', 148),
(8, 'Surfer', 149),
(8, 'Eisstrahl', 150),
(8, 'Blizzard', 151),
(8, 'Kaskade', 152),
(8, 'Delegator', 57),
(8, 'Ausdauer', 59),
(8, 'Schlafrede', 60),
(8, 'Eisenschweif', 112),
(8, 'Lehmbrühe', 153),
(8, 'Eisenabwehr', 154),
(8, 'Gyroball', 155),
(8, 'Aurasphäre', 156),
(8, 'Drachenpuls', 119),
(8, 'Zen-Kopfstoß', 157),
(8, 'Siedewasser', 158),
(8, 'Kraftschub', 66),
(9, 'Lichtkanone', 1),
(9, 'Tackle', 1),
(9, 'Rutenschlag', 1),
(9, 'Aquaknarre', 1),
(9, 'Panzerschutz', 1),
(9, 'Turbodreher', 4),
(9, 'Biss', 5),
(9, 'Aquawelle', 6),
(9, 'Schutzschild', 67),
(9, 'Regentanz', 68),
(9, 'Nassschweif', 11),
(9, 'Hausbruch', 69),
(9, 'Eisenabwehr', 121),
(9, 'Hydropumpe', 159),
(9, 'Schädelwumme', 160),
(9, 'Megakick', 92),
(9, 'Eishieb', 140),
(9, 'Hyperstrahl', 127),
(9, 'Gigastoß', 32),
(9, 'Schaufler', 79),
(9, 'Erholung', 17),
(9, 'Steinhagel', 36),
(9, 'Schnarcher', 18),
(9, 'Schutzschild', 19),
(9, 'Eissturm', 141),
(9, 'Anziehung', 22),
(9, 'Regentanz', 142),
(9, 'Hagelsturm', 106),
(9, 'Whirlpool', 38),
(9, 'Fassade', 24),
(9, 'Rechte Hand', 25),
(9, 'Durchbruch', 99),
(9, 'Taucher', 41),
(9, 'Meteorologe', 26),
(9, 'Felsgrab', 100),
(9, 'Lake', 143),
(9, 'Schleuder', 101),
(9, 'Lawine', 161),
(9, 'Kanon', 29),
(9, 'Dampfwalze', 77),
(9, 'Trugschlag', 31),
(9, 'Aquawelle', 93),
(9, 'Brüller', 94),
(9, 'Hagelsturm', 144),
(9, 'Kraftschub', 33),
(9, 'Eisstrahl', 95),
(9, 'Blizzard', 145),
(9, 'Hyperstrahl', 79),
(9, 'Schutzschild', 15),
(9, 'Regentanz', 146),
(9, 'Eisenschweif', 105),
(9, 'Erdbeben', 80),
(9, 'Schaufler', 20),
(9, 'Durchbruch', 22),
(9, 'Doppelteam', 37),
(9, 'Felsgrab', 24),
(9, 'Fassade', 39),
(9, 'Erholung', 40),
(9, 'Anziehung', 41),
(9, 'Siedewasser', 147),
(9, 'Fokusstoß', 135),
(9, 'Trugschlag', 43),
(9, 'Schleuder', 107),
(9, 'Ausdauer', 44),
(9, 'Drachenpuls', 101),
(9, 'Gigastoß', 81),
(9, 'Lawine', 162),
(9, 'Gyroball', 28),
(9, 'Finsteraura', 163),
(9, 'Steinhagel', 109),
(9, 'Schlafrede', 47),
(9, 'Dampfwalze', 82),
(9, 'Angeberei', 49),
(9, 'Delegator', 50),
(9, 'Lichtkanone', 164),
(9, 'Surfer', 130),
(9, 'Stärke', 52),
(9, 'Zertrümmerer', 53),
(9, 'Kaskade', 132),
(9, 'Kraxler', 83),
(9, 'Bodyslam', 55),
(9, 'Hydropumpe', 148),
(9, 'Surfer', 149),
(9, 'Eisstrahl', 150),
(9, 'Blizzard', 151),
(9, 'Erdbeben', 84),
(9, 'Kaskade', 152),
(9, 'Delegator', 57),
(9, 'Wutanfall', 85),
(9, 'Ausdauer', 59),
(9, 'Schlafrede', 60),
(9, 'Eisenschweif', 112),
(9, 'Knirscher', 113),
(9, 'Lehmbrühe', 153),
(9, 'Eisenabwehr', 154),
(9, 'Gyroball', 155),
(9, 'Aurasphäre', 156),
(9, 'Finsteraura', 165),
(9, 'Drachenpuls', 119),
(9, 'Fokusstoß', 137),
(9, 'Zen-Kopfstoß', 157),
(9, 'Lichtkanone', 166),
(9, 'Siedewasser', 158),
(9, 'Kraftschub', 66),
(9, 'Aquadurchstoß', 167),
(9, 'Body Press', 168),
(10, 'Fadenschuss', 1),
(10, 'Käferbiss', 4),
(11, 'Härtner', 1),
(11, 'Eisenabwehr', 154),
(12, 'Windstoß', 1),
(12, 'Härtner', 1),
(12, 'Tackle', 1),
(12, 'Fadenschuss', 1),
(12, 'Käferbiss', 1),
(12, 'Superschall', 87),
(12, 'Konfusion', 88),
(12, 'Giftpuder', 5),
(12, 'Stachelspore', 5),
(12, 'Schlafpuder', 5),
(12, 'Psystrahl', 169),
(12, 'Wirbelwind', 67),
(12, 'Luftschnitt', 9),
(12, 'Bodyguard', 90),
(12, 'Käfergebrumm', 91),
(12, 'Rückenwind', 13),
(12, 'Wutpulver', 70),
(12, 'Falterreigen', 74),
(12, 'Gigastoß', 32),
(12, 'Solarstrahl', 14),
(12, 'Bodyguard', 16),
(12, 'Erholung', 17),
(12, 'Raub', 105),
(12, 'Schnarcher', 18),
(12, 'Schutzschild', 19),
(12, 'Gigasauger', 20),
(12, 'Anziehung', 22),
(12, 'Regentanz', 142),
(12, 'Sonnentag', 23),
(12, 'Fassade', 24),
(12, 'Sternschauer', 98),
(12, 'Kehrtwende', 107),
(12, 'Giftschock', 28),
(12, 'Kanon', 29),
(12, 'Akrobatik', 103),
(12, 'Elektronetz', 47),
(12, 'Diebeskuss', 49),
(12, 'Luftschnitt', 130),
(12, 'Hyperstrahl', 79),
(12, 'Schutzschild', 15),
(12, 'Regentanz', 146),
(12, 'Gigasauger', 16),
(12, 'Bodyguard', 35),
(12, 'Solarstrahl', 36),
(12, 'Psychokinese', 21),
(12, 'Spukball', 128),
(12, 'Doppelteam', 37),
(12, 'Aero-Ass', 98),
(12, 'Fassade', 39),
(12, 'Erholung', 40),
(12, 'Anziehung', 41),
(12, 'Raub', 26),
(12, 'Fähigkeitstausch', 100),
(12, 'Ruheort', 134),
(12, 'Energieball', 42),
(12, 'Ausdauer', 44),
(12, 'Käfergebrumm', 170),
(12, 'Gigastoß', 81),
(12, 'Blitz', 45),
(12, 'Psycho-Plus', 171),
(12, 'Schlafrede', 47),
(12, 'Traumfresser', 172),
(12, 'Angeberei', 49),
(12, 'Kehrtwende', 173),
(12, 'Delegator', 50),
(12, 'Auflockern', 131),
(12, 'Psychokinese', 174),
(12, 'Delegator', 57),
(12, 'Ausdauer', 59),
(12, 'Schlafrede', 60),
(12, 'Stafette', 175),
(12, 'Spukball', 176),
(12, 'Fähigkeitstausch', 177),
(12, 'Eisenabwehr', 154),
(12, 'Käfergebrumm', 178),
(12, 'Energieball', 62),
(12, 'Orkan', 139),
(12, 'Pollenknödel', 179),
(13, 'Fadenschuss', 1),
(13, 'Käferbiss', 4),
(14, 'Härtner', 1),
(15, 'Käferbiss', 1),
(15, 'Furienschlag', 1),
(15, 'Giftstachel', 1),
(15, 'Fadenschuss', 1),
(15, 'Härtner', 1),
(15, 'Zornklinge', 180),
(15, 'Konzentration', 181),
(15, 'Giftstachel', 89),
(15, 'Energiefokus', 67),
(15, 'Giftschock', 182),
(15, 'Gewissheit', 183),
(15, 'Giftspitzen', 184),
(15, 'Nadelrakete', 91),
(15, 'Gifthieb', 69),
(15, 'Agilität', 185),
(15, 'Notsituation', 186),
(15, 'Stachelfinale', 74),
(15, 'Hyperstrahl', 79),
(15, 'Schutzschild', 15),
(15, 'Gigasauger', 16),
(15, 'Solarstrahl', 36),
(15, 'Durchbruch', 22),
(15, 'Doppelteam', 37),
(15, 'Matschbombe', 38),
(15, 'Aero-Ass', 98),
(15, 'Fassade', 39),
(15, 'Erholung', 40),
(15, 'Anziehung', 41),
(15, 'Raub', 26),
(15, 'Ruheort', 134),
(15, 'Trugschlag', 43),
(15, 'Ausdauer', 44),
(15, 'Gegenstoß', 187),
(15, 'Gigastoß', 81),
(15, 'Blitz', 45),
(15, 'Schwerttanz', 46),
(15, 'Kreuzschere', 77),
(15, 'Schlafrede', 47),
(15, 'Gifthieb', 188),
(15, 'Angeberei', 49),
(15, 'Kehrtwende', 173),
(15, 'Delegator', 50),
(15, 'Zerschneider', 51),
(15, 'Auflockern', 131),
(15, 'Zertrümmerer', 53),
(16, 'Sandwirbel', 189),
(16, 'Windstoß', 4),
(16, 'Ruckzuckhieb', 190),
(16, 'Wirbelwind', 89),
(16, 'Windhose', 8),
(16, 'Daunenreigen', 68),
(16, 'Agilität', 184),
(16, 'Flügelschlag', 12),
(16, 'Ruheort', 73),
(16, 'Rückenwind', 186),
(16, 'Aero-Ass', 71),
(16, 'Luftschnitt', 159),
(16, 'Orkan', 191),
(16, 'Sonnentag', 14),
(16, 'Schutzschild', 15),
(16, 'Regentanz', 146),
(16, 'Doppelteam', 37),
(16, 'Aero-Ass', 98),
(16, 'Fassade', 39),
(16, 'Erholung', 40),
(16, 'Anziehung', 41),
(16, 'Raub', 26),
(16, 'Stahlflügel', 133),
(16, 'Ruheort', 134),
(16, 'Ausdauer', 44),
(16, 'Schlafrede', 47),
(16, 'Angeberei', 49),
(16, 'Pflücker', 30),
(16, 'Kehrtwende', 173),
(16, 'Delegator', 50),
(16, 'Fliegen', 31),
(16, 'Auflockern', 131),
(17, 'Sandwirbel', 1),
(17, 'Windstoß', 1),
(17, 'Sandwirbel', 189),
(17, 'Windstoß', 4),
(17, 'Ruckzuckhieb', 190),
(17, 'Wirbelwind', 89),
(17, 'Windhose', 192),
(17, 'Daunenreigen', 10),
(17, 'Agilität', 91),
(17, 'Flügelschlag', 73),
(17, 'Ruheort', 121),
(17, 'Rückenwind', 193),
(17, 'Aero-Ass', 194),
(17, 'Luftschnitt', 195),
(17, 'Orkan', 126),
(17, 'Sonnentag', 14),
(17, 'Schutzschild', 15),
(17, 'Regentanz', 146),
(17, 'Doppelteam', 37),
(17, 'Aero-Ass', 98),
(17, 'Fassade', 39),
(17, 'Erholung', 40),
(17, 'Anziehung', 41),
(17, 'Raub', 26),
(17, 'Stahlflügel', 133),
(17, 'Ruheort', 134),
(17, 'Ausdauer', 44),
(17, 'Schlafrede', 47),
(17, 'Angeberei', 49),
(17, 'Pflücker', 30),
(17, 'Kehrtwende', 173),
(17, 'Delegator', 50),
(17, 'Fliegen', 31),
(17, 'Auflockern', 131),
(18, 'Tackle', 1),
(18, 'Sandwirbel', 1),
(18, 'Windstoß', 1),
(18, 'Ruckzuckhieb', 1),
(18, 'Sandwirbel', 189),
(18, 'Windstoß', 4),
(18, 'Ruckzuckhieb', 190),
(18, 'Wirbelwind', 89),
(18, 'Windhose', 192),
(18, 'Daunenreigen', 10),
(18, 'Agilität', 91),
(18, 'Flügelschlag', 185),
(18, 'Ruheort', 74),
(18, 'Rückenwind', 72),
(18, 'Aero-Ass', 160),
(18, 'Luftschnitt', 126),
(18, 'Orkan', 196),
(18, 'Sonnentag', 14),
(18, 'Hyperstrahl', 79),
(18, 'Schutzschild', 15),
(18, 'Regentanz', 146),
(18, 'Doppelteam', 37),
(18, 'Aero-Ass', 98),
(18, 'Fassade', 39),
(18, 'Erholung', 40),
(18, 'Anziehung', 41),
(18, 'Raub', 26),
(18, 'Stahlflügel', 133),
(18, 'Ruheort', 134),
(18, 'Ausdauer', 44),
(18, 'Gigastoß', 81),
(18, 'Schlafrede', 47),
(18, 'Angeberei', 49),
(18, 'Pflücker', 30);

INSERT INTO T_Pokemon_Attacken (Pokedex_Nr, Attacke_Name, Lernmethode_ID) VALUES
(18, 'Kehrtwende', 173),
(18, 'Delegator', 50),
(18, 'Fliegen', 31),
(18, 'Auflockern', 131),
(19, 'Rutenschlag', 1),
(19, 'Ruckzuckhieb', 87),
(19, 'Energiefokus', 197),
(19, 'Biss', 198),
(19, 'Konzentration', 190),
(19, 'Bodycheck', 169),
(19, 'Gewissheit', 120),
(19, 'Knirscher', 192),
(19, 'Tiefschlag', 68),
(19, 'Superzahn', 90),
(19, 'Risikotackle', 199),
(19, 'Notsituation', 200),
(19, 'Sonnentag', 14),
(19, 'Verhöhner', 201),
(19, 'Eisstrahl', 95),
(19, 'Blizzard', 145),
(19, 'Schutzschild', 15),
(19, 'Regentanz', 146),
(19, 'Eisenschweif', 105),
(19, 'Donnerblitz', 18),
(19, 'Donner', 19),
(19, 'Schaufler', 20),
(19, 'Spukball', 128),
(19, 'Doppelteam', 37),
(19, 'Schockwelle', 23),
(19, 'Matschbombe', 38),
(19, 'Fassade', 39),
(19, 'Erholung', 40),
(19, 'Anziehung', 41),
(19, 'Raub', 26),
(19, 'Ladestrahl', 202),
(19, 'Ausdauer', 44),
(19, 'Donnerwelle', 203),
(19, 'Schlafrede', 47),
(19, 'Strauchler', 48),
(19, 'Angeberei', 49),
(19, 'Pflücker', 30),
(19, 'Delegator', 50),
(19, 'Zerschneider', 51),
(19, 'Zertrümmerer', 53),
(20, 'Grimasse', 1),
(20, 'Schwerttanz', 1),
(20, 'Tackle', 1),
(20, 'Rutenschlag', 1),
(20, 'Ruckzuckhieb', 1),
(20, 'Energiefokus', 1),
(20, 'Ruckzuckhieb', 87),
(20, 'Energiefokus', 197),
(20, 'Biss', 198),
(20, 'Konzentration', 190),
(20, 'Bodycheck', 169),
(20, 'Gewissheit', 120),
(20, 'Knirscher', 9),
(20, 'Tiefschlag', 184),
(20, 'Superzahn', 200),
(20, 'Risikotackle', 124),
(20, 'Notsituation', 74),
(20, 'Kraftschub', 33),
(20, 'Sonnentag', 14),
(20, 'Verhöhner', 201),
(20, 'Eisstrahl', 95),
(20, 'Blizzard', 145),
(20, 'Hyperstrahl', 79),
(20, 'Schutzschild', 15),
(20, 'Regentanz', 146),
(20, 'Eisenschweif', 105),
(20, 'Donnerblitz', 18),
(20, 'Donner', 19),
(20, 'Schaufler', 20),
(20, 'Spukball', 128),
(20, 'Doppelteam', 37),
(20, 'Schockwelle', 23),
(20, 'Matschbombe', 38),
(20, 'Fassade', 39),
(20, 'Erholung', 40),
(20, 'Anziehung', 41),
(20, 'Raub', 26),
(20, 'Ladestrahl', 202),
(20, 'Ausdauer', 44),
(20, 'Gigastoß', 81),
(20, 'Donnerwelle', 203),
(20, 'Schwerttanz', 46),
(20, 'Schlafrede', 47),
(20, 'Strauchler', 48),
(20, 'Angeberei', 49),
(20, 'Pflücker', 30),
(20, 'Delegator', 50),
(20, 'Zerschneider', 51),
(20, 'Stärke', 52),
(20, 'Zertrümmerer', 53),
(21, 'Heuler', 1),
(21, 'Silberblick', 87),
(21, 'Gewissheit', 88),
(21, 'Furienschlag', 180),
(21, 'Aero-Ass', 6),
(21, 'Flügelschlag', 7),
(21, 'Bodycheck', 192),
(21, 'Agilität', 68),
(21, 'Energiefokus', 184),
(21, 'Ruheort', 91),
(21, 'Bohrschnabel', 13),
(21, 'Sonnentag', 14),
(21, 'Schutzschild', 15),
(21, 'Regentanz', 146),
(21, 'Doppelteam', 37),
(21, 'Aero-Ass', 98),
(21, 'Fassade', 39),
(21, 'Erholung', 40),
(21, 'Anziehung', 41),
(21, 'Raub', 26),
(21, 'Stahlflügel', 133),
(21, 'Ruheort', 134),
(21, 'Trugschlag', 43),
(21, 'Ausdauer', 44),
(21, 'Schlafrede', 47),
(21, 'Angeberei', 49),
(21, 'Pflücker', 30),
(21, 'Kehrtwende', 173),
(21, 'Delegator', 50),
(21, 'Fliegen', 31),
(21, 'Auflockern', 131),
(22, 'Pflücker', 1),
(22, 'Pikser', 1),
(22, 'Heuler', 1),
(22, 'Silberblick', 1),
(22, 'Silberblick', 87),
(22, 'Gewissheit', 88),
(22, 'Furienschlag', 180),
(22, 'Aero-Ass', 6),
(22, 'Flügelschlag', 7),
(22, 'Bodycheck', 182),
(22, 'Agilität', 10),
(22, 'Energiefokus', 91),
(22, 'Ruheort', 13),
(22, 'Bohrschnabel', 186),
(22, 'Schlagbohrer', 71),
(22, 'Sonnentag', 14),
(22, 'Hyperstrahl', 79),
(22, 'Schutzschild', 15),
(22, 'Regentanz', 146),
(22, 'Doppelteam', 37),
(22, 'Aero-Ass', 98),
(22, 'Fassade', 39),
(22, 'Erholung', 40),
(22, 'Anziehung', 41),
(22, 'Raub', 26),
(22, 'Stahlflügel', 133),
(22, 'Ruheort', 134),
(22, 'Trugschlag', 43),
(22, 'Ausdauer', 44),
(22, 'Gigastoß', 81),
(22, 'Schlafrede', 47),
(22, 'Angeberei', 49),
(22, 'Pflücker', 30),
(22, 'Kehrtwende', 173),
(22, 'Delegator', 50),
(22, 'Fliegen', 31),
(22, 'Auflockern', 131),
(23, 'Silberblick', 1),
(23, 'Giftstachel', 87),
(23, 'Biss', 4),
(23, 'Schlangenblick', 5),
(23, 'Kreideschrei', 89),
(23, 'Säure', 67),
(23, 'Horter', 68),
(23, 'Verzehrer', 68),
(23, 'Entfessler', 68),
(23, 'Säurespeier', 90),
(23, 'Matschbombe', 12),
(23, 'Magensäfte', 13),
(23, 'Rülpser', 185),
(23, 'Dunkelnebel', 186),
(23, 'Einrollen', 74),
(23, 'Mülltreffer', 159),
(23, 'Schutzschild', 15),
(23, 'Regentanz', 146),
(23, 'Gigasauger', 16),
(23, 'Eisenschweif', 105),
(23, 'Erdbeben', 80),
(23, 'Schaufler', 20),
(23, 'Doppelteam', 37),
(23, 'Matschbombe', 38),
(23, 'Felsgrab', 24),
(23, 'Folterknecht', 25),
(23, 'Fassade', 39),
(23, 'Erholung', 40),
(23, 'Anziehung', 41),
(23, 'Raub', 26),
(23, 'Ausdauer', 44),
(23, 'Gegenstoß', 187),
(23, 'Finsteraura', 163),
(23, 'Steinhagel', 109),
(23, 'Schlafrede', 47),
(23, 'Dampfwalze', 82),
(23, 'Gifthieb', 188),
(23, 'Angeberei', 49),
(23, 'Delegator', 50),
(23, 'Stärke', 52),
(24, 'Knirscher', 1),
(24, 'Eiszahn', 1),
(24, 'Donnerzahn', 1),
(24, 'Feuerzahn', 1),
(24, 'Wickel', 1),
(24, 'Silberblick', 1),
(24, 'Giftstachel', 1),
(24, 'Biss', 1),
(24, 'Giftstachel', 87),
(24, 'Biss', 4),
(24, 'Schlangenblick', 5),
(24, 'Kreideschrei', 89),
(24, 'Säure', 67),
(24, 'Horter', 10),
(24, 'Verzehrer', 10),
(24, 'Entfessler', 10),
(24, 'Säurespeier', 91),
(24, 'Matschbombe', 124),
(24, 'Magensäfte', 74),
(24, 'Rülpser', 122),
(24, 'Dunkelnebel', 75),
(24, 'Einrollen', 160),
(24, 'Mülltreffer', 204),
(24, 'Hyperstrahl', 79),
(24, 'Schutzschild', 15),
(24, 'Regentanz', 146),
(24, 'Gigasauger', 16),
(24, 'Eisenschweif', 105),
(24, 'Erdbeben', 80),
(24, 'Schaufler', 20),
(24, 'Doppelteam', 37),
(24, 'Matschbombe', 38),
(24, 'Felsgrab', 24),
(24, 'Folterknecht', 25),
(24, 'Fassade', 39),
(24, 'Erholung', 40),
(24, 'Anziehung', 41),
(24, 'Raub', 26),
(24, 'Ausdauer', 44),
(24, 'Gegenstoß', 187),
(24, 'Gigastoß', 81),
(24, 'Finsteraura', 163),
(24, 'Steinhagel', 109),
(24, 'Schlafrede', 47),
(24, 'Dampfwalze', 82),
(24, 'Gifthieb', 188),
(24, 'Angeberei', 49),
(24, 'Delegator', 50),
(24, 'Stärke', 52),
(25, 'Bitterkuss', 1),
(25, 'Wangenrubbler', 1),
(25, 'Ränkeschmied', 1),
(25, 'Charme', 1),
(25, 'Donnerschock', 1),
(25, 'Rutenschlag', 1),
(25, 'Heuler', 1),
(25, 'Ruckzuckhieb', 1),
(25, 'Donnerwelle', 87),
(25, 'Doppelteam', 88),
(25, 'Elektroball', 5),
(25, 'Offenlegung', 169),
(25, 'Funkensprung', 67),
(25, 'Agilität', 9),
(25, 'Slam', 90),
(25, 'Ladungsstoß', 91),
(25, 'Donnerblitz', 13),
(25, 'Lichtschild', 70),
(25, 'Donner', 74),
(25, 'Megakick', 92),
(25, 'Zahltag', 104),
(25, 'Donnerschlag', 94),
(25, 'Donnerwelle', 145),
(25, 'Schaufler', 79),
(25, 'Lichtschild', 15),
(25, 'Reflektor', 146),
(25, 'Erholung', 17),
(25, 'Raub', 105),
(25, 'Schnarcher', 18),
(25, 'Schutzschild', 19),
(25, 'Charme', 21),
(25, 'Anziehung', 22),
(25, 'Regentanz', 142),
(25, 'Fassade', 24),
(25, 'Sternschauer', 98),
(25, 'Rechte Hand', 25),
(25, 'Durchbruch', 99),
(25, 'Schleuder', 101),
(25, 'Kanon', 29),
(25, 'Voltwechsel', 109),
(25, 'Elektronetz', 47),
(25, 'Diebeskuss', 49),
(25, 'Elektrofeld', 50),
(25, 'Lichtschild', 34),
(25, 'Schutzschild', 15),
(25, 'Regentanz', 146),
(25, 'Eisenschweif', 105),
(25, 'Donnerblitz', 18),
(25, 'Donner', 19),
(25, 'Schaufler', 20),
(25, 'Durchbruch', 22),
(25, 'Doppelteam', 37),
(25, 'Reflektor', 142),
(25, 'Schockwelle', 23),
(25, 'Fassade', 39),
(25, 'Voltwechsel', 99),
(25, 'Erholung', 40),
(25, 'Anziehung', 41),
(25, 'Raub', 26),
(25, 'Schleuder', 107),
(25, 'Ladestrahl', 202),
(25, 'Ausdauer', 44),
(25, 'Ränkeschmied', 205),
(25, 'Blitz', 45),
(25, 'Donnerwelle', 203),
(25, 'Schlafrede', 47),
(25, 'Strauchler', 48),
(25, 'Angeberei', 49),
(25, 'Delegator', 50),
(25, 'Surfer', 130),
(25, 'Stärke', 52),
(25, 'Zertrümmerer', 53),
(25, 'Bodyslam', 55),
(25, 'Surfer', 149),
(25, 'Donnerblitz', 206),
(25, 'Donner', 207),
(25, 'Agilität', 208),
(25, 'Delegator', 57),
(25, 'Gegenschlag', 209),
(25, 'Ausdauer', 59),
(25, 'Schlafrede', 60),
(25, 'Zugabe', 210),
(25, 'Eisenschweif', 112),
(25, 'Aufruhr', 211),
(25, 'Ränkeschmied', 212),
(25, 'Strauchler', 65),
(25, 'Elektroball', 213),
(25, 'Stromstoß', 214),
(25, 'Knuddler', 215),
(26, 'Donnerschlag', 1),
(26, 'Psychokinese', 1),
(26, 'Kameradschaft', 1),
(26, 'Bitterkuss', 1),
(26, 'Wangenrubbler', 1),
(26, 'Ränkeschmied', 1),
(26, 'Charme', 1),
(26, 'Donnerwelle', 1),
(26, 'Doppelteam', 1),
(26, 'Elektroball', 1),
(26, 'Offenlegung', 1),
(26, 'Funkensprung', 1),
(26, 'Agilität', 1),
(26, 'Slam', 1),
(26, 'Ladungsstoß', 1),
(26, 'Donnerblitz', 1),
(26, 'Lichtschild', 1),
(26, 'Donner', 1),
(26, 'Donnerschock', 1),
(26, 'Rutenschlag', 1),
(26, 'Heuler', 1),
(26, 'Ruckzuckhieb', 1),
(26, 'Megakick', 92),
(26, 'Zahltag', 104),
(26, 'Donnerschlag', 94),
(26, 'Hyperstrahl', 127),
(26, 'Gigastoß', 32),
(26, 'Donnerwelle', 145),
(26, 'Schaufler', 79),
(26, 'Lichtschild', 15),
(26, 'Reflektor', 146),
(26, 'Bodyguard', 16),
(26, 'Erholung', 17),
(26, 'Raub', 105),
(26, 'Schnarcher', 18),
(26, 'Schutzschild', 19),
(26, 'Charme', 21),
(26, 'Anziehung', 22),
(26, 'Regentanz', 142),
(26, 'Fassade', 24),
(26, 'Sternschauer', 98),
(26, 'Rechte Hand', 25),
(26, 'Durchbruch', 99),
(26, 'Schleuder', 101),
(26, 'Initiativetausch', 170),
(26, 'Magieraum', 162),
(26, 'Kanon', 29),
(26, 'Voltwechsel', 109),
(26, 'Elektronetz', 47),
(26, 'Diebeskuss', 49),
(26, 'Elektrofeld', 50),
(26, 'Mystowellen', 51),
(26, 'Wirbler', 131),
(26, 'Hyperstrahl', 79),
(26, 'Lichtschild', 34),
(26, 'Schutzschild', 15),
(26, 'Regentanz', 146),
(26, 'Bodyguard', 35),
(26, 'Eisenschweif', 105),
(26, 'Donnerblitz', 18),
(26, 'Donner', 19),
(26, 'Schaufler', 20),
(26, 'Durchbruch', 22),
(26, 'Doppelteam', 37),
(26, 'Reflektor', 142),
(26, 'Schockwelle', 23),
(26, 'Fassade', 39),
(26, 'Voltwechsel', 99),
(26, 'Erholung', 40),
(26, 'Anziehung', 41),
(26, 'Raub', 26),
(26, 'Fokusstoß', 135),
(26, 'Schleuder', 107),
(26, 'Ladestrahl', 202),
(26, 'Ausdauer', 44),
(26, 'Ränkeschmied', 205),
(26, 'Gigastoß', 81),
(26, 'Blitz', 45),
(26, 'Donnerwelle', 203),
(26, 'Schlafrede', 47),
(26, 'Strauchler', 48),
(26, 'Angeberei', 49),
(26, 'Delegator', 50),
(26, 'Surfer', 130),
(26, 'Stärke', 52),
(26, 'Zertrümmerer', 53),
(26, 'Bodyslam', 55),
(26, 'Surfer', 149),
(26, 'Donnerblitz', 206),
(26, 'Donner', 207),
(26, 'Psychokinese', 174),
(26, 'Agilität', 208),
(26, 'Delegator', 57),
(26, 'Gegenschlag', 209),
(26, 'Psychoschock', 216),
(26, 'Ausdauer', 59),
(26, 'Schlafrede', 60),
(26, 'Zugabe', 210),
(26, 'Eisenschweif', 112),
(26, 'Seher', 217),
(26, 'Aufruhr', 211),
(26, 'Gedankengut', 218),
(26, 'Fokusstoß', 137),
(26, 'Ränkeschmied', 212),
(26, 'Strauchler', 65),
(26, 'Elektroball', 213),
(26, 'Kraftvorrat', 219),
(26, 'Seitentausch', 220),
(26, 'Stromstoß', 214),
(26, 'Knuddler', 215),
(27, 'Einigler', 1),
(27, 'Giftstachel', 2),
(27, 'Sandwirbel', 3),
(27, 'Walzer', 4),
(27, 'Zornklinge', 5),
(27, 'Turbodreher', 6),
(27, 'Dampfwalze', 7),
(27, 'Sternschauer', 8),
(27, 'Kratzfurie', 9),
(27, 'Agilität', 10),
(27, 'Schlitzer', 11),
(27, 'Schaufler', 12),
(27, 'Gyroball', 13),
(27, 'Schwerttanz', 124),
(27, 'Sandsturm', 121),
(27, 'Erdbeben', 71),
(27, 'Bodyguard', 16),
(27, 'Erholung', 17),
(27, 'Steinhagel', 36),
(27, 'Raub', 105),
(27, 'Schnarcher', 18),
(27, 'Schutzschild', 19),
(27, 'Anziehung', 22),
(27, 'Sandsturm', 37),
(27, 'Sonnentag', 23),
(27, 'Fassade', 24),
(27, 'Sternschauer', 98),
(27, 'Durchbruch', 99),
(27, 'Felsgrab', 100),
(27, 'Sandgrab', 147),
(27, 'Lehmschuss', 42),
(27, 'Schleuder', 101),
(27, 'Dunkelklaue', 102),
(27, 'Kanon', 29),
(27, 'Dampfwalze', 77),
(27, 'Fruststampfer', 53),
(27, 'Kraftschub', 33),
(27, 'Sonnentag', 14),
(27, 'Schutzschild', 15),
(27, 'Bodyguard', 35),
(27, 'Eisenschweif', 105),
(27, 'Erdbeben', 80),
(27, 'Schaufler', 20),
(27, 'Durchbruch', 22),
(27, 'Doppelteam', 37),
(27, 'Sandsturm', 96),
(27, 'Felsgrab', 24),
(27, 'Aero-Ass', 98),
(27, 'Fassade', 39),
(27, 'Erholung', 40);

INSERT INTO T_Pokemon_Attacken (Pokedex_Nr, Attacke_Name, Lernmethode_ID) VALUES
(27, 'Anziehung', 41),
(27, 'Raub', 26),
(27, 'Schleuder', 107),
(27, 'Ausdauer', 44),
(27, 'Gyroball', 28),
(27, 'Schwerttanz', 46),
(27, 'Tarnsteine', 29),
(27, 'Steinhagel', 109),
(27, 'Kreuzschere', 77),
(27, 'Schlafrede', 47),
(27, 'Dampfwalze', 82),
(27, 'Gifthieb', 188),
(27, 'Angeberei', 49),
(27, 'Delegator', 50),
(27, 'Zerschneider', 51),
(27, 'Stärke', 52),
(27, 'Zertrümmerer', 53),
(27, 'Kraxler', 83),
(27, 'Schwerttanz', 54),
(27, 'Bodyslam', 55),
(27, 'Erdbeben', 84),
(27, 'Agilität', 208),
(27, 'Amnesie', 56),
(27, 'Blutsauger', 221),
(27, 'Delegator', 57),
(27, 'Ausdauer', 59),
(27, 'Schlafrede', 60),
(27, 'Eisenschweif', 112),
(27, 'Gyroball', 155),
(27, 'Gifthieb', 222),
(27, 'Kreuzschere', 223),
(27, 'Erdkräfte', 86),
(27, 'Tarnsteine', 224),
(27, 'Kraftschub', 66),
(27, 'Neck Strike', 225),
(28, 'Kratzer', 1),
(28, 'Einigler', 1),
(28, 'Giftstachel', 1),
(28, 'Sandwirbel', 1),
(28, 'Agilität', 1),
(28, 'Walzer', 4),
(28, 'Zornklinge', 5),
(28, 'Turbodreher', 6),
(28, 'Dampfwalze', 7),
(28, 'Sternschauer', 8),
(28, 'Kratzfurie', 183),
(28, 'Sandgrab', 199),
(28, 'Schlitzer', 13),
(28, 'Schaufler', 186),
(28, 'Gyroball', 125),
(28, 'Schwerttanz', 75),
(28, 'Sandsturm', 160),
(28, 'Erdbeben', 226),
(28, 'Hyperstrahl', 127),
(28, 'Gigastoß', 32),
(28, 'Schaufler', 79),
(28, 'Bodyguard', 16),
(28, 'Erholung', 17),
(28, 'Steinhagel', 36),
(28, 'Raub', 105),
(28, 'Schnarcher', 18),
(28, 'Schutzschild', 19),
(28, 'Anziehung', 22),
(28, 'Sandsturm', 37),
(28, 'Sonnentag', 23),
(28, 'Fassade', 24),
(28, 'Sternschauer', 98),
(28, 'Durchbruch', 99),
(28, 'Felsgrab', 100),
(28, 'Sandgrab', 147),
(28, 'Lehmschuss', 42),
(28, 'Schleuder', 101),
(28, 'Dunkelklaue', 102),
(28, 'Kanon', 29),
(28, 'Dampfwalze', 77),
(28, 'Fruststampfer', 53),
(28, 'Kraftschub', 33),
(28, 'Sonnentag', 14),
(28, 'Hyperstrahl', 79),
(28, 'Schutzschild', 15),
(28, 'Bodyguard', 35),
(28, 'Eisenschweif', 105),
(28, 'Erdbeben', 80),
(28, 'Schaufler', 20),
(28, 'Durchbruch', 22),
(28, 'Doppelteam', 37),
(28, 'Sandsturm', 96),
(28, 'Felsgrab', 24),
(28, 'Aero-Ass', 98),
(28, 'Fassade', 39),
(28, 'Erholung', 40),
(28, 'Anziehung', 41),
(28, 'Raub', 26),
(28, 'Fokusstoß', 135),
(28, 'Schleuder', 107),
(28, 'Ausdauer', 44),
(28, 'Gigastoß', 81),
(28, 'Steinkante', 227),
(28, 'Gyroball', 28),
(28, 'Schwerttanz', 46),
(28, 'Tarnsteine', 29),
(28, 'Steinhagel', 109),
(28, 'Kreuzschere', 77),
(28, 'Schlafrede', 47),
(28, 'Dampfwalze', 82),
(28, 'Gifthieb', 188),
(28, 'Angeberei', 49),
(28, 'Delegator', 50),
(28, 'Zerschneider', 51),
(28, 'Stärke', 52),
(28, 'Zertrümmerer', 53),
(28, 'Kraxler', 83),
(28, 'Schwerttanz', 54),
(28, 'Bodyslam', 55),
(28, 'Erdbeben', 84),
(28, 'Agilität', 208),
(28, 'Amnesie', 56),
(28, 'Blutsauger', 221),
(28, 'Delegator', 57),
(28, 'Stachler', 228),
(28, 'Ausdauer', 59),
(28, 'Schlafrede', 60),
(28, 'Eisenschweif', 112),
(28, 'Gyroball', 155),
(28, 'Gifthieb', 222),
(28, 'Kreuzschere', 223),
(28, 'Fokusstoß', 137),
(28, 'Erdkräfte', 86),
(28, 'Steinkante', 229),
(28, 'Tarnsteine', 224),
(28, 'Kraftschub', 66),
(28, 'Schlagbohrer', 230),
(28, 'Neck Strike', 225),
(29, 'Giftstachel', 1),
(29, 'Kratzer', 189),
(29, 'Rutenschlag', 198),
(29, 'Kratzfurie', 6),
(29, 'Giftspitzen', 67),
(29, 'Doppelkick', 68),
(29, 'Biss', 11),
(29, 'Rechte Hand', 69),
(29, 'Toxin', 70),
(29, 'Schmeichler', 71),
(29, 'Knirscher', 72),
(29, 'Erdkräfte', 231),
(29, 'Erholung', 17),
(29, 'Raub', 105),
(29, 'Schnarcher', 18),
(29, 'Schutzschild', 19),
(29, 'Charme', 21),
(29, 'Anziehung', 22),
(29, 'Regentanz', 142),
(29, 'Sonnentag', 23),
(29, 'Prügler', 96),
(29, 'Fassade', 24),
(29, 'Rechte Hand', 25),
(29, 'Dunkelklaue', 102),
(29, 'Giftschock', 28),
(29, 'Kanon', 29),
(29, 'Toxin', 78),
(29, 'Sonnentag', 14),
(29, 'Eisstrahl', 95),
(29, 'Blizzard', 145),
(29, 'Schutzschild', 15),
(29, 'Regentanz', 146),
(29, 'Eisenschweif', 105),
(29, 'Donnerblitz', 18),
(29, 'Donner', 19),
(29, 'Schaufler', 20),
(29, 'Doppelteam', 37),
(29, 'Schockwelle', 23),
(29, 'Matschbombe', 38),
(29, 'Aero-Ass', 98),
(29, 'Fassade', 39),
(29, 'Erholung', 40),
(29, 'Anziehung', 41),
(29, 'Raub', 26),
(29, 'Ausdauer', 44),
(29, 'Schlafrede', 47),
(29, 'Gifthieb', 188),
(29, 'Angeberei', 49),
(29, 'Delegator', 50),
(29, 'Zerschneider', 51),
(29, 'Stärke', 52),
(29, 'Zertrümmerer', 53),
(29, 'Bodyslam', 55),
(29, 'Eisstrahl', 150),
(29, 'Blizzard', 151),
(29, 'Donnerblitz', 206),
(29, 'Donner', 207),
(29, 'Energiefokus', 232),
(29, 'Delegator', 57),
(29, 'Matschbombe', 58),
(29, 'Ausdauer', 59),
(29, 'Schlafrede', 60),
(29, 'Eisenschweif', 112),
(29, 'Knirscher', 113),
(29, 'Giftspitzen', 233),
(29, 'Gifthieb', 222),
(29, 'Erdkräfte', 86),
(29, 'Giftfalle', 234),
(30, 'Giftstachel', 1),
(30, 'Kratzer', 1),
(30, 'Rutenschlag', 1),
(30, 'Kratzfurie', 6),
(30, 'Giftspitzen', 192),
(30, 'Doppelkick', 184),
(30, 'Biss', 13),
(30, 'Rechte Hand', 235),
(30, 'Toxin', 72),
(30, 'Schmeichler', 195),
(30, 'Knirscher', 236),
(30, 'Erdkräfte', 237),
(30, 'Erholung', 17),
(30, 'Raub', 105),
(30, 'Schnarcher', 18),
(30, 'Schutzschild', 19),
(30, 'Charme', 21),
(30, 'Anziehung', 22),
(30, 'Regentanz', 142),
(30, 'Sonnentag', 23),
(30, 'Prügler', 96),
(30, 'Fassade', 24),
(30, 'Rechte Hand', 25),
(30, 'Dunkelklaue', 102),
(30, 'Giftschock', 28),
(30, 'Kanon', 29),
(30, 'Fruststampfer', 53),
(30, 'Toxin', 78),
(30, 'Sonnentag', 14),
(30, 'Eisstrahl', 95),
(30, 'Blizzard', 145),
(30, 'Schutzschild', 15),
(30, 'Regentanz', 146),
(30, 'Eisenschweif', 105),
(30, 'Donnerblitz', 18),
(30, 'Donner', 19),
(30, 'Schaufler', 20),
(30, 'Doppelteam', 37),
(30, 'Schockwelle', 23),
(30, 'Matschbombe', 38),
(30, 'Aero-Ass', 98),
(30, 'Fassade', 39),
(30, 'Erholung', 40),
(30, 'Anziehung', 41),
(30, 'Raub', 26),
(30, 'Ausdauer', 44),
(30, 'Schlafrede', 47),
(30, 'Gifthieb', 188),
(30, 'Angeberei', 49),
(30, 'Delegator', 50),
(30, 'Zerschneider', 51),
(30, 'Stärke', 52),
(30, 'Zertrümmerer', 53),
(30, 'Bodyslam', 55),
(30, 'Eisstrahl', 150),
(30, 'Blizzard', 151),
(30, 'Donnerblitz', 206),
(30, 'Donner', 207),
(30, 'Energiefokus', 232),
(30, 'Delegator', 57),
(30, 'Matschbombe', 58),
(30, 'Ausdauer', 59),
(30, 'Schlafrede', 60),
(30, 'Eisenschweif', 112),
(30, 'Knirscher', 113),
(30, 'Giftspitzen', 233),
(30, 'Gifthieb', 222),
(30, 'Erdkräfte', 86),
(30, 'Giftfalle', 234),
(31, 'Kraftkoloss', 1),
(31, 'Kratzfurie', 1),
(31, 'Giftspitzen', 1),
(31, 'Doppelkick', 1),
(31, 'Biss', 1),
(31, 'Rechte Hand', 1),
(31, 'Toxin', 1),
(31, 'Schmeichler', 1),
(31, 'Knirscher', 1),
(31, 'Erdkräfte', 1),
(31, 'Heuler', 1),
(31, 'Giftstachel', 1),
(31, 'Kratzer', 1),
(31, 'Rutenschlag', 1),
(31, 'Schlammwoge', 1),
(31, 'Megakick', 92),
(31, 'Zahltag', 104),
(31, 'Feuerschlag', 93),
(31, 'Eishieb', 140),
(31, 'Donnerschlag', 94),
(31, 'Hyperstrahl', 127),
(31, 'Gigastoß', 32),
(31, 'Schaufler', 79),
(31, 'Erholung', 17),
(31, 'Steinhagel', 36),
(31, 'Raub', 105),
(31, 'Schnarcher', 18),
(31, 'Schutzschild', 19),
(31, 'Eissturm', 141),
(31, 'Charme', 21),
(31, 'Anziehung', 22),
(31, 'Sandsturm', 37),
(31, 'Regentanz', 142),
(31, 'Sonnentag', 23),
(31, 'Whirlpool', 38),
(31, 'Prügler', 96),
(31, 'Fassade', 24),
(31, 'Rechte Hand', 25),
(31, 'Durchbruch', 99),
(31, 'Felsgrab', 100),
(31, 'Sandgrab', 147),
(31, 'Lehmschuss', 42),
(31, 'Felswurf', 43),
(31, 'Schleuder', 101),
(31, 'Lawine', 161),
(31, 'Dunkelklaue', 102),
(31, 'Giftschock', 28),
(31, 'Kanon', 29),
(31, 'Bürde', 171),
(31, 'Dampfwalze', 77),
(31, 'Fruststampfer', 53),
(31, 'Aquawelle', 93),
(31, 'Brüller', 94),
(31, 'Toxin', 78),
(31, 'Sonnentag', 14),
(31, 'Verhöhner', 201),
(31, 'Eisstrahl', 95),
(31, 'Blizzard', 145),
(31, 'Hyperstrahl', 79),
(31, 'Schutzschild', 15),
(31, 'Regentanz', 146),
(31, 'Eisenschweif', 105),
(31, 'Donnerblitz', 18),
(31, 'Donner', 19),
(31, 'Erdbeben', 80),
(31, 'Schaufler', 20),
(31, 'Spukball', 128),
(31, 'Durchbruch', 22),
(31, 'Doppelteam', 37),
(31, 'Schockwelle', 23),
(31, 'Flammenwurf', 106),
(31, 'Matschbombe', 38),
(31, 'Sandsturm', 96),
(31, 'Feuersturm', 97),
(31, 'Felsgrab', 24),
(31, 'Aero-Ass', 98),
(31, 'Folterknecht', 25),
(31, 'Fassade', 39),
(31, 'Erholung', 40),
(31, 'Anziehung', 41),
(31, 'Raub', 26),
(31, 'Fokusstoß', 135),
(31, 'Schleuder', 107),
(31, 'Ausdauer', 44),
(31, 'Drachenpuls', 101),
(31, 'Gigastoß', 81),
(31, 'Steinkante', 227),
(31, 'Lawine', 162),
(31, 'Tarnsteine', 29),
(31, 'Steinhagel', 109),
(31, 'Schlafrede', 47),
(31, 'Dampfwalze', 82),
(31, 'Gifthieb', 188),
(31, 'Angeberei', 49),
(31, 'Delegator', 50),
(31, 'Zerschneider', 51),
(31, 'Surfer', 130),
(31, 'Stärke', 52),
(31, 'Zertrümmerer', 53),
(31, 'Kraxler', 83),
(31, 'Bodyslam', 55),
(31, 'Flammenwurf', 110),
(31, 'Surfer', 149),
(31, 'Eisstrahl', 150),
(31, 'Blizzard', 151),
(31, 'Donnerblitz', 206),
(31, 'Donner', 207),
(31, 'Erdbeben', 84),
(31, 'Energiefokus', 232),
(31, 'Feuersturm', 111),
(31, 'Delegator', 57),
(31, 'Matschbombe', 58),
(31, 'Wutanfall', 85),
(31, 'Ausdauer', 59),
(31, 'Schlafrede', 60),
(31, 'Eisenschweif', 112),
(31, 'Knirscher', 113),
(31, 'Spukball', 176),
(31, 'Aufruhr', 211),
(31, 'Verhöhner', 238),
(31, 'Kraftkoloss', 239),
(31, 'Giftspitzen', 233),
(31, 'Gifthieb', 222),
(31, 'Drachenpuls', 119),
(31, 'Fokusstoß', 137),
(31, 'Erdkräfte', 86),
(31, 'Steinkante', 229),
(31, 'Tarnsteine', 224),
(31, 'Schlammwoge', 240),
(31, 'Schlagbohrer', 230),
(31, 'Giftfalle', 234),
(31, 'Pferdestärke', 241),
(31, 'Neck Strike', 225),
(31, 'Body Press', 168),
(32, 'Giftstachel', 1),
(32, 'Pikser', 189),
(32, 'Energiefokus', 198),
(32, 'Furienschlag', 6),
(32, 'Giftspitzen', 67),
(32, 'Doppelkick', 68),
(32, 'Hornattacke', 11),
(32, 'Rechte Hand', 69),
(32, 'Toxin', 70),
(32, 'Schmeichler', 71),
(32, 'Gifthieb', 72),
(32, 'Erdkräfte', 231),
(32, 'Erholung', 17),
(32, 'Raub', 105),
(32, 'Schnarcher', 18),
(32, 'Schutzschild', 19),
(32, 'Anziehung', 22),
(32, 'Regentanz', 142),
(32, 'Sonnentag', 23),
(32, 'Prügler', 96),
(32, 'Fassade', 24),
(32, 'Rechte Hand', 25),
(32, 'Dunkelklaue', 102),
(32, 'Giftschock', 28),
(32, 'Kanon', 29),
(32, 'Schmalhorn', 52),
(32, 'Toxin', 78),
(32, 'Sonnentag', 14),
(32, 'Eisstrahl', 95),
(32, 'Blizzard', 145),
(32, 'Schutzschild', 15),
(32, 'Regentanz', 146),
(32, 'Eisenschweif', 105),
(32, 'Donnerblitz', 18),
(32, 'Donner', 19),
(32, 'Schaufler', 20),
(32, 'Doppelteam', 37),
(32, 'Schockwelle', 23),
(32, 'Matschbombe', 38),
(32, 'Fassade', 39),
(32, 'Erholung', 40),
(32, 'Anziehung', 41),
(32, 'Raub', 26),
(32, 'Ausdauer', 44),
(32, 'Schlafrede', 47),
(32, 'Gifthieb', 188),
(32, 'Angeberei', 49),
(32, 'Delegator', 50),
(32, 'Zerschneider', 51),
(32, 'Stärke', 52),
(32, 'Zertrümmerer', 53),
(32, 'Bodyslam', 55),
(32, 'Eisstrahl', 150),
(32, 'Blizzard', 151),
(32, 'Donnerblitz', 206),
(32, 'Donner', 207),
(32, 'Energiefokus', 232),
(32, 'Amnesie', 56),
(32, 'Delegator', 57),
(32, 'Matschbombe', 58),
(32, 'Ausdauer', 59),
(32, 'Schlafrede', 60),
(32, 'Eisenschweif', 112),
(32, 'Giftspitzen', 233),
(32, 'Gifthieb', 222),
(32, 'Erdkräfte', 86),
(32, 'Schlagbohrer', 230),
(32, 'Giftfalle', 234),
(33, 'Giftstachel', 1),
(33, 'Pikser', 1),
(33, 'Energiefokus', 1),
(33, 'Furienschlag', 6),
(33, 'Giftspitzen', 192),
(33, 'Doppelkick', 184),
(33, 'Hornattacke', 13),
(33, 'Rechte Hand', 235),
(33, 'Toxin', 72),
(33, 'Schmeichler', 195),
(33, 'Gifthieb', 236),
(33, 'Erdkräfte', 237),
(33, 'Erholung', 17),
(33, 'Raub', 105),
(33, 'Schnarcher', 18),
(33, 'Schutzschild', 19),
(33, 'Anziehung', 22),
(33, 'Regentanz', 142),
(33, 'Sonnentag', 23),
(33, 'Prügler', 96),
(33, 'Fassade', 24),
(33, 'Rechte Hand', 25),
(33, 'Dunkelklaue', 102),
(33, 'Giftschock', 28),
(33, 'Kanon', 29),
(33, 'Schmalhorn', 52),
(33, 'Fruststampfer', 53),
(33, 'Toxin', 78);

INSERT INTO T_Pokemon_Attacken (Pokedex_Nr, Attacke_Name, Lernmethode_ID) VALUES
(33, 'Sonnentag', 14),
(33, 'Eisstrahl', 95),
(33, 'Blizzard', 145),
(33, 'Schutzschild', 15),
(33, 'Regentanz', 146),
(33, 'Eisenschweif', 105),
(33, 'Donnerblitz', 18),
(33, 'Donner', 19),
(33, 'Schaufler', 20),
(33, 'Doppelteam', 37),
(33, 'Schockwelle', 23),
(33, 'Matschbombe', 38),
(33, 'Fassade', 39),
(33, 'Erholung', 40),
(33, 'Anziehung', 41),
(33, 'Raub', 26),
(33, 'Ausdauer', 44),
(33, 'Schlafrede', 47),
(33, 'Gifthieb', 188),
(33, 'Angeberei', 49),
(33, 'Delegator', 50),
(33, 'Zerschneider', 51),
(33, 'Stärke', 52),
(33, 'Zertrümmerer', 53),
(33, 'Bodyslam', 55),
(33, 'Eisstrahl', 150),
(33, 'Blizzard', 151),
(33, 'Donnerblitz', 206),
(33, 'Donner', 207),
(33, 'Energiefokus', 232),
(33, 'Amnesie', 56),
(33, 'Delegator', 57),
(33, 'Matschbombe', 58),
(33, 'Ausdauer', 59),
(33, 'Schlafrede', 60),
(33, 'Eisenschweif', 112),
(33, 'Giftspitzen', 233),
(33, 'Gifthieb', 222),
(33, 'Erdkräfte', 86),
(33, 'Schlagbohrer', 230),
(33, 'Giftfalle', 234),
(34, 'Vielender', 1),
(34, 'Furienschlag', 1),
(34, 'Giftspitzen', 1),
(34, 'Doppelkick', 1),
(34, 'Hornattacke', 1),
(34, 'Rechte Hand', 1),
(34, 'Toxin', 1),
(34, 'Schmeichler', 1),
(34, 'Gifthieb', 1),
(34, 'Erdkräfte', 1),
(34, 'Silberblick', 1),
(34, 'Giftstachel', 1),
(34, 'Pikser', 1),
(34, 'Energiefokus', 1),
(34, 'Schlammwoge', 1),
(34, 'Megakick', 92),
(34, 'Zahltag', 104),
(34, 'Feuerschlag', 93),
(34, 'Eishieb', 140),
(34, 'Donnerschlag', 94),
(34, 'Hyperstrahl', 127),
(34, 'Gigastoß', 32),
(34, 'Schaufler', 79),
(34, 'Erholung', 17),
(34, 'Steinhagel', 36),
(34, 'Raub', 105),
(34, 'Schnarcher', 18),
(34, 'Schutzschild', 19),
(34, 'Eissturm', 141),
(34, 'Anziehung', 22),
(34, 'Sandsturm', 37),
(34, 'Regentanz', 142),
(34, 'Sonnentag', 23),
(34, 'Whirlpool', 38),
(34, 'Prügler', 96),
(34, 'Fassade', 24),
(34, 'Rechte Hand', 25),
(34, 'Durchbruch', 99),
(34, 'Felsgrab', 100),
(34, 'Sandgrab', 147),
(34, 'Lehmschuss', 42),
(34, 'Felswurf', 43),
(34, 'Schleuder', 101),
(34, 'Lawine', 161),
(34, 'Dunkelklaue', 102),
(34, 'Giftschock', 28),
(34, 'Kanon', 29),
(34, 'Bürde', 171),
(34, 'Dampfwalze', 77),
(34, 'Schmalhorn', 52),
(34, 'Fruststampfer', 53),
(34, 'Aquawelle', 93),
(34, 'Brüller', 94),
(34, 'Toxin', 78),
(34, 'Sonnentag', 14),
(34, 'Verhöhner', 201),
(34, 'Eisstrahl', 95),
(34, 'Blizzard', 145),
(34, 'Hyperstrahl', 79),
(34, 'Schutzschild', 15),
(34, 'Regentanz', 146),
(34, 'Eisenschweif', 105),
(34, 'Donnerblitz', 18),
(34, 'Donner', 19),
(34, 'Erdbeben', 80),
(34, 'Schaufler', 20),
(34, 'Spukball', 128),
(34, 'Durchbruch', 22),
(34, 'Doppelteam', 37),
(34, 'Schockwelle', 23),
(34, 'Flammenwurf', 106),
(34, 'Matschbombe', 38),
(34, 'Sandsturm', 96),
(34, 'Feuersturm', 97),
(34, 'Felsgrab', 24),
(34, 'Folterknecht', 25),
(34, 'Fassade', 39),
(34, 'Erholung', 40),
(34, 'Anziehung', 41),
(34, 'Raub', 26),
(34, 'Fokusstoß', 135),
(34, 'Schleuder', 107),
(34, 'Ausdauer', 44),
(34, 'Drachenpuls', 101),
(34, 'Gigastoß', 81),
(34, 'Steinkante', 227),
(34, 'Lawine', 162),
(34, 'Tarnsteine', 29),
(34, 'Steinhagel', 109),
(34, 'Schlafrede', 47),
(34, 'Dampfwalze', 82),
(34, 'Gifthieb', 188),
(34, 'Angeberei', 49),
(34, 'Delegator', 50),
(34, 'Zerschneider', 51),
(34, 'Surfer', 130),
(34, 'Stärke', 52),
(34, 'Zertrümmerer', 53),
(34, 'Kraxler', 83),
(34, 'Bodyslam', 55),
(34, 'Flammenwurf', 110),
(34, 'Surfer', 149),
(34, 'Eisstrahl', 150),
(34, 'Blizzard', 151),
(34, 'Donnerblitz', 206),
(34, 'Donner', 207),
(34, 'Erdbeben', 84),
(34, 'Energiefokus', 232),
(34, 'Feuersturm', 111),
(34, 'Amnesie', 56),
(34, 'Delegator', 57),
(34, 'Matschbombe', 58),
(34, 'Wutanfall', 85),
(34, 'Ausdauer', 59),
(34, 'Schlafrede', 60),
(34, 'Vielender', 242),
(34, 'Eisenschweif', 112),
(34, 'Spukball', 176),
(34, 'Aufruhr', 211),
(34, 'Verhöhner', 238),
(34, 'Kraftkoloss', 239),
(34, 'Giftspitzen', 233),
(34, 'Gifthieb', 222),
(34, 'Drachenpuls', 119),
(34, 'Fokusstoß', 137),
(34, 'Erdkräfte', 86),
(34, 'Steinkante', 229),
(34, 'Tarnsteine', 224),
(34, 'Schlammwoge', 240),
(34, 'Schlagbohrer', 230),
(34, 'Giftfalle', 234),
(34, 'Pferdestärke', 241),
(34, 'Neck Strike', 225),
(34, 'Body Press', 168),
(35, 'Bitterkuss', 1),
(35, 'Säuselstimme', 1),
(35, 'Zugabe', 1),
(35, 'Charme', 1),
(35, 'Platscher', 1),
(35, 'Klaps', 1),
(35, 'Imitator', 1),
(35, 'Heuler', 1),
(35, 'Einigler', 1),
(35, 'Kraftvorrat', 87),
(35, 'Komprimator', 88),
(35, 'Galanterie', 5),
(35, 'Lebenstropfen', 169),
(35, 'Metronom', 67),
(35, 'Mondschein', 9),
(35, 'Erdanziehung', 90),
(35, 'Sternenhieb', 91),
(35, 'Spotlight', 13),
(35, 'Kosmik-Kraft', 70),
(35, 'Mondgewalt', 74),
(35, 'Heilopfer', 122),
(35, 'Megakick', 92),
(35, 'Feuerschlag', 93),
(35, 'Eishieb', 140),
(35, 'Donnerschlag', 94),
(35, 'Zauberblatt', 33),
(35, 'Solarstrahl', 14),
(35, 'Donnerwelle', 145),
(35, 'Schaufler', 79),
(35, 'Lichtschild', 15),
(35, 'Reflektor', 146),
(35, 'Bodyguard', 16),
(35, 'Erholung', 17),
(35, 'Schnarcher', 18),
(35, 'Schutzschild', 19),
(35, 'Eissturm', 141),
(35, 'Charme', 21),
(35, 'Anziehung', 22),
(35, 'Regentanz', 142),
(35, 'Sonnentag', 23),
(35, 'Fassade', 24),
(35, 'Rechte Hand', 25),
(35, 'Durchbruch', 99),
(35, 'Begrenzer', 40),
(35, 'Trugträne', 133),
(35, 'Sprungfeder', 135),
(35, 'Schleuder', 101),
(35, 'Ableithieb', 205),
(35, 'Wunderraum', 227),
(35, 'Kanon', 29),
(35, 'Heimzahlung', 163),
(35, 'Diebeskuss', 49),
(35, 'Nebelfeld', 173),
(35, 'Magieflamme', 129),
(35, 'Aquawelle', 93),
(35, 'Gedankengut', 140),
(35, 'Kraftschub', 33),
(35, 'Sonnentag', 14),
(35, 'Eisstrahl', 95),
(35, 'Blizzard', 145),
(35, 'Lichtschild', 34),
(35, 'Schutzschild', 15),
(35, 'Regentanz', 146),
(35, 'Bodyguard', 35),
(35, 'Zauberschein', 17),
(35, 'Solarstrahl', 36),
(35, 'Eisenschweif', 105),
(35, 'Donnerblitz', 18),
(35, 'Donner', 19),
(35, 'Schaufler', 20),
(35, 'Psychokinese', 21),
(35, 'Spukball', 128),
(35, 'Durchbruch', 22),
(35, 'Doppelteam', 37),
(35, 'Reflektor', 142),
(35, 'Schockwelle', 23),
(35, 'Flammenwurf', 106),
(35, 'Feuersturm', 97),
(35, 'Fassade', 39),
(35, 'Erholung', 40),
(35, 'Anziehung', 41),
(35, 'Schleuder', 107),
(35, 'Ladestrahl', 202),
(35, 'Ausdauer', 44),
(35, 'Ableithieb', 243),
(35, 'Aufbereitung', 244),
(35, 'Blitz', 45),
(35, 'Donnerwelle', 203),
(35, 'Tarnsteine', 29),
(35, 'Psycho-Plus', 171),
(35, 'Schlafrede', 47),
(35, 'Traumfresser', 172),
(35, 'Strauchler', 48),
(35, 'Angeberei', 49),
(35, 'Delegator', 50),
(35, 'Stärke', 52),
(35, 'Zertrümmerer', 53),
(35, 'Bodyslam', 55),
(35, 'Flammenwurf', 110),
(35, 'Eisstrahl', 150),
(35, 'Blizzard', 151),
(35, 'Donnerblitz', 206),
(35, 'Donner', 207),
(35, 'Psychokinese', 174),
(35, 'Metronom', 245),
(35, 'Feuersturm', 111),
(35, 'Amnesie', 56),
(35, 'Triplette', 246),
(35, 'Delegator', 57),
(35, 'Psychoschock', 216),
(35, 'Ausdauer', 59),
(35, 'Schlafrede', 60),
(35, 'Stafette', 175),
(35, 'Zugabe', 210),
(35, 'Eisenschweif', 112),
(35, 'Spukball', 176),
(35, 'Aufruhr', 211),
(35, 'Trickbetrug', 247),
(35, 'Schallwelle', 248),
(35, 'Kosmik-Kraft', 249),
(35, 'Gedankengut', 218),
(35, 'Zen-Kopfstoß', 157),
(35, 'Tarnsteine', 224),
(35, 'Strauchler', 65),
(35, 'Kraftvorrat', 219),
(35, 'Seitentausch', 220),
(35, 'Kraftschub', 66),
(35, 'Knuddler', 215),
(35, 'Zauberschein', 250),
(36, 'Bitterkuss', 1),
(36, 'Säuselstimme', 1),
(36, 'Zugabe', 1),
(36, 'Charme', 1),
(36, 'Kraftvorrat', 1),
(36, 'Komprimator', 1),
(36, 'Galanterie', 1),
(36, 'Lebenstropfen', 1),
(36, 'Metronom', 1),
(36, 'Mondschein', 1),
(36, 'Erdanziehung', 1),
(36, 'Sternenhieb', 1),
(36, 'Spotlight', 1),
(36, 'Kosmik-Kraft', 1),
(36, 'Mondgewalt', 1),
(36, 'Heilopfer', 1),
(36, 'Platscher', 1),
(36, 'Klaps', 1),
(36, 'Imitator', 1),
(36, 'Heuler', 1),
(36, 'Einigler', 1),
(36, 'Megakick', 92),
(36, 'Feuerschlag', 93),
(36, 'Eishieb', 140),
(36, 'Donnerschlag', 94),
(36, 'Hyperstrahl', 127),
(36, 'Gigastoß', 32),
(36, 'Zauberblatt', 33),
(36, 'Solarstrahl', 14),
(36, 'Donnerwelle', 145),
(36, 'Schaufler', 79),
(36, 'Lichtschild', 15),
(36, 'Reflektor', 146),
(36, 'Bodyguard', 16),
(36, 'Erholung', 17),
(36, 'Schnarcher', 18),
(36, 'Schutzschild', 19),
(36, 'Eissturm', 141),
(36, 'Charme', 21),
(36, 'Anziehung', 22),
(36, 'Regentanz', 142),
(36, 'Sonnentag', 23),
(36, 'Fassade', 24),
(36, 'Rechte Hand', 25),
(36, 'Durchbruch', 99),
(36, 'Begrenzer', 40),
(36, 'Trugträne', 133),
(36, 'Sprungfeder', 135),
(36, 'Schleuder', 101),
(36, 'Ableithieb', 205),
(36, 'Wunderraum', 227),
(36, 'Kanon', 29),
(36, 'Heimzahlung', 163),
(36, 'Diebeskuss', 49),
(36, 'Nebelfeld', 173),
(36, 'Magieflamme', 129),
(36, 'Aquawelle', 93),
(36, 'Gedankengut', 140),
(36, 'Kraftschub', 33),
(36, 'Sonnentag', 14),
(36, 'Eisstrahl', 95),
(36, 'Blizzard', 145),
(36, 'Hyperstrahl', 79),
(36, 'Lichtschild', 34),
(36, 'Schutzschild', 15),
(36, 'Regentanz', 146),
(36, 'Bodyguard', 35),
(36, 'Zauberschein', 17),
(36, 'Solarstrahl', 36),
(36, 'Eisenschweif', 105),
(36, 'Donnerblitz', 18),
(36, 'Donner', 19),
(36, 'Schaufler', 20),
(36, 'Psychokinese', 21),
(36, 'Spukball', 128),
(36, 'Durchbruch', 22),
(36, 'Doppelteam', 37),
(36, 'Reflektor', 142),
(36, 'Schockwelle', 23),
(36, 'Flammenwurf', 106),
(36, 'Feuersturm', 97),
(36, 'Fassade', 39),
(36, 'Erholung', 40),
(36, 'Anziehung', 41),
(36, 'Fokusstoß', 135),
(36, 'Schleuder', 107),
(36, 'Ladestrahl', 202),
(36, 'Ausdauer', 44),
(36, 'Ableithieb', 243),
(36, 'Aufbereitung', 244),
(36, 'Gigastoß', 81),
(36, 'Blitz', 45),
(36, 'Donnerwelle', 203),
(36, 'Tarnsteine', 29),
(36, 'Psycho-Plus', 171),
(36, 'Schlafrede', 47),
(36, 'Traumfresser', 172),
(36, 'Strauchler', 48),
(36, 'Angeberei', 49),
(36, 'Delegator', 50),
(36, 'Stärke', 52),
(36, 'Zertrümmerer', 53),
(36, 'Bodyslam', 55),
(36, 'Flammenwurf', 110),
(36, 'Eisstrahl', 150),
(36, 'Blizzard', 151),
(36, 'Donnerblitz', 206),
(36, 'Donner', 207),
(36, 'Psychokinese', 174),
(36, 'Metronom', 245),
(36, 'Feuersturm', 111),
(36, 'Amnesie', 56),
(36, 'Triplette', 246),
(36, 'Delegator', 57),
(36, 'Psychoschock', 216),
(36, 'Ausdauer', 59),
(36, 'Schlafrede', 60),
(36, 'Stafette', 175),
(36, 'Zugabe', 210),
(36, 'Eisenschweif', 112),
(36, 'Spukball', 176),
(36, 'Aufruhr', 211),
(36, 'Trickbetrug', 247),
(36, 'Schallwelle', 248),
(36, 'Kosmik-Kraft', 249),
(36, 'Gedankengut', 218),
(36, 'Fokusstoß', 137),
(36, 'Zen-Kopfstoß', 157),
(36, 'Tarnsteine', 224),
(36, 'Strauchler', 65),
(36, 'Kraftvorrat', 219),
(36, 'Seitentausch', 220),
(36, 'Kraftschub', 66),
(36, 'Knuddler', 215),
(36, 'Zauberschein', 250),
(37, 'Rutenschlag', 1),
(37, 'Aussetzer', 87),
(37, 'Ruckzuckhieb', 88),
(37, 'Eissplitter', 88),
(37, 'Groll', 5),
(37, 'Einäschern', 169),
(37, 'Eissturm', 169),
(37, 'Konfusstrahl', 67),
(37, 'Irrlicht', 9),
(37, 'Aurorastrahl', 9),
(37, 'Sondersensor', 90),
(37, 'Flammenwurf', 91),
(37, 'Eisstrahl', 91),
(37, 'Begrenzer', 13),
(37, 'Feuerwirbel', 70),
(37, 'Weißnebel', 70),
(37, 'Bodyguard', 74),
(37, 'Auroraschleier', 74),
(37, 'Inferno', 122),
(37, 'Eiseskälte', 122),
(37, 'Nachspiel', 194),
(37, 'Feuersturm', 160),
(37, 'Blizzard', 160),
(37, 'Schaufler', 79),
(37, 'Bodyguard', 16),
(37, 'Erholung', 17),
(37, 'Schnarcher', 18),
(37, 'Schutzschild', 19),
(37, 'Anziehung', 22),
(37, 'Sonnentag', 23),
(37, 'Irrlicht', 97),
(37, 'Fassade', 24),
(37, 'Sternschauer', 98),
(37, 'Begrenzer', 40),
(37, 'Meteorologe', 26),
(37, 'Gegenstoß', 202),
(37, 'Krafttausch', 243),
(37, 'Kanon', 29),
(37, 'Bürde', 171),
(37, 'Kehrschelle', 188),
(37, 'Magieflamme', 129),
(37, 'Sonnentag', 14),
(37, 'Schutzschild', 15),
(37, 'Bodyguard', 35),
(37, 'Eisenschweif', 105),
(37, 'Schaufler', 20),
(37, 'Doppelteam', 37),
(37, 'Flammenwurf', 106),
(37, 'Feuersturm', 97),
(37, 'Fassade', 39),
(37, 'Erholung', 40),
(37, 'Anziehung', 41),
(37, 'Hitzekoller', 27),
(37, 'Energieball', 42),
(37, 'Ausdauer', 44),
(37, 'Irrlicht', 108),
(37, 'Gegenstoß', 187),
(37, 'Psycho-Plus', 171),
(37, 'Finsteraura', 163),
(37, 'Schlafrede', 47),
(37, 'Angeberei', 49);

INSERT INTO T_Pokemon_Attacken (Pokedex_Nr, Attacke_Name, Lernmethode_ID) VALUES
(37, 'Delegator', 50),
(37, 'Eissturm', 141),
(37, 'Charme', 21),
(37, 'Regentanz', 142),
(37, 'Hagelsturm', 106),
(37, 'Diebeskuss', 49),
(37, 'Bodyslam', 55),
(37, 'Flammenwurf', 110),
(37, 'Agilität', 208),
(37, 'Feuersturm', 111),
(37, 'Delegator', 57),
(37, 'Ausdauer', 59),
(37, 'Schlafrede', 60),
(37, 'Zugabe', 210),
(37, 'Eisenschweif', 112),
(37, 'Hitzewelle', 114),
(37, 'Hitzekoller', 115),
(37, 'Flammenblitz', 118),
(37, 'Finsteraura', 165),
(37, 'Energieball', 62),
(37, 'Zen-Kopfstoß', 157),
(37, 'Schmarotzer', 251),
(37, 'Eisstrahl', 150),
(37, 'Blizzard', 151),
(38, 'Einäschern', 1),
(38, 'Groll', 1),
(38, 'Konfusstrahl', 1),
(38, 'Irrlicht', 1),
(38, 'Sondersensor', 1),
(38, 'Flammenwurf', 1),
(38, 'Begrenzer', 1),
(38, 'Feuerwirbel', 1),
(38, 'Bodyguard', 1),
(38, 'Inferno', 1),
(38, 'Nachspiel', 1),
(38, 'Feuersturm', 1),
(38, 'Glut', 1),
(38, 'Rutenschlag', 1),
(38, 'Aussetzer', 1),
(38, 'Ruckzuckhieb', 1),
(38, 'Zauberschein', 1),
(38, 'Ränkeschmied', 1),
(38, 'Eissturm', 1),
(38, 'Aurorastrahl', 1),
(38, 'Eisstrahl', 1),
(38, 'Weißnebel', 1),
(38, 'Auroraschleier', 1),
(38, 'Eiseskälte', 1),
(38, 'Blizzard', 1),
(38, 'Pulverschnee', 1),
(38, 'Eissplitter', 1),
(38, 'Gigastoß', 32),
(38, 'Solarstrahl', 14),
(38, 'Feuerwirbel', 95),
(38, 'Schaufler', 79),
(38, 'Bodyguard', 16),
(38, 'Erholung', 17),
(38, 'Schnarcher', 18),
(38, 'Schutzschild', 19),
(38, 'Anziehung', 22),
(38, 'Sonnentag', 23),
(38, 'Irrlicht', 97),
(38, 'Fassade', 24),
(38, 'Sternschauer', 98),
(38, 'Begrenzer', 40),
(38, 'Meteorologe', 26),
(38, 'Trugträne', 133),
(38, 'Gegenstoß', 202),
(38, 'Krafttausch', 243),
(38, 'Kanon', 29),
(38, 'Bürde', 171),
(38, 'Kehrschelle', 188),
(38, 'Magieflamme', 129),
(38, 'Brüller', 94),
(38, 'Sonnentag', 14),
(38, 'Hyperstrahl', 79),
(38, 'Schutzschild', 15),
(38, 'Bodyguard', 35),
(38, 'Solarstrahl', 36),
(38, 'Eisenschweif', 105),
(38, 'Schaufler', 20),
(38, 'Spukball', 128),
(38, 'Doppelteam', 37),
(38, 'Flammenwurf', 106),
(38, 'Feuersturm', 97),
(38, 'Fassade', 39),
(38, 'Erholung', 40),
(38, 'Anziehung', 41),
(38, 'Hitzekoller', 27),
(38, 'Energieball', 42),
(38, 'Ausdauer', 44),
(38, 'Irrlicht', 108),
(38, 'Ränkeschmied', 205),
(38, 'Gegenstoß', 187),
(38, 'Gigastoß', 81),
(38, 'Psycho-Plus', 171),
(38, 'Finsteraura', 163),
(38, 'Schlafrede', 47),
(38, 'Traumfresser', 172),
(38, 'Angeberei', 49),
(38, 'Delegator', 50),
(38, 'Eissturm', 141),
(38, 'Charme', 21),
(38, 'Regentanz', 142),
(38, 'Hagelsturm', 106),
(38, 'Lawine', 161),
(38, 'Wunderraum', 227),
(38, 'Diebeskuss', 49),
(38, 'Nebelfeld', 173),
(38, 'Bodyslam', 55),
(38, 'Flammenwurf', 110),
(38, 'Agilität', 208),
(38, 'Feuersturm', 111),
(38, 'Delegator', 57),
(38, 'Psychoschock', 216),
(38, 'Ausdauer', 59),
(38, 'Schlafrede', 60),
(38, 'Zugabe', 210),
(38, 'Eisenschweif', 112),
(38, 'Spukball', 176),
(38, 'Hitzewelle', 114),
(38, 'Hitzekoller', 115),
(38, 'Gedankengut', 218),
(38, 'Flammenblitz', 118),
(38, 'Finsteraura', 165),
(38, 'Energieball', 62),
(38, 'Ränkeschmied', 212),
(38, 'Zen-Kopfstoß', 157),
(38, 'Schmarotzer', 251),
(38, 'Kraftvorrat', 219),
(38, 'Eisstrahl', 150),
(38, 'Blizzard', 151),
(38, 'Zauberschein', 250),
(39, 'Säuselstimme', 1),
(39, 'Aussetzer', 1),
(39, 'Charme', 1),
(39, 'Gesang', 1),
(39, 'Klaps', 1),
(39, 'Imitator', 1),
(39, 'Einigler', 1),
(39, 'Widerhall', 87),
(39, 'Bezirzer', 88),
(39, 'Horter', 5),
(39, 'Verzehrer', 5),
(39, 'Entfessler', 5),
(39, 'Kanon', 169),
(39, 'Erholung', 67),
(39, 'Bodyslam', 9),
(39, 'Mimikry', 90),
(39, 'Gyroball', 91),
(39, 'Schallwelle', 13),
(39, 'Knuddler', 70),
(39, 'Risikotackle', 74),
(39, 'Megakick', 92),
(39, 'Feuerschlag', 93),
(39, 'Eishieb', 140),
(39, 'Donnerschlag', 94),
(39, 'Solarstrahl', 14),
(39, 'Donnerwelle', 145),
(39, 'Schaufler', 79),
(39, 'Kreideschrei', 34),
(39, 'Lichtschild', 15),
(39, 'Reflektor', 146),
(39, 'Bodyguard', 16),
(39, 'Finale', 35),
(39, 'Erholung', 17),
(39, 'Schnarcher', 18),
(39, 'Schutzschild', 19),
(39, 'Eissturm', 141),
(39, 'Charme', 21),
(39, 'Anziehung', 22),
(39, 'Regentanz', 142),
(39, 'Sonnentag', 23),
(39, 'Fassade', 24),
(39, 'Rechte Hand', 25),
(39, 'Durchbruch', 99),
(39, 'Trugträne', 133),
(39, 'Sprungfeder', 135),
(39, 'Schleuder', 101),
(39, 'Ableithieb', 205),
(39, 'Kanon', 29),
(39, 'Heimzahlung', 163),
(39, 'Diebeskuss', 49),
(39, 'Nebelfeld', 173),
(39, 'Aquawelle', 93),
(39, 'Kraftschub', 33),
(39, 'Sonnentag', 14),
(39, 'Eisstrahl', 95),
(39, 'Blizzard', 145),
(39, 'Lichtschild', 34),
(39, 'Schutzschild', 15),
(39, 'Regentanz', 146),
(39, 'Bodyguard', 35),
(39, 'Zauberschein', 17),
(39, 'Solarstrahl', 36),
(39, 'Donnerblitz', 18),
(39, 'Donner', 19),
(39, 'Schaufler', 20),
(39, 'Psychokinese', 21),
(39, 'Spukball', 128),
(39, 'Durchbruch', 22),
(39, 'Doppelteam', 37),
(39, 'Reflektor', 142),
(39, 'Schockwelle', 23),
(39, 'Flammenwurf', 106),
(39, 'Feuersturm', 97),
(39, 'Fassade', 39),
(39, 'Erholung', 40),
(39, 'Anziehung', 41),
(39, 'Schleuder', 107),
(39, 'Ladestrahl', 202),
(39, 'Ausdauer', 44),
(39, 'Ableithieb', 243),
(39, 'Aufbereitung', 244),
(39, 'Blitz', 45),
(39, 'Donnerwelle', 203),
(39, 'Gyroball', 28),
(39, 'Tarnsteine', 29),
(39, 'Psycho-Plus', 171),
(39, 'Schlafrede', 47),
(39, 'Traumfresser', 172),
(39, 'Strauchler', 48),
(39, 'Angeberei', 49),
(39, 'Delegator', 50),
(39, 'Stärke', 52),
(39, 'Bodyslam', 55),
(39, 'Flammenwurf', 110),
(39, 'Eisstrahl', 150),
(39, 'Blizzard', 151),
(39, 'Donnerblitz', 206),
(39, 'Donner', 207),
(39, 'Psychokinese', 174),
(39, 'Feuersturm', 111),
(39, 'Triplette', 246),
(39, 'Delegator', 57),
(39, 'Ausdauer', 59),
(39, 'Schlafrede', 60),
(39, 'Stafette', 175),
(39, 'Spukball', 176),
(39, 'Aufruhr', 211),
(39, 'Schallwelle', 248),
(39, 'Gyroball', 155),
(39, 'Tarnsteine', 224),
(39, 'Strauchler', 65),
(39, 'Seitentausch', 220),
(39, 'Kraftschub', 66),
(39, 'Stromstoß', 214),
(39, 'Knuddler', 215),
(39, 'Zauberschein', 250),
(40, 'Säuselstimme', 1),
(40, 'Aussetzer', 1),
(40, 'Charme', 1),
(40, 'Widerhall', 1),
(40, 'Bezirzer', 1),
(40, 'Horter', 1),
(40, 'Verzehrer', 1),
(40, 'Entfessler', 1),
(40, 'Kanon', 1),
(40, 'Erholung', 1),
(40, 'Bodyslam', 1),
(40, 'Mimikry', 1),
(40, 'Gyroball', 1),
(40, 'Knuddler', 1),
(40, 'Schallwelle', 1),
(40, 'Risikotackle', 1),
(40, 'Gesang', 1),
(40, 'Klaps', 1),
(40, 'Imitator', 1),
(40, 'Einigler', 1),
(40, 'Megakick', 92),
(40, 'Feuerschlag', 93),
(40, 'Eishieb', 140),
(40, 'Donnerschlag', 94),
(40, 'Hyperstrahl', 127),
(40, 'Gigastoß', 32),
(40, 'Solarstrahl', 14),
(40, 'Donnerwelle', 145),
(40, 'Schaufler', 79),
(40, 'Kreideschrei', 34),
(40, 'Lichtschild', 15),
(40, 'Reflektor', 146),
(40, 'Bodyguard', 16),
(40, 'Finale', 35),
(40, 'Erholung', 17),
(40, 'Schnarcher', 18),
(40, 'Schutzschild', 19),
(40, 'Eissturm', 141),
(40, 'Charme', 21),
(40, 'Anziehung', 22),
(40, 'Regentanz', 142),
(40, 'Sonnentag', 23),
(40, 'Fassade', 24),
(40, 'Rechte Hand', 25),
(40, 'Durchbruch', 99),
(40, 'Trugträne', 133),
(40, 'Sprungfeder', 135),
(40, 'Schleuder', 101),
(40, 'Ableithieb', 205),
(40, 'Magieraum', 162),
(40, 'Kanon', 29),
(40, 'Heimzahlung', 163),
(40, 'Diebeskuss', 49),
(40, 'Nebelfeld', 173),
(40, 'Aquawelle', 93),
(40, 'Kraftschub', 33),
(40, 'Sonnentag', 14),
(40, 'Eisstrahl', 95),
(40, 'Blizzard', 145),
(40, 'Hyperstrahl', 79),
(40, 'Lichtschild', 34),
(40, 'Schutzschild', 15),
(40, 'Regentanz', 146),
(40, 'Bodyguard', 35),
(40, 'Zauberschein', 17),
(40, 'Solarstrahl', 36),
(40, 'Donnerblitz', 18),
(40, 'Donner', 19),
(40, 'Schaufler', 20),
(40, 'Psychokinese', 21),
(40, 'Spukball', 128),
(40, 'Durchbruch', 22),
(40, 'Doppelteam', 37),
(40, 'Reflektor', 142),
(40, 'Schockwelle', 23),
(40, 'Flammenwurf', 106),
(40, 'Feuersturm', 97),
(40, 'Fassade', 39),
(40, 'Erholung', 40),
(40, 'Anziehung', 41),
(40, 'Fokusstoß', 135),
(40, 'Schleuder', 107),
(40, 'Ladestrahl', 202),
(40, 'Ausdauer', 44),
(40, 'Ableithieb', 243),
(40, 'Aufbereitung', 244),
(40, 'Gigastoß', 81),
(40, 'Blitz', 45),
(40, 'Donnerwelle', 203),
(40, 'Gyroball', 28),
(40, 'Tarnsteine', 29),
(40, 'Psycho-Plus', 171),
(40, 'Schlafrede', 47),
(40, 'Traumfresser', 172),
(40, 'Strauchler', 48),
(40, 'Angeberei', 49),
(40, 'Delegator', 50),
(40, 'Stärke', 52),
(40, 'Bodyslam', 55),
(40, 'Flammenwurf', 110),
(40, 'Eisstrahl', 150),
(40, 'Blizzard', 151),
(40, 'Donnerblitz', 206),
(40, 'Donner', 207),
(40, 'Psychokinese', 174),
(40, 'Feuersturm', 111),
(40, 'Triplette', 246),
(40, 'Delegator', 57),
(40, 'Ausdauer', 59),
(40, 'Schlafrede', 60),
(40, 'Stafette', 175),
(40, 'Spukball', 176),
(40, 'Aufruhr', 211),
(40, 'Schallwelle', 248),
(40, 'Gyroball', 155),
(40, 'Fokusstoß', 137),
(40, 'Tarnsteine', 224),
(40, 'Strauchler', 65),
(40, 'Seitentausch', 220),
(40, 'Kraftschub', 66),
(40, 'Stromstoß', 214),
(40, 'Knuddler', 215),
(40, 'Zauberschein', 250),
(41, 'Superschall', 1),
(41, 'Erstauner', 189),
(41, 'Horrorblick', 198),
(41, 'Giftzahn', 6),
(41, 'Rapidschutz', 67),
(41, 'Windschnitt', 68),
(41, 'Biss', 11),
(41, 'Dunkelnebel', 69),
(41, 'Giftschock', 70),
(41, 'Konfusstrahl', 71),
(41, 'Luftschnitt', 72),
(41, 'Blutsauger', 231),
(41, 'Erholung', 17),
(41, 'Raub', 105),
(41, 'Schnarcher', 18),
(41, 'Schutzschild', 19),
(41, 'Gigasauger', 20),
(41, 'Stahlflügel', 128),
(41, 'Anziehung', 22),
(41, 'Regentanz', 142),
(41, 'Sonnentag', 23),
(41, 'Fassade', 24),
(41, 'Sternschauer', 98),
(41, 'Kehrtwende', 107),
(41, 'Gegenstoß', 202),
(41, 'Gewissheit', 44),
(41, 'Giftschock', 28),
(41, 'Kanon', 29),
(41, 'Akrobatik', 103),
(41, 'Luftschnitt', 130),
(41, 'Verhöhner', 201),
(41, 'Schutzschild', 15),
(41, 'Regentanz', 146),
(41, 'Gigasauger', 16),
(41, 'Spukball', 128),
(41, 'Doppelteam', 37),
(41, 'Matschbombe', 38),
(41, 'Aero-Ass', 98),
(41, 'Folterknecht', 25),
(41, 'Fassade', 39),
(41, 'Erholung', 40),
(41, 'Anziehung', 41),
(41, 'Raub', 26),
(41, 'Stahlflügel', 133),
(41, 'Ruheort', 134),
(41, 'Ausdauer', 44),
(41, 'Ränkeschmied', 205),
(41, 'Gegenstoß', 187),
(41, 'Schlafrede', 47),
(41, 'Angeberei', 49),
(41, 'Pflücker', 30),
(41, 'Kehrtwende', 173),
(41, 'Delegator', 50),
(41, 'Fliegen', 31),
(41, 'Auflockern', 131),
(41, 'Agilität', 208),
(41, 'Blutsauger', 221),
(41, 'Delegator', 57),
(41, 'Matschbombe', 58),
(41, 'Ausdauer', 59),
(41, 'Schlafrede', 60),
(41, 'Knirscher', 113),
(41, 'Spukball', 176),
(41, 'Aufruhr', 211),
(41, 'Hitzewelle', 114),
(41, 'Verhöhner', 238),
(41, 'Sturzflug', 252),
(41, 'Ränkeschmied', 212),
(41, 'Zen-Kopfstoß', 157),
(41, 'Giftfalle', 234),
(42, 'Absorber', 1),
(42, 'Superschall', 1),
(42, 'Erstauner', 1),
(42, 'Horrorblick', 1),
(42, 'Giftzahn', 6),
(42, 'Rapidschutz', 67),
(42, 'Windschnitt', 10),
(42, 'Biss', 200),
(42, 'Dunkelnebel', 186),
(42, 'Giftschock', 122),
(42, 'Konfusstrahl', 231),
(42, 'Luftschnitt', 126),
(42, 'Blutsauger', 253),
(42, 'Hyperstrahl', 127),
(42, 'Gigastoß', 32),
(42, 'Kreideschrei', 34),
(42, 'Erholung', 17),
(42, 'Raub', 105),
(42, 'Schnarcher', 18),
(42, 'Schutzschild', 19),
(42, 'Gigasauger', 20),
(42, 'Stahlflügel', 128),
(42, 'Anziehung', 22),
(42, 'Regentanz', 142),
(42, 'Sonnentag', 23),
(42, 'Fassade', 24),
(42, 'Sternschauer', 98),
(42, 'Kehrtwende', 107),
(42, 'Gegenstoß', 202),
(42, 'Gewissheit', 44),
(42, 'Giftschock', 28),
(42, 'Kanon', 29),
(42, 'Akrobatik', 103),
(42, 'Luftschnitt', 130),
(42, 'Verhöhner', 201),
(42, 'Hyperstrahl', 79),
(42, 'Schutzschild', 15),
(42, 'Regentanz', 146),
(42, 'Gigasauger', 16),
(42, 'Spukball', 128),
(42, 'Doppelteam', 37),
(42, 'Matschbombe', 38),
(42, 'Aero-Ass', 98),
(42, 'Folterknecht', 25),
(42, 'Fassade', 39),
(42, 'Erholung', 40),
(42, 'Anziehung', 41),
(42, 'Raub', 26),
(42, 'Stahlflügel', 133),
(42, 'Ruheort', 134),
(42, 'Ausdauer', 44),
(42, 'Ränkeschmied', 205),
(42, 'Gegenstoß', 187),
(42, 'Gigastoß', 81),
(42, 'Schlafrede', 47),
(42, 'Angeberei', 49),
(42, 'Pflücker', 30),
(42, 'Kehrtwende', 173);

INSERT INTO T_Pokemon_Attacken (Pokedex_Nr, Attacke_Name, Lernmethode_ID) VALUES
(42, 'Delegator', 50),
(42, 'Fliegen', 31),
(42, 'Auflockern', 131),
(42, 'Agilität', 208),
(42, 'Blutsauger', 221),
(42, 'Delegator', 57),
(42, 'Matschbombe', 58),
(42, 'Ausdauer', 59),
(42, 'Schlafrede', 60),
(42, 'Knirscher', 113),
(42, 'Spukball', 176),
(42, 'Aufruhr', 211),
(42, 'Hitzewelle', 114),
(42, 'Verhöhner', 238),
(42, 'Sturzflug', 252),
(42, 'Ränkeschmied', 212),
(42, 'Zen-Kopfstoß', 157),
(42, 'Giftfalle', 234),
(43, 'Wachstum', 1),
(43, 'Säure', 87),
(43, 'Lockduft', 88),
(43, 'Megasauger', 5),
(43, 'Giftpuder', 181),
(43, 'Stachelspore', 169),
(43, 'Schlafpuder', 7),
(43, 'Gigasauger', 67),
(43, 'Toxin', 9),
(43, 'Mondgewalt', 90),
(43, 'Grasfeld', 91),
(43, 'Mondschein', 13),
(43, 'Blättertanz', 70),
(43, 'Erholung', 17),
(43, 'Schnarcher', 18),
(43, 'Schutzschild', 19),
(43, 'Gigasauger', 20),
(43, 'Charme', 21),
(43, 'Anziehung', 22),
(43, 'Sonnentag', 23),
(43, 'Fassade', 24),
(43, 'Kugelsaat', 27),
(43, 'Giftschock', 28),
(43, 'Kanon', 29),
(43, 'Grasfeld', 30),
(43, 'Kugelsaat', 32),
(43, 'Sonnentag', 14),
(43, 'Schutzschild', 15),
(43, 'Gigasauger', 16),
(43, 'Zauberschein', 17),
(43, 'Solarstrahl', 36),
(43, 'Doppelteam', 37),
(43, 'Matschbombe', 38),
(43, 'Fassade', 39),
(43, 'Erholung', 40),
(43, 'Anziehung', 41),
(43, 'Energieball', 42),
(43, 'Ausdauer', 44),
(43, 'Blitz', 45),
(43, 'Schwerttanz', 46),
(43, 'Schlafrede', 47),
(43, 'Strauchler', 48),
(43, 'Angeberei', 49),
(43, 'Delegator', 50),
(43, 'Zerschneider', 51),
(43, 'Schwerttanz', 54),
(43, 'Delegator', 57),
(43, 'Matschbombe', 58),
(43, 'Ausdauer', 59),
(43, 'Schlafrede', 60),
(43, 'Samenbomben', 61),
(43, 'Energieball', 62),
(43, 'Strauchler', 65),
(43, 'Zauberschein', 250),
(44, 'Wachstum', 1),
(44, 'Säure', 1),
(44, 'Lockduft', 1),
(44, 'Megasauger', 5),
(44, 'Giftpuder', 181),
(44, 'Stachelspore', 169),
(44, 'Schlafpuder', 7),
(44, 'Gigasauger', 67),
(44, 'Toxin', 183),
(44, 'Mondgewalt', 91),
(44, 'Grasfeld', 185),
(44, 'Mondschein', 74),
(44, 'Blättertanz', 72),
(44, 'Erholung', 17),
(44, 'Schnarcher', 18),
(44, 'Schutzschild', 19),
(44, 'Gigasauger', 20),
(44, 'Charme', 21),
(44, 'Anziehung', 22),
(44, 'Sonnentag', 23),
(44, 'Fassade', 24),
(44, 'Kugelsaat', 27),
(44, 'Schleuder', 101),
(44, 'Ableithieb', 205),
(44, 'Giftschock', 28),
(44, 'Kanon', 29),
(44, 'Grasfeld', 30),
(44, 'Kugelsaat', 32),
(44, 'Sonnentag', 14),
(44, 'Schutzschild', 15),
(44, 'Gigasauger', 16),
(44, 'Zauberschein', 17),
(44, 'Solarstrahl', 36),
(44, 'Doppelteam', 37),
(44, 'Matschbombe', 38),
(44, 'Fassade', 39),
(44, 'Erholung', 40),
(44, 'Anziehung', 41),
(44, 'Energieball', 42),
(44, 'Schleuder', 107),
(44, 'Ausdauer', 44),
(44, 'Ableithieb', 243),
(44, 'Blitz', 45),
(44, 'Schwerttanz', 46),
(44, 'Schlafrede', 47),
(44, 'Strauchler', 48),
(44, 'Angeberei', 49),
(44, 'Delegator', 50),
(44, 'Zerschneider', 51),
(44, 'Schwerttanz', 54),
(44, 'Delegator', 57),
(44, 'Matschbombe', 58),
(44, 'Ausdauer', 59),
(44, 'Schlafrede', 60),
(44, 'Samenbomben', 61),
(44, 'Energieball', 62),
(44, 'Strauchler', 65),
(44, 'Zauberschein', 250),
(45, 'Blütenwirbel', 1),
(45, 'Aromakur', 1),
(45, 'Megasauger', 1),
(45, 'Giftpuder', 1),
(45, 'Stachelspore', 1),
(45, 'Schlafpuder', 1),
(45, 'Gigasauger', 1),
(45, 'Toxin', 1),
(45, 'Mondgewalt', 1),
(45, 'Grasfeld', 1),
(45, 'Mondschein', 1),
(45, 'Blättertanz', 1),
(45, 'Absorber', 1),
(45, 'Wachstum', 1),
(45, 'Säure', 1),
(45, 'Lockduft', 1),
(45, 'Gigastoß', 32),
(45, 'Solarstrahl', 14),
(45, 'Bodyguard', 16),
(45, 'Erholung', 17),
(45, 'Schnarcher', 18),
(45, 'Schutzschild', 19),
(45, 'Gigasauger', 20),
(45, 'Charme', 21),
(45, 'Anziehung', 22),
(45, 'Sonnentag', 23),
(45, 'Fassade', 24),
(45, 'Kugelsaat', 27),
(45, 'Schleuder', 101),
(45, 'Ableithieb', 205),
(45, 'Giftschock', 28),
(45, 'Kanon', 29),
(45, 'Grasfeld', 30),
(45, 'Kugelsaat', 32),
(45, 'Sonnentag', 14),
(45, 'Hyperstrahl', 79),
(45, 'Schutzschild', 15),
(45, 'Gigasauger', 16),
(45, 'Bodyguard', 35),
(45, 'Zauberschein', 17),
(45, 'Solarstrahl', 36),
(45, 'Doppelteam', 37),
(45, 'Matschbombe', 38),
(45, 'Fassade', 39),
(45, 'Erholung', 40),
(45, 'Anziehung', 41),
(45, 'Energieball', 42),
(45, 'Schleuder', 107),
(45, 'Ausdauer', 44),
(45, 'Ableithieb', 243),
(45, 'Gigastoß', 81),
(45, 'Blitz', 45),
(45, 'Schwerttanz', 46),
(45, 'Schlafrede', 47),
(45, 'Strauchler', 48),
(45, 'Angeberei', 49),
(45, 'Delegator', 50),
(45, 'Zerschneider', 51),
(45, 'Schwerttanz', 54),
(45, 'Bodyslam', 55),
(45, 'Delegator', 57),
(45, 'Matschbombe', 58),
(45, 'Ausdauer', 59),
(45, 'Schlafrede', 60),
(45, 'Samenbomben', 61),
(45, 'Energieball', 62),
(45, 'Strauchler', 65),
(45, 'Schlammwoge', 240),
(45, 'Zauberschein', 250),
(45, 'Pollenknödel', 179),
(46, 'Stachelspore', 3),
(46, 'Giftpuder', 3),
(46, 'Absorber', 180),
(46, 'Zornklinge', 89),
(46, 'Pilzspore', 192),
(46, 'Schlitzer', 10),
(46, 'Wachstum', 12),
(46, 'Gigasauger', 185),
(46, 'Aromakur', 235),
(46, 'Wutpulver', 159),
(46, 'Kreuzschere', 123),
(46, 'Sonnentag', 14),
(46, 'Lichtschild', 34),
(46, 'Schutzschild', 15),
(46, 'Gigasauger', 16),
(46, 'Solarstrahl', 36),
(46, 'Schaufler', 20),
(46, 'Durchbruch', 22),
(46, 'Doppelteam', 37),
(46, 'Matschbombe', 38),
(46, 'Aero-Ass', 98),
(46, 'Fassade', 39),
(46, 'Erholung', 40),
(46, 'Anziehung', 41),
(46, 'Raub', 26),
(46, 'Trugschlag', 43),
(46, 'Ausdauer', 44),
(46, 'Blitz', 45),
(46, 'Schwerttanz', 46),
(46, 'Kreuzschere', 77),
(46, 'Schlafrede', 47),
(46, 'Strauchler', 48),
(46, 'Angeberei', 49),
(46, 'Delegator', 50),
(46, 'Zerschneider', 51),
(46, 'Zertrümmerer', 53),
(47, 'Kratzer', 1),
(47, 'Stachelspore', 1),
(47, 'Giftpuder', 1),
(47, 'Absorber', 1),
(47, 'Stachelspore', 3),
(47, 'Giftpuder', 3),
(47, 'Absorber', 180),
(47, 'Zornklinge', 89),
(47, 'Pilzspore', 192),
(47, 'Schlitzer', 184),
(47, 'Wachstum', 73),
(47, 'Gigasauger', 74),
(47, 'Aromakur', 75),
(47, 'Wutpulver', 254),
(47, 'Kreuzschere', 255),
(47, 'Sonnentag', 14),
(47, 'Hyperstrahl', 79),
(47, 'Lichtschild', 34),
(47, 'Schutzschild', 15),
(47, 'Gigasauger', 16),
(47, 'Solarstrahl', 36),
(47, 'Schaufler', 20),
(47, 'Durchbruch', 22),
(47, 'Doppelteam', 37),
(47, 'Matschbombe', 38),
(47, 'Aero-Ass', 98),
(47, 'Fassade', 39),
(47, 'Erholung', 40),
(47, 'Anziehung', 41),
(47, 'Raub', 26),
(47, 'Energieball', 42),
(47, 'Trugschlag', 43),
(47, 'Ausdauer', 44),
(47, 'Gigastoß', 81),
(47, 'Blitz', 45),
(47, 'Schwerttanz', 46),
(47, 'Kreuzschere', 77),
(47, 'Schlafrede', 47),
(47, 'Strauchler', 48),
(47, 'Angeberei', 49),
(47, 'Delegator', 50),
(47, 'Zerschneider', 51),
(47, 'Zertrümmerer', 53),
(48, 'Aussetzer', 1),
(48, 'Käfertrutz', 1),
(48, 'Superschall', 189),
(48, 'Konfusion', 180),
(48, 'Giftpuder', 190),
(48, 'Psystrahl', 89),
(48, 'Stachelspore', 182),
(48, 'Megasauger', 68),
(48, 'Schlafpuder', 184),
(48, 'Blutsauger', 69),
(48, 'Zen-Kopfstoß', 73),
(48, 'Giftzahn', 186),
(48, 'Psychokinese', 193),
(48, 'Schutzschild', 15),
(48, 'Gigasauger', 16),
(48, 'Solarstrahl', 36),
(48, 'Psychokinese', 21),
(48, 'Doppelteam', 37),
(48, 'Matschbombe', 38),
(48, 'Fassade', 39),
(48, 'Erholung', 40),
(48, 'Anziehung', 41),
(48, 'Raub', 26),
(48, 'Fähigkeitstausch', 100),
(48, 'Ausdauer', 44),
(48, 'Blitz', 45),
(48, 'Schlafrede', 47),
(48, 'Angeberei', 49),
(48, 'Delegator', 50),
(49, 'Windstoß', 1),
(49, 'Falterreigen', 1),
(49, 'Käfergebrumm', 1),
(49, 'Wirbelwind', 1),
(49, 'Tackle', 1),
(49, 'Aussetzer', 1),
(49, 'Käfertrutz', 1),
(49, 'Superschall', 1),
(49, 'Superschall', 189),
(49, 'Konfusion', 180),
(49, 'Giftpuder', 190),
(49, 'Psystrahl', 89),
(49, 'Stachelspore', 182),
(49, 'Megasauger', 68),
(49, 'Schlafpuder', 184),
(49, 'Blutsauger', 73),
(49, 'Zen-Kopfstoß', 186),
(49, 'Giftzahn', 193),
(49, 'Psychokinese', 231),
(49, 'Käfergebrumm', 254),
(49, 'Falterreigen', 204),
(49, 'Hyperstrahl', 79),
(49, 'Schutzschild', 15),
(49, 'Gigasauger', 16),
(49, 'Solarstrahl', 36),
(49, 'Psychokinese', 21),
(49, 'Doppelteam', 37),
(49, 'Matschbombe', 38),
(49, 'Aero-Ass', 98),
(49, 'Fassade', 39),
(49, 'Erholung', 40),
(49, 'Anziehung', 41),
(49, 'Raub', 26),
(49, 'Fähigkeitstausch', 100),
(49, 'Ruheort', 134),
(49, 'Energieball', 42),
(49, 'Ausdauer', 44),
(49, 'Käfergebrumm', 170),
(49, 'Gigastoß', 81),
(49, 'Blitz', 45),
(49, 'Schlafrede', 47),
(49, 'Angeberei', 49),
(49, 'Kehrtwende', 173),
(49, 'Delegator', 50),
(49, 'Auflockern', 131),
(50, 'Kratzer', 1),
(50, 'Metallklaue', 1),
(50, 'Heuler', 87),
(50, 'Erstauner', 88),
(50, 'Lehmschelle', 5),
(50, 'Dampfwalze', 169),
(50, 'Tiefschlag', 67),
(50, 'Schlitzer', 9),
(50, 'Eisenschädel', 9),
(50, 'Sandsturm', 90),
(50, 'Schaufler', 91),
(50, 'Erdkräfte', 13),
(50, 'Erdbeben', 70),
(50, 'Geofissur', 74),
(50, 'Kreideschrei', 34),
(50, 'Erholung', 17),
(50, 'Steinhagel', 36),
(50, 'Raub', 105),
(50, 'Schnarcher', 18),
(50, 'Schutzschild', 19),
(50, 'Anziehung', 22),
(50, 'Sandsturm', 37),
(50, 'Sonnentag', 23),
(50, 'Prügler', 96),
(50, 'Fassade', 24),
(50, 'Felsgrab', 100),
(50, 'Gewissheit', 44),
(50, 'Dunkelklaue', 102),
(50, 'Kanon', 29),
(50, 'Dampfwalze', 77),
(50, 'Fruststampfer', 53),
(50, 'Sonnentag', 14),
(50, 'Schutzschild', 15),
(50, 'Erdbeben', 80),
(50, 'Schaufler', 20),
(50, 'Doppelteam', 37),
(50, 'Matschbombe', 38),
(50, 'Sandsturm', 96),
(50, 'Felsgrab', 24),
(50, 'Aero-Ass', 98),
(50, 'Fassade', 39),
(50, 'Erholung', 40),
(50, 'Anziehung', 41),
(50, 'Raub', 26),
(50, 'Ausdauer', 44),
(50, 'Tarnsteine', 29),
(50, 'Steinhagel', 109),
(50, 'Schlafrede', 47),
(50, 'Dampfwalze', 82),
(50, 'Angeberei', 49),
(50, 'Delegator', 50),
(50, 'Zerschneider', 51),
(50, 'Zertrümmerer', 53),
(50, 'Bodyslam', 55),
(50, 'Erdbeben', 84),
(50, 'Agilität', 208),
(50, 'Delegator', 57),
(50, 'Gegenschlag', 209),
(50, 'Matschbombe', 58),
(50, 'Ausdauer', 59),
(50, 'Schlafrede', 60),
(50, 'Aufruhr', 211),
(50, 'Erdkräfte', 86),
(50, 'Tarnsteine', 224),
(50, 'Seitentausch', 220),
(50, 'Kraftschub', 66),
(50, 'Eisenabwehr', 154),
(50, 'Lichtkanone', 166),
(50, 'Eisenschädel', 256),
(51, 'Sandgrab', 1),
(51, 'Nachthieb', 1),
(51, 'Triplette', 1),
(51, 'Sandwirbel', 1),
(51, 'Kratzer', 1),
(51, 'Heuler', 1),
(51, 'Erstauner', 1),
(51, 'Metallklaue', 1),
(51, 'Lehmschelle', 5),
(51, 'Dampfwalze', 169),
(51, 'Tiefschlag', 67),
(51, 'Schlitzer', 9),
(51, 'Eisenschädel', 9),
(51, 'Sandsturm', 11),
(51, 'Schaufler', 13),
(51, 'Erdkräfte', 121),
(51, 'Erdbeben', 122),
(51, 'Geofissur', 123),
(51, 'Gigastoß', 32),
(51, 'Schaufler', 79),
(51, 'Kreideschrei', 34),
(51, 'Erholung', 17),
(51, 'Steinhagel', 36),
(51, 'Raub', 105),
(51, 'Schnarcher', 18),
(51, 'Schutzschild', 19),
(51, 'Anziehung', 22),
(51, 'Sandsturm', 37),
(51, 'Sonnentag', 23),
(51, 'Prügler', 96),
(51, 'Fassade', 24),
(51, 'Felsgrab', 100),
(51, 'Sandgrab', 147),
(51, 'Gewissheit', 44),
(51, 'Dunkelklaue', 102),
(51, 'Kanon', 29),
(51, 'Dampfwalze', 77),
(51, 'Fruststampfer', 53),
(51, 'Sonnentag', 14),
(51, 'Hyperstrahl', 79),
(51, 'Schutzschild', 15),
(51, 'Erdbeben', 80),
(51, 'Schaufler', 20),
(51, 'Doppelteam', 37),
(51, 'Matschbombe', 38),
(51, 'Sandsturm', 96),
(51, 'Felsgrab', 24),
(51, 'Aero-Ass', 98),
(51, 'Fassade', 39),
(51, 'Erholung', 40),
(51, 'Anziehung', 41),
(51, 'Raub', 26),
(51, 'Ausdauer', 44),
(51, 'Gigastoß', 81),
(51, 'Steinkante', 227),
(51, 'Tarnsteine', 29),
(51, 'Steinhagel', 109),
(51, 'Schlafrede', 47),
(51, 'Dampfwalze', 82),
(51, 'Angeberei', 49),
(51, 'Delegator', 50),
(51, 'Zerschneider', 51),
(51, 'Zertrümmerer', 53),
(51, 'Bodyslam', 55),
(51, 'Erdbeben', 84),
(51, 'Agilität', 208),
(51, 'Triplette', 246),
(51, 'Delegator', 57),
(51, 'Gegenschlag', 209),
(51, 'Matschbombe', 58),
(51, 'Ausdauer', 59),
(51, 'Schlafrede', 60),
(51, 'Aufruhr', 211),
(51, 'Erdkräfte', 86),
(51, 'Steinkante', 229),
(51, 'Tarnsteine', 224),
(51, 'Schlammwoge', 240),
(51, 'Seitentausch', 220);

INSERT INTO T_Pokemon_Attacken (Pokedex_Nr, Attacke_Name, Lernmethode_ID) VALUES
(51, 'Kraftschub', 66),
(51, 'Pferdestärke', 241),
(51, 'Eisenabwehr', 154),
(51, 'Lichtkanone', 166),
(51, 'Eisenschädel', 256),
(52, 'Heuler', 1),
(52, 'Offenlegung', 87),
(52, 'Klauenwetzer', 87),
(52, 'Kratzer', 88),
(52, 'Zahltag', 5),
(52, 'Biss', 169),
(52, 'Metallklaue', 169),
(52, 'Verhöhner', 67),
(52, 'Gewissheit', 9),
(52, 'Angeberei', 9),
(52, 'Kratzfurie', 184),
(52, 'Kreideschrei', 91),
(52, 'Schlitzer', 13),
(52, 'Nachthieb', 13),
(52, 'Ränkeschmied', 70),
(52, 'Metallsound', 70),
(52, 'Knuddler', 74),
(52, 'Fuchtler', 74),
(52, 'Schaufler', 79),
(52, 'Kreideschrei', 34),
(52, 'Erholung', 17),
(52, 'Raub', 105),
(52, 'Schnarcher', 18),
(52, 'Schutzschild', 19),
(52, 'Eissturm', 141),
(52, 'Charme', 21),
(52, 'Anziehung', 22),
(52, 'Regentanz', 142),
(52, 'Sonnentag', 23),
(52, 'Fassade', 24),
(52, 'Sternschauer', 98),
(52, 'Kehrtwende', 107),
(52, 'Gegenstoß', 202),
(52, 'Gewissheit', 44),
(52, 'Dunkelklaue', 102),
(52, 'Kanon', 29),
(52, 'Heimzahlung', 163),
(52, 'Kraftschub', 33),
(52, 'Sonnentag', 14),
(52, 'Verhöhner', 201),
(52, 'Schutzschild', 15),
(52, 'Regentanz', 146),
(52, 'Eisenschweif', 105),
(52, 'Donnerblitz', 18),
(52, 'Donner', 19),
(52, 'Schaufler', 20),
(52, 'Spukball', 128),
(52, 'Doppelteam', 37),
(52, 'Schockwelle', 23),
(52, 'Aero-Ass', 98),
(52, 'Folterknecht', 25),
(52, 'Fassade', 39),
(52, 'Erholung', 40),
(52, 'Anziehung', 41),
(52, 'Raub', 26),
(52, 'Ausdauer', 44),
(52, 'Ränkeschmied', 205),
(52, 'Gegenstoß', 187),
(52, 'Blitz', 45),
(52, 'Psycho-Plus', 171),
(52, 'Finsteraura', 163),
(52, 'Schlafrede', 47),
(52, 'Traumfresser', 172),
(52, 'Angeberei', 49),
(52, 'Kehrtwende', 173),
(52, 'Delegator', 50),
(52, 'Zerschneider', 51),
(52, 'Bodyslam', 55),
(52, 'Donnerblitz', 206),
(52, 'Donner', 207),
(52, 'Amnesie', 56),
(52, 'Delegator', 57),
(52, 'Ausdauer', 59),
(52, 'Schlafrede', 60),
(52, 'Eisenschweif', 112),
(52, 'Spukball', 176),
(52, 'Aufruhr', 211),
(52, 'Verhöhner', 238),
(52, 'Schallwelle', 248),
(52, 'Finsteraura', 165),
(52, 'Samenbomben', 61),
(52, 'Ränkeschmied', 212),
(52, 'Mülltreffer', 257),
(52, 'Schmarotzer', 251),
(52, 'Kraftschub', 66),
(52, 'Knuddler', 215),
(52, 'Neck Strike', 225),
(52, 'Schwerttanz', 54),
(52, 'Knirscher', 113),
(52, 'Eisenabwehr', 154),
(52, 'Gyroball', 155),
(52, 'Eisenschädel', 256),
(53, 'Juwelenkraft', 1),
(53, 'Wechseldich', 1),
(53, 'Mogelhieb', 1),
(53, 'Heuler', 1),
(53, 'Offenlegung', 1),
(53, 'Kratzer', 1),
(53, 'Verzögerung', 1),
(53, 'Zahltag', 5),
(53, 'Biss', 169),
(53, 'Verhöhner', 67),
(53, 'Gewissheit', 9),
(53, 'Kratzfurie', 199),
(53, 'Kreideschrei', 13),
(53, 'Schlitzer', 121),
(53, 'Nachthieb', 121),
(53, 'Ränkeschmied', 122),
(53, 'Knuddler', 123),
(53, 'Hyperstrahl', 127),
(53, 'Gigastoß', 32),
(53, 'Schaufler', 79),
(53, 'Kreideschrei', 34),
(53, 'Erholung', 17),
(53, 'Raub', 105),
(53, 'Schnarcher', 18),
(53, 'Schutzschild', 19),
(53, 'Eissturm', 141),
(53, 'Charme', 21),
(53, 'Anziehung', 22),
(53, 'Regentanz', 142),
(53, 'Sonnentag', 23),
(53, 'Fassade', 24),
(53, 'Sternschauer', 98),
(53, 'Kehrtwende', 107),
(53, 'Gegenstoß', 202),
(53, 'Gewissheit', 44),
(53, 'Dunkelklaue', 102),
(53, 'Kanon', 29),
(53, 'Heimzahlung', 163),
(53, 'Brüller', 94),
(53, 'Kraftschub', 33),
(53, 'Sonnentag', 14),
(53, 'Verhöhner', 201),
(53, 'Hyperstrahl', 79),
(53, 'Schutzschild', 15),
(53, 'Regentanz', 146),
(53, 'Eisenschweif', 105),
(53, 'Donnerblitz', 18),
(53, 'Donner', 19),
(53, 'Schaufler', 20),
(53, 'Spukball', 128),
(53, 'Doppelteam', 37),
(53, 'Schockwelle', 23),
(53, 'Aero-Ass', 98),
(53, 'Folterknecht', 25),
(53, 'Fassade', 39),
(53, 'Erholung', 40),
(53, 'Anziehung', 41),
(53, 'Raub', 26),
(53, 'Ausdauer', 44),
(53, 'Ränkeschmied', 205),
(53, 'Gegenstoß', 187),
(53, 'Gigastoß', 81),
(53, 'Blitz', 45),
(53, 'Psycho-Plus', 171),
(53, 'Finsteraura', 163),
(53, 'Schlafrede', 47),
(53, 'Traumfresser', 172),
(53, 'Angeberei', 49),
(53, 'Kehrtwende', 173),
(53, 'Delegator', 50),
(53, 'Zerschneider', 51),
(53, 'Prügler', 96),
(53, 'Trugträne', 133),
(53, 'Standpauke', 172),
(53, 'Bodyslam', 55),
(53, 'Donnerblitz', 206),
(53, 'Donner', 207),
(53, 'Amnesie', 56),
(53, 'Delegator', 57),
(53, 'Ausdauer', 59),
(53, 'Schlafrede', 60),
(53, 'Eisenschweif', 112),
(53, 'Spukball', 176),
(53, 'Aufruhr', 211),
(53, 'Verhöhner', 238),
(53, 'Schallwelle', 248),
(53, 'Finsteraura', 165),
(53, 'Samenbomben', 61),
(53, 'Juwelenkraft', 258),
(53, 'Ränkeschmied', 212),
(53, 'Mülltreffer', 257),
(53, 'Schmarotzer', 251),
(53, 'Kraftschub', 66),
(53, 'Knuddler', 215),
(53, 'Neck Strike', 225),
(54, 'Rutenschlag', 1),
(54, 'Aquaknarre', 2),
(54, 'Konfusion', 3),
(54, 'Kratzfurie', 4),
(54, 'Aquawelle', 5),
(54, 'Aussetzer', 6),
(54, 'Zen-Kopfstoß', 7),
(54, 'Kreideschrei', 8),
(54, 'Nassschweif', 9),
(54, 'Überflutung', 10),
(54, 'Psycho-Plus', 11),
(54, 'Amnesie', 200),
(54, 'Hydropumpe', 13),
(54, 'Wunderraum', 124),
(54, 'Megakick', 92),
(54, 'Zahltag', 104),
(54, 'Eishieb', 140),
(54, 'Schaufler', 79),
(54, 'Kreideschrei', 34),
(54, 'Lichtschild', 15),
(54, 'Erholung', 17),
(54, 'Schnarcher', 18),
(54, 'Schutzschild', 19),
(54, 'Eissturm', 141),
(54, 'Anziehung', 22),
(54, 'Regentanz', 142),
(54, 'Hagelsturm', 106),
(54, 'Whirlpool', 38),
(54, 'Fassade', 24),
(54, 'Sternschauer', 98),
(54, 'Durchbruch', 99),
(54, 'Taucher', 41),
(54, 'Lake', 143),
(54, 'Schleuder', 101),
(54, 'Dunkelklaue', 102),
(54, 'Wunderraum', 227),
(54, 'Kanon', 29),
(54, 'Aquawelle', 93),
(54, 'Gedankengut', 140),
(54, 'Hagelsturm', 144),
(54, 'Eisstrahl', 95),
(54, 'Blizzard', 145),
(54, 'Lichtschild', 34),
(54, 'Schutzschild', 15),
(54, 'Regentanz', 146),
(54, 'Eisenschweif', 105),
(54, 'Schaufler', 20),
(54, 'Psychokinese', 21),
(54, 'Durchbruch', 22),
(54, 'Doppelteam', 37),
(54, 'Aero-Ass', 98),
(54, 'Fassade', 39),
(54, 'Erholung', 40),
(54, 'Anziehung', 41),
(54, 'Siedewasser', 147),
(54, 'Schleuder', 107),
(54, 'Ausdauer', 44),
(54, 'Blitz', 45),
(54, 'Psycho-Plus', 171),
(54, 'Schlafrede', 47),
(54, 'Angeberei', 49),
(54, 'Delegator', 50),
(54, 'Surfer', 130),
(54, 'Stärke', 52),
(54, 'Zertrümmerer', 53),
(54, 'Kaskade', 132),
(54, 'Bodyslam', 55),
(54, 'Hydropumpe', 148),
(54, 'Surfer', 149),
(54, 'Eisstrahl', 150),
(54, 'Blizzard', 151),
(54, 'Psychokinese', 174),
(54, 'Kaskade', 152),
(54, 'Amnesie', 56),
(54, 'Delegator', 57),
(54, 'Psychoschock', 216),
(54, 'Ausdauer', 59),
(54, 'Schlafrede', 60),
(54, 'Zugabe', 210),
(54, 'Eisenschweif', 112),
(54, 'Seher', 217),
(54, 'Gedankengut', 218),
(54, 'Zen-Kopfstoß', 157),
(54, 'Siedewasser', 158),
(55, 'Kratzer', 1),
(55, 'Rutenschlag', 1),
(55, 'Aquaknarre', 1),
(55, 'Konfusion', 1),
(55, 'Kratzfurie', 4),
(55, 'Aquawelle', 5),
(55, 'Aussetzer', 6),
(55, 'Zen-Kopfstoß', 7),
(55, 'Kreideschrei', 8),
(55, 'Nassschweif', 9),
(55, 'Überflutung', 10),
(55, 'Psycho-Plus', 11),
(55, 'Amnesie', 13),
(55, 'Hydropumpe', 70),
(55, 'Wunderraum', 71),
(55, 'Megakick', 92),
(55, 'Zahltag', 104),
(55, 'Eishieb', 140),
(55, 'Hyperstrahl', 127),
(55, 'Gigastoß', 32),
(55, 'Schaufler', 79),
(55, 'Kreideschrei', 34),
(55, 'Lichtschild', 15),
(55, 'Erholung', 17),
(55, 'Schnarcher', 18),
(55, 'Schutzschild', 19),
(55, 'Eissturm', 141),
(55, 'Anziehung', 22),
(55, 'Regentanz', 142),
(55, 'Hagelsturm', 106),
(55, 'Whirlpool', 38),
(55, 'Fassade', 24),
(55, 'Sternschauer', 98),
(55, 'Durchbruch', 99),
(55, 'Taucher', 41),
(55, 'Lake', 143),
(55, 'Schleuder', 101),
(55, 'Dunkelklaue', 102),
(55, 'Wunderraum', 227),
(55, 'Fußtritt', 46),
(55, 'Kanon', 29),
(55, 'Aquawelle', 93),
(55, 'Gedankengut', 140),
(55, 'Hagelsturm', 144),
(55, 'Eisstrahl', 95),
(55, 'Blizzard', 145),
(55, 'Hyperstrahl', 79),
(55, 'Lichtschild', 34),
(55, 'Schutzschild', 15),
(55, 'Regentanz', 146),
(55, 'Eisenschweif', 105),
(55, 'Fußtritt', 141),
(55, 'Schaufler', 20),
(55, 'Psychokinese', 21),
(55, 'Durchbruch', 22),
(55, 'Doppelteam', 37),
(55, 'Aero-Ass', 98),
(55, 'Fassade', 39),
(55, 'Erholung', 40),
(55, 'Anziehung', 41),
(55, 'Siedewasser', 147),
(55, 'Fokusstoß', 135),
(55, 'Schleuder', 107),
(55, 'Ausdauer', 44),
(55, 'Gigastoß', 81),
(55, 'Blitz', 45),
(55, 'Psycho-Plus', 171),
(55, 'Schlafrede', 47),
(55, 'Angeberei', 49),
(55, 'Delegator', 50),
(55, 'Surfer', 130),
(55, 'Stärke', 52),
(55, 'Zertrümmerer', 53),
(55, 'Kaskade', 132),
(55, 'Kraxler', 83),
(55, 'Bodyslam', 55),
(55, 'Hydropumpe', 148),
(55, 'Surfer', 149),
(55, 'Eisstrahl', 150),
(55, 'Blizzard', 151),
(55, 'Fußkick', 259),
(55, 'Psychokinese', 174),
(55, 'Kaskade', 152),
(55, 'Amnesie', 56),
(55, 'Delegator', 57),
(55, 'Psychoschock', 216),
(55, 'Ausdauer', 59),
(55, 'Schlafrede', 60),
(55, 'Zugabe', 210),
(55, 'Eisenschweif', 112),
(55, 'Seher', 217),
(55, 'Lehmbrühe', 153),
(55, 'Gedankengut', 218),
(55, 'Fokusstoß', 137),
(55, 'Zen-Kopfstoß', 157),
(55, 'Siedewasser', 158),
(55, 'Aquadurchstoß', 167),
(56, 'Kratzer', 1),
(56, 'Fußkick', 1),
(56, 'Silberblick', 1),
(56, 'Energiefokus', 1),
(56, 'Kratzfurie', 189),
(56, 'Lehmschelle', 88),
(56, 'Geowurf', 5),
(56, 'Heimzahlung', 6),
(56, 'Angeberei', 120),
(56, 'Kreuzhieb', 192),
(56, 'Gewissheit', 183),
(56, 'Schädelwumme', 184),
(56, 'Fuchtler', 12),
(56, 'Nahkampf', 13),
(56, 'Kreideschrei', 70),
(56, 'Fruststampfer', 235),
(56, 'Wutanfall', 193),
(56, 'Wagemut', 72),
(56, 'Protzer', 127),
(56, 'Kraftschub', 33),
(56, 'Sonnentag', 14),
(56, 'Verhöhner', 201),
(56, 'Schutzschild', 15),
(56, 'Regentanz', 146),
(56, 'Eisenschweif', 105),
(56, 'Donnerblitz', 18),
(56, 'Donner', 19),
(56, 'Erdbeben', 80),
(56, 'Fußtritt', 141),
(56, 'Schaufler', 20),
(56, 'Durchbruch', 22),
(56, 'Doppelteam', 37),
(56, 'Felsgrab', 24),
(56, 'Aero-Ass', 98),
(56, 'Fassade', 39),
(56, 'Erholung', 40),
(56, 'Anziehung', 41),
(56, 'Raub', 26),
(56, 'Hitzekoller', 27),
(56, 'Fokusstoß', 135),
(56, 'Schleuder', 107),
(56, 'Ausdauer', 44),
(56, 'Gegenstoß', 187),
(56, 'Steinhagel', 109),
(56, 'Schlafrede', 47),
(56, 'Dampfwalze', 82),
(56, 'Gifthieb', 188),
(56, 'Angeberei', 49),
(56, 'Kehrtwende', 173),
(56, 'Delegator', 50),
(56, 'Stärke', 52),
(56, 'Zertrümmerer', 53),
(56, 'Kraxler', 83),
(57, 'Schleuder', 1),
(57, 'Kratzer', 1),
(57, 'Fußkick', 1),
(57, 'Silberblick', 1),
(57, 'Energiefokus', 1),
(57, 'Bezirzer', 1),
(57, 'Kratzfurie', 189),
(57, 'Lehmschelle', 88),
(57, 'Geowurf', 5),
(57, 'Heimzahlung', 6),
(57, 'Angeberei', 120),
(57, 'Kreuzhieb', 192),
(57, 'Gewissheit', 183),
(57, 'Schädelwumme', 11),
(57, 'Fuchtler', 69),
(57, 'Nahkampf', 124),
(57, 'Kreideschrei', 74),
(57, 'Fruststampfer', 122),
(57, 'Wutanfall', 191),
(57, 'Wagemut', 195),
(57, 'Protzer', 127),
(57, 'Kraftschub', 33),
(57, 'Sonnentag', 14),
(57, 'Verhöhner', 201),
(57, 'Hyperstrahl', 79),
(57, 'Schutzschild', 15),
(57, 'Regentanz', 146),
(57, 'Eisenschweif', 105),
(57, 'Donnerblitz', 18),
(57, 'Donner', 19),
(57, 'Erdbeben', 80),
(57, 'Fußtritt', 141),
(57, 'Schaufler', 20),
(57, 'Durchbruch', 22),
(57, 'Doppelteam', 37),
(57, 'Felsgrab', 24),
(57, 'Aero-Ass', 98),
(57, 'Fassade', 39),
(57, 'Erholung', 40),
(57, 'Anziehung', 41),
(57, 'Raub', 26),
(57, 'Hitzekoller', 27),
(57, 'Fokusstoß', 135),
(57, 'Schleuder', 107),
(57, 'Ausdauer', 44),
(57, 'Gegenstoß', 187),
(57, 'Gigastoß', 81),
(57, 'Steinkante', 227),
(57, 'Steinhagel', 109),
(57, 'Schlafrede', 47),
(57, 'Dampfwalze', 82),
(57, 'Gifthieb', 188),
(57, 'Angeberei', 49),
(57, 'Kehrtwende', 173),
(57, 'Delegator', 50),
(57, 'Stärke', 52),
(57, 'Zertrümmerer', 53),
(57, 'Kraxler', 83),
(58, 'Silberblick', 1),
(58, 'Jauler', 87),
(58, 'Biss', 88),
(58, 'Flammenrad', 5),
(58, 'Rechte Hand', 169),
(58, 'Agilität', 67),
(58, 'Feuerzahn', 9),
(58, 'Heimzahlung', 90),
(58, 'Knirscher', 91),
(58, 'Bodycheck', 13),
(58, 'Flammenwurf', 70),
(58, 'Brüller', 74),
(58, 'Knuddler', 122),
(58, 'Gegenschlag', 194),
(58, 'Flammenblitz', 160),
(58, 'Schaufler', 79);

INSERT INTO T_Pokemon_Attacken (Pokedex_Nr, Attacke_Name, Lernmethode_ID) VALUES
(58, 'Bodyguard', 16),
(58, 'Erholung', 17),
(58, 'Raub', 105),
(58, 'Schnarcher', 18),
(58, 'Schutzschild', 19),
(58, 'Anziehung', 22),
(58, 'Sonnentag', 23),
(58, 'Irrlicht', 97),
(58, 'Fassade', 24),
(58, 'Sternschauer', 98),
(58, 'Rechte Hand', 25),
(58, 'Feuerzahn', 81),
(58, 'Kanon', 29),
(58, 'Heimzahlung', 163),
(58, 'Standpauke', 172),
(58, 'Sonnentag', 14),
(58, 'Schutzschild', 15),
(58, 'Bodyguard', 35),
(58, 'Eisenschweif', 105),
(58, 'Schaufler', 20),
(58, 'Doppelteam', 37),
(58, 'Flammenwurf', 106),
(58, 'Feuersturm', 97),
(58, 'Aero-Ass', 98),
(58, 'Fassade', 39),
(58, 'Erholung', 40),
(58, 'Anziehung', 41),
(58, 'Raub', 26),
(58, 'Hitzekoller', 27),
(58, 'Ausdauer', 44),
(58, 'Irrlicht', 108),
(58, 'Standpauke', 103),
(58, 'Schlafrede', 47),
(58, 'Angeberei', 49),
(58, 'Delegator', 50),
(58, 'Stärke', 52),
(58, 'Zertrümmerer', 53),
(58, 'Bodyslam', 55),
(58, 'Flammenwurf', 110),
(58, 'Agilität', 208),
(58, 'Feuersturm', 111),
(58, 'Delegator', 57),
(58, 'Gegenschlag', 209),
(58, 'Wutanfall', 85),
(58, 'Ausdauer', 59),
(58, 'Schlafrede', 60),
(58, 'Eisenschweif', 112),
(58, 'Knirscher', 113),
(58, 'Hitzewelle', 114),
(58, 'Hitzekoller', 115),
(58, 'Nahkampf', 260),
(58, 'Flammenblitz', 118),
(58, 'Stromstoß', 214),
(58, 'Knuddler', 215),
(58, 'Psychobeißer', 261),
(59, 'Turbotempo', 1),
(59, 'Ausbrennen', 1),
(59, 'Flammenrad', 1),
(59, 'Rechte Hand', 1),
(59, 'Agilität', 1),
(59, 'Feuerzahn', 1),
(59, 'Heimzahlung', 1),
(59, 'Knirscher', 1),
(59, 'Bodycheck', 1),
(59, 'Flammenwurf', 1),
(59, 'Brüller', 1),
(59, 'Knuddler', 1),
(59, 'Gegenschlag', 1),
(59, 'Flammenblitz', 1),
(59, 'Glut', 1),
(59, 'Silberblick', 1),
(59, 'Jauler', 1),
(59, 'Biss', 1),
(59, 'Gigastoß', 32),
(59, 'Solarstrahl', 14),
(59, 'Feuerwirbel', 95),
(59, 'Schaufler', 79),
(59, 'Bodyguard', 16),
(59, 'Erholung', 17),
(59, 'Raub', 105),
(59, 'Schnarcher', 18),
(59, 'Schutzschild', 19),
(59, 'Grimasse', 80),
(59, 'Anziehung', 22),
(59, 'Sonnentag', 23),
(59, 'Irrlicht', 97),
(59, 'Fassade', 24),
(59, 'Sternschauer', 98),
(59, 'Rechte Hand', 25),
(59, 'Donnerzahn', 187),
(59, 'Feuerzahn', 81),
(59, 'Kanon', 29),
(59, 'Heimzahlung', 163),
(59, 'Dampfwalze', 77),
(59, 'Standpauke', 172),
(59, 'Sonnentag', 14),
(59, 'Hyperstrahl', 79),
(59, 'Schutzschild', 15),
(59, 'Bodyguard', 35),
(59, 'Solarstrahl', 36),
(59, 'Eisenschweif', 105),
(59, 'Schaufler', 20),
(59, 'Doppelteam', 37),
(59, 'Flammenwurf', 106),
(59, 'Feuersturm', 97),
(59, 'Aero-Ass', 98),
(59, 'Fassade', 39),
(59, 'Erholung', 40),
(59, 'Anziehung', 41),
(59, 'Raub', 26),
(59, 'Hitzekoller', 27),
(59, 'Ausdauer', 44),
(59, 'Drachenpuls', 101),
(59, 'Irrlicht', 108),
(59, 'Gigastoß', 81),
(59, 'Standpauke', 103),
(59, 'Schlafrede', 47),
(59, 'Dampfwalze', 82),
(59, 'Angeberei', 49),
(59, 'Delegator', 50),
(59, 'Stärke', 52),
(59, 'Zertrümmerer', 53),
(59, 'Kraxler', 83),
(59, 'Bodyslam', 55),
(59, 'Flammenwurf', 110),
(59, 'Agilität', 208),
(59, 'Feuersturm', 111),
(59, 'Delegator', 57),
(59, 'Gegenschlag', 209),
(59, 'Wutanfall', 85),
(59, 'Ausdauer', 59),
(59, 'Schlafrede', 60),
(59, 'Eisenschweif', 112),
(59, 'Knirscher', 113),
(59, 'Hitzewelle', 114),
(59, 'Schallwelle', 248),
(59, 'Hitzekoller', 115),
(59, 'Nahkampf', 260),
(59, 'Flammenblitz', 118),
(59, 'Drachenpuls', 119),
(59, 'Eisenschädel', 256),
(59, 'Stromstoß', 214),
(59, 'Knuddler', 215),
(59, 'Psychobeißer', 261),
(60, 'Hypnose', 1),
(60, 'Klaps', 3),
(60, 'Lehmschuss', 5),
(60, 'Blubbstrahl', 7),
(60, 'Regentanz', 9),
(60, 'Bodyslam', 11),
(60, 'Erdkräfte', 13),
(60, 'Hydropumpe', 121),
(60, 'Bauchtrommel', 122),
(60, 'Risikotackle', 123),
(60, 'Erholung', 17),
(60, 'Raub', 105),
(60, 'Schnarcher', 18),
(60, 'Schutzschild', 19),
(60, 'Eissturm', 141),
(60, 'Anziehung', 22),
(60, 'Regentanz', 142),
(60, 'Hagelsturm', 106),
(60, 'Whirlpool', 38),
(60, 'Fassade', 24),
(60, 'Rechte Hand', 25),
(60, 'Taucher', 41),
(60, 'Lehmschuss', 42),
(60, 'Kanon', 29),
(60, 'Dampfwalze', 77),
(60, 'Hagelsturm', 144),
(60, 'Eisstrahl', 95),
(60, 'Blizzard', 145),
(60, 'Schutzschild', 15),
(60, 'Regentanz', 146),
(60, 'Schaufler', 20),
(60, 'Psychokinese', 21),
(60, 'Doppelteam', 37),
(60, 'Fassade', 39),
(60, 'Erholung', 40),
(60, 'Anziehung', 41),
(60, 'Raub', 26),
(60, 'Siedewasser', 147),
(60, 'Ausdauer', 44),
(60, 'Schlafrede', 47),
(60, 'Dampfwalze', 82),
(60, 'Angeberei', 49),
(60, 'Delegator', 50),
(60, 'Surfer', 130),
(60, 'Kaskade', 132),
(60, 'Bodyslam', 55),
(60, 'Hydropumpe', 148),
(60, 'Surfer', 149),
(60, 'Eisstrahl', 150),
(60, 'Blizzard', 151),
(60, 'Psychokinese', 174),
(60, 'Kaskade', 152),
(60, 'Delegator', 57),
(60, 'Ausdauer', 59),
(60, 'Schlafrede', 60),
(60, 'Zugabe', 210),
(60, 'Lehmbrühe', 153),
(60, 'Erdkräfte', 86),
(60, 'Siedewasser', 158),
(61, 'Hypnose', 1),
(61, 'Klaps', 1),
(61, 'Lehmschuss', 1),
(61, 'Blubbstrahl', 7),
(61, 'Regentanz', 9),
(61, 'Bodyslam', 91),
(61, 'Erdkräfte', 70),
(61, 'Hydropumpe', 122),
(61, 'Bauchtrommel', 160),
(61, 'Risikotackle', 255),
(61, 'Megakick', 92),
(61, 'Eishieb', 140),
(61, 'Schaufler', 79),
(61, 'Erholung', 17),
(61, 'Raub', 105),
(61, 'Schnarcher', 18),
(61, 'Schutzschild', 19),
(61, 'Eissturm', 141),
(61, 'Anziehung', 22),
(61, 'Regentanz', 142),
(61, 'Hagelsturm', 106),
(61, 'Whirlpool', 38),
(61, 'Fassade', 24),
(61, 'Rechte Hand', 25),
(61, 'Durchbruch', 99),
(61, 'Taucher', 41),
(61, 'Lehmschuss', 42),
(61, 'Schleuder', 101),
(61, 'Kanon', 29),
(61, 'Dampfwalze', 77),
(61, 'Aquawelle', 93),
(61, 'Hagelsturm', 144),
(61, 'Eisstrahl', 95),
(61, 'Blizzard', 145),
(61, 'Schutzschild', 15),
(61, 'Regentanz', 146),
(61, 'Erdbeben', 80),
(61, 'Schaufler', 20),
(61, 'Psychokinese', 21),
(61, 'Durchbruch', 22),
(61, 'Doppelteam', 37),
(61, 'Fassade', 39),
(61, 'Erholung', 40),
(61, 'Anziehung', 41),
(61, 'Raub', 26),
(61, 'Siedewasser', 147),
(61, 'Schleuder', 107),
(61, 'Ausdauer', 44),
(61, 'Schlafrede', 47),
(61, 'Dampfwalze', 82),
(61, 'Angeberei', 49),
(61, 'Delegator', 50),
(61, 'Surfer', 130),
(61, 'Stärke', 52),
(61, 'Zertrümmerer', 53),
(61, 'Kaskade', 132),
(61, 'Bodyslam', 55),
(61, 'Hydropumpe', 148),
(61, 'Surfer', 149),
(61, 'Eisstrahl', 150),
(61, 'Blizzard', 151),
(61, 'Erdbeben', 84),
(61, 'Psychokinese', 174),
(61, 'Metronom', 245),
(61, 'Kaskade', 152),
(61, 'Delegator', 57),
(61, 'Ausdauer', 59),
(61, 'Schlafrede', 60),
(61, 'Zugabe', 210),
(61, 'Lehmbrühe', 153),
(61, 'Erdkräfte', 86),
(61, 'Siedewasser', 158),
(62, 'Überroller', 1),
(62, 'Überkopfwurf', 1),
(62, 'Willensleser', 1),
(62, 'Wuchtschlag', 1),
(62, 'Blubbstrahl', 1),
(62, 'Regentanz', 1),
(62, 'Bodyslam', 1),
(62, 'Erdkräfte', 1),
(62, 'Hydropumpe', 1),
(62, 'Bauchtrommel', 1),
(62, 'Risikotackle', 1),
(62, 'Aquaknarre', 1),
(62, 'Hypnose', 1),
(62, 'Klaps', 1),
(62, 'Lehmschuss', 1),
(62, 'Megakick', 92),
(62, 'Eishieb', 140),
(62, 'Hyperstrahl', 127),
(62, 'Gigastoß', 32),
(62, 'Schaufler', 79),
(62, 'Erholung', 17),
(62, 'Steinhagel', 36),
(62, 'Raub', 105),
(62, 'Schnarcher', 18),
(62, 'Schutzschild', 19),
(62, 'Eissturm', 141),
(62, 'Anziehung', 22),
(62, 'Regentanz', 142),
(62, 'Hagelsturm', 106),
(62, 'Whirlpool', 38),
(62, 'Fassade', 24),
(62, 'Rechte Hand', 25),
(62, 'Durchbruch', 99),
(62, 'Taucher', 41),
(62, 'Felsgrab', 100),
(62, 'Lehmschuss', 42),
(62, 'Gegenstoß', 202),
(62, 'Schleuder', 101),
(62, 'Ableithieb', 205),
(62, 'Fußtritt', 46),
(62, 'Kanon', 29),
(62, 'Dampfwalze', 77),
(62, 'Aquawelle', 93),
(62, 'Hagelsturm', 144),
(62, 'Protzer', 127),
(62, 'Kraftschub', 33),
(62, 'Eisstrahl', 95),
(62, 'Blizzard', 145),
(62, 'Hyperstrahl', 79),
(62, 'Schutzschild', 15),
(62, 'Regentanz', 146),
(62, 'Erdbeben', 80),
(62, 'Fußtritt', 141),
(62, 'Schaufler', 20),
(62, 'Psychokinese', 21),
(62, 'Durchbruch', 22),
(62, 'Doppelteam', 37),
(62, 'Felsgrab', 24),
(62, 'Fassade', 39),
(62, 'Erholung', 40),
(62, 'Anziehung', 41),
(62, 'Raub', 26),
(62, 'Siedewasser', 147),
(62, 'Fokusstoß', 135),
(62, 'Schleuder', 107),
(62, 'Ausdauer', 44),
(62, 'Ableithieb', 243),
(62, 'Gegenstoß', 187),
(62, 'Gigastoß', 81),
(62, 'Steinhagel', 109),
(62, 'Schlafrede', 47),
(62, 'Dampfwalze', 82),
(62, 'Gifthieb', 188),
(62, 'Angeberei', 49),
(62, 'Delegator', 50),
(62, 'Surfer', 130),
(62, 'Stärke', 52),
(62, 'Zertrümmerer', 53),
(62, 'Kaskade', 132),
(62, 'Kraxler', 83),
(62, 'Bodyslam', 55),
(62, 'Hydropumpe', 148),
(62, 'Surfer', 149),
(62, 'Eisstrahl', 150),
(62, 'Blizzard', 151),
(62, 'Erdbeben', 84),
(62, 'Psychokinese', 174),
(62, 'Metronom', 245),
(62, 'Kaskade', 152),
(62, 'Delegator', 57),
(62, 'Gegenschlag', 209),
(62, 'Ausdauer', 59),
(62, 'Schlafrede', 60),
(62, 'Zugabe', 210),
(62, 'Kraftkoloss', 239),
(62, 'Lehmbrühe', 153),
(62, 'Protzer', 262),
(62, 'Nahkampf', 260),
(62, 'Gifthieb', 222),
(62, 'Fokusstoß', 137),
(62, 'Erdkräfte', 86),
(62, 'Siedewasser', 158),
(62, 'Kraftschub', 66),
(62, 'Dark Lariat', 263),
(62, 'Pferdestärke', 241),
(62, 'Neck Strike', 225),
(62, 'Aquadurchstoß', 167),
(63, 'Megakick', 92),
(63, 'Feuerschlag', 93),
(63, 'Eishieb', 140),
(63, 'Donnerschlag', 94),
(63, 'Donnerwelle', 145),
(63, 'Lichtschild', 15),
(63, 'Reflektor', 146),
(63, 'Bodyguard', 16),
(63, 'Erholung', 17),
(63, 'Raub', 105),
(63, 'Schnarcher', 18),
(63, 'Schutzschild', 19),
(63, 'Anziehung', 22),
(63, 'Regentanz', 142),
(63, 'Sonnentag', 23),
(63, 'Fassade', 24),
(63, 'Sternschauer', 98),
(63, 'Schleuder', 101),
(63, 'Krafttausch', 243),
(63, 'Schutztausch', 108),
(63, 'Initiativetausch', 170),
(63, 'Ableithieb', 205),
(63, 'Bizarroraum', 45),
(63, 'Wunderraum', 227),
(63, 'Magieraum', 162),
(63, 'Kanon', 29),
(63, 'Psychofeld', 164),
(63, 'Gedankengut', 140),
(63, 'Sonnentag', 14),
(63, 'Verhöhner', 201),
(63, 'Lichtschild', 34),
(63, 'Schutzschild', 15),
(63, 'Regentanz', 146),
(63, 'Bodyguard', 35),
(63, 'Zauberschein', 17),
(63, 'Eisenschweif', 105),
(63, 'Psychokinese', 21),
(63, 'Spukball', 128),
(63, 'Doppelteam', 37),
(63, 'Reflektor', 142),
(63, 'Schockwelle', 23),
(63, 'Folterknecht', 25),
(63, 'Fassade', 39),
(63, 'Erholung', 40),
(63, 'Anziehung', 41),
(63, 'Raub', 26),
(63, 'Fähigkeitstausch', 100),
(63, 'Energieball', 42),
(63, 'Schleuder', 107),
(63, 'Ladestrahl', 202),
(63, 'Ausdauer', 44),
(63, 'Ableithieb', 243),
(63, 'Aufbereitung', 244),
(63, 'Blitz', 45),
(63, 'Donnerwelle', 203),
(63, 'Psycho-Plus', 171),
(63, 'Schlafrede', 47),
(63, 'Traumfresser', 172),
(63, 'Strauchler', 48),
(63, 'Angeberei', 49),
(63, 'Delegator', 50),
(63, 'Bizarroraum', 129),
(63, 'Bodyslam', 55),
(63, 'Psychokinese', 174),
(63, 'Metronom', 245),
(63, 'Triplette', 246),
(63, 'Delegator', 57),
(63, 'Psychoschock', 216),
(63, 'Ausdauer', 59),
(63, 'Schlafrede', 60),
(63, 'Zugabe', 210),
(63, 'Eisenschweif', 112),
(63, 'Spukball', 176),
(63, 'Verhöhner', 238),
(63, 'Trickbetrug', 247),
(63, 'Fähigkeitstausch', 177),
(63, 'Gedankengut', 218),
(63, 'Energieball', 62),
(63, 'Zen-Kopfstoß', 157),
(63, 'Strauchler', 65),
(63, 'Schmarotzer', 251),
(63, 'Seitentausch', 220),
(63, 'Zauberschein', 250),
(64, 'Konfusion', 1),
(64, 'Psykraft', 1),
(64, 'Aussetzer', 1),
(64, 'Teleport', 1),
(64, 'Psystrahl', 189),
(64, 'Reflektor', 198),
(64, 'Seitentausch', 6),
(64, 'Psychoklinge', 67),
(64, 'Genesung', 68),
(64, 'Psychoschock', 11),
(64, 'Psychokinese', 69),
(64, 'Rollenspiel', 70),
(64, 'Seher', 71),
(64, 'Gedankengut', 72),
(64, 'Megakick', 92),
(64, 'Feuerschlag', 93),
(64, 'Eishieb', 140),
(64, 'Donnerschlag', 94),
(64, 'Donnerwelle', 145),
(64, 'Lichtschild', 15),
(64, 'Reflektor', 146),
(64, 'Bodyguard', 16),
(64, 'Erholung', 17),
(64, 'Raub', 105),
(64, 'Schnarcher', 18),
(64, 'Schutzschild', 19),
(64, 'Anziehung', 22),
(64, 'Regentanz', 142),
(64, 'Sonnentag', 23),
(64, 'Fassade', 24),
(64, 'Sternschauer', 98),
(64, 'Schleuder', 101),
(64, 'Krafttausch', 243),
(64, 'Schutztausch', 108),
(64, 'Initiativetausch', 170);

INSERT INTO T_Pokemon_Attacken (Pokedex_Nr, Attacke_Name, Lernmethode_ID) VALUES
(64, 'Ableithieb', 205),
(64, 'Psychoklinge', 264),
(64, 'Bizarroraum', 45),
(64, 'Wunderraum', 227),
(64, 'Magieraum', 162),
(64, 'Kanon', 29),
(64, 'Psychofeld', 164),
(64, 'Gedankengut', 140),
(64, 'Sonnentag', 14),
(64, 'Verhöhner', 201),
(64, 'Lichtschild', 34),
(64, 'Schutzschild', 15),
(64, 'Regentanz', 146),
(64, 'Bodyguard', 35),
(64, 'Zauberschein', 17),
(64, 'Eisenschweif', 105),
(64, 'Psychokinese', 21),
(64, 'Spukball', 128),
(64, 'Doppelteam', 37),
(64, 'Reflektor', 142),
(64, 'Schockwelle', 23),
(64, 'Folterknecht', 25),
(64, 'Fassade', 39),
(64, 'Erholung', 40),
(64, 'Anziehung', 41),
(64, 'Raub', 26),
(64, 'Fähigkeitstausch', 100),
(64, 'Energieball', 42),
(64, 'Schleuder', 107),
(64, 'Ladestrahl', 202),
(64, 'Ausdauer', 44),
(64, 'Ableithieb', 243),
(64, 'Aufbereitung', 244),
(64, 'Blitz', 45),
(64, 'Donnerwelle', 203),
(64, 'Psycho-Plus', 171),
(64, 'Schlafrede', 47),
(64, 'Traumfresser', 172),
(64, 'Strauchler', 48),
(64, 'Angeberei', 49),
(64, 'Delegator', 50),
(64, 'Bizarroraum', 129),
(64, 'Bodyslam', 55),
(64, 'Psychokinese', 174),
(64, 'Metronom', 245),
(64, 'Triplette', 246),
(64, 'Delegator', 57),
(64, 'Psychoschock', 216),
(64, 'Ausdauer', 59),
(64, 'Schlafrede', 60),
(64, 'Zugabe', 210),
(64, 'Eisenschweif', 112),
(64, 'Spukball', 176),
(64, 'Seher', 217),
(64, 'Verhöhner', 238),
(64, 'Trickbetrug', 247),
(64, 'Fähigkeitstausch', 177),
(64, 'Gedankengut', 218),
(64, 'Energieball', 62),
(64, 'Zen-Kopfstoß', 157),
(64, 'Strauchler', 65),
(64, 'Schmarotzer', 251),
(64, 'Seitentausch', 220),
(64, 'Zauberschein', 250),
(65, 'Psykraft', 1),
(65, 'Aussetzer', 1),
(65, 'Teleport', 1),
(65, 'Psystrahl', 189),
(65, 'Reflektor', 198),
(65, 'Seitentausch', 6),
(65, 'Psychoklinge', 67),
(65, 'Genesung', 68),
(65, 'Psychoschock', 11),
(65, 'Psychokinese', 69),
(65, 'Rollenspiel', 70),
(65, 'Seher', 71),
(65, 'Gedankengut', 72),
(65, 'Megakick', 92),
(65, 'Feuerschlag', 93),
(65, 'Eishieb', 140),
(65, 'Donnerschlag', 94),
(65, 'Hyperstrahl', 127),
(65, 'Gigastoß', 32),
(65, 'Donnerwelle', 145),
(65, 'Lichtschild', 15),
(65, 'Reflektor', 146),
(65, 'Bodyguard', 16),
(65, 'Erholung', 17),
(65, 'Raub', 105),
(65, 'Schnarcher', 18),
(65, 'Schutzschild', 19),
(65, 'Anziehung', 22),
(65, 'Regentanz', 142),
(65, 'Sonnentag', 23),
(65, 'Fassade', 24),
(65, 'Sternschauer', 98),
(65, 'Begrenzer', 40),
(65, 'Schleuder', 101),
(65, 'Krafttausch', 243),
(65, 'Schutztausch', 108),
(65, 'Initiativetausch', 170),
(65, 'Ableithieb', 205),
(65, 'Psychoklinge', 264),
(65, 'Bizarroraum', 45),
(65, 'Wunderraum', 227),
(65, 'Magieraum', 162),
(65, 'Kanon', 29),
(65, 'Psychofeld', 164),
(65, 'Gedankengut', 140),
(65, 'Sonnentag', 14),
(65, 'Verhöhner', 201),
(65, 'Hyperstrahl', 79),
(65, 'Lichtschild', 34),
(65, 'Schutzschild', 15),
(65, 'Regentanz', 146),
(65, 'Bodyguard', 35),
(65, 'Zauberschein', 17),
(65, 'Eisenschweif', 105),
(65, 'Psychokinese', 21),
(65, 'Spukball', 128),
(65, 'Doppelteam', 37),
(65, 'Reflektor', 142),
(65, 'Schockwelle', 23),
(65, 'Folterknecht', 25),
(65, 'Fassade', 39),
(65, 'Erholung', 40),
(65, 'Anziehung', 41),
(65, 'Raub', 26),
(65, 'Fähigkeitstausch', 100),
(65, 'Fokusstoß', 135),
(65, 'Energieball', 42),
(65, 'Schleuder', 107),
(65, 'Ladestrahl', 202),
(65, 'Ausdauer', 44),
(65, 'Ableithieb', 243),
(65, 'Ränkeschmied', 205),
(65, 'Aufbereitung', 244),
(65, 'Gigastoß', 81),
(65, 'Blitz', 45),
(65, 'Donnerwelle', 203),
(65, 'Psycho-Plus', 171),
(65, 'Schlafrede', 47),
(65, 'Traumfresser', 172),
(65, 'Strauchler', 48),
(65, 'Angeberei', 49),
(65, 'Delegator', 50),
(65, 'Bizarroraum', 129),
(65, 'Bodyslam', 55),
(65, 'Psychokinese', 174),
(65, 'Metronom', 245),
(65, 'Triplette', 246),
(65, 'Delegator', 57),
(65, 'Psychoschock', 216),
(65, 'Ausdauer', 59),
(65, 'Schlafrede', 60),
(65, 'Zugabe', 210),
(65, 'Eisenschweif', 112),
(65, 'Spukball', 176),
(65, 'Seher', 217),
(65, 'Verhöhner', 238),
(65, 'Trickbetrug', 247),
(65, 'Fähigkeitstausch', 177),
(65, 'Gedankengut', 218),
(65, 'Fokusstoß', 137),
(65, 'Energieball', 62),
(65, 'Ränkeschmied', 212),
(65, 'Zen-Kopfstoß', 157),
(65, 'Strauchler', 65),
(65, 'Schmarotzer', 251),
(65, 'Kraftvorrat', 219),
(65, 'Seitentausch', 220),
(65, 'Zauberschein', 250),
(66, 'Silberblick', 1),
(66, 'Energiefokus', 87),
(66, 'Vergeltung', 88),
(66, 'Fußtritt', 5),
(66, 'Abschlag', 169),
(66, 'Grimasse', 67),
(66, 'Überwurf', 9),
(66, 'Stärke', 184),
(66, 'Doppelhieb', 91),
(66, 'Protzer', 13),
(66, 'Geowurf', 70),
(66, 'Wuchtschlag', 74),
(66, 'Kreuzhieb', 122),
(66, 'Risikotackle', 194),
(66, 'Megakick', 92),
(66, 'Feuerschlag', 93),
(66, 'Eishieb', 140),
(66, 'Donnerschlag', 94),
(66, 'Schaufler', 79),
(66, 'Lichtschild', 15),
(66, 'Erholung', 17),
(66, 'Steinhagel', 36),
(66, 'Raub', 105),
(66, 'Schnarcher', 18),
(66, 'Schutzschild', 19),
(66, 'Grimasse', 80),
(66, 'Anziehung', 22),
(66, 'Regentanz', 142),
(66, 'Sonnentag', 23),
(66, 'Fassade', 24),
(66, 'Rechte Hand', 25),
(66, 'Vergeltung', 39),
(66, 'Durchbruch', 99),
(66, 'Felsgrab', 100),
(66, 'Gegenstoß', 202),
(66, 'Schleuder', 101),
(66, 'Fußtritt', 46),
(66, 'Kanon', 29),
(66, 'Heimzahlung', 163),
(66, 'Dampfwalze', 77),
(66, 'Protzer', 127),
(66, 'Kraftschub', 33),
(66, 'Sonnentag', 14),
(66, 'Lichtschild', 34),
(66, 'Schutzschild', 15),
(66, 'Regentanz', 146),
(66, 'Erdbeben', 80),
(66, 'Fußtritt', 141),
(66, 'Schaufler', 20),
(66, 'Durchbruch', 22),
(66, 'Doppelteam', 37),
(66, 'Flammenwurf', 106),
(66, 'Feuersturm', 97),
(66, 'Felsgrab', 24),
(66, 'Fassade', 39),
(66, 'Erholung', 40),
(66, 'Anziehung', 41),
(66, 'Raub', 26),
(66, 'Fokusstoß', 135),
(66, 'Schleuder', 107),
(66, 'Ausdauer', 44),
(66, 'Gegenstoß', 187),
(66, 'Steinhagel', 109),
(66, 'Schlafrede', 47),
(66, 'Dampfwalze', 82),
(66, 'Gifthieb', 188),
(66, 'Angeberei', 49),
(66, 'Delegator', 50),
(66, 'Stärke', 52),
(66, 'Zertrümmerer', 53),
(66, 'Kraxler', 83),
(66, 'Bodyslam', 55),
(66, 'Flammenwurf', 110),
(66, 'Fußkick', 259),
(66, 'Erdbeben', 84),
(66, 'Energiefokus', 232),
(66, 'Metronom', 245),
(66, 'Feuersturm', 111),
(66, 'Delegator', 57),
(66, 'Gegenschlag', 209),
(66, 'Ausdauer', 59),
(66, 'Schlafrede', 60),
(66, 'Zugabe', 210),
(66, 'Kraftkoloss', 239),
(66, 'Protzer', 262),
(66, 'Nahkampf', 260),
(66, 'Gifthieb', 222),
(66, 'Fokusstoß', 137),
(66, 'Rammboss', 265),
(66, 'Kraftschub', 66),
(67, 'Silberblick', 1),
(67, 'Energiefokus', 1),
(67, 'Vergeltung', 1),
(67, 'Fußtritt', 5),
(67, 'Abschlag', 169),
(67, 'Grimasse', 67),
(67, 'Überwurf', 9),
(67, 'Stärke', 199),
(67, 'Doppelhieb', 13),
(67, 'Protzer', 121),
(67, 'Geowurf', 122),
(67, 'Wuchtschlag', 123),
(67, 'Kreuzhieb', 266),
(67, 'Risikotackle', 255),
(67, 'Megakick', 92),
(67, 'Feuerschlag', 93),
(67, 'Eishieb', 140),
(67, 'Donnerschlag', 94),
(67, 'Schaufler', 79),
(67, 'Lichtschild', 15),
(67, 'Erholung', 17),
(67, 'Steinhagel', 36),
(67, 'Raub', 105),
(67, 'Schnarcher', 18),
(67, 'Schutzschild', 19),
(67, 'Grimasse', 80),
(67, 'Anziehung', 22),
(67, 'Regentanz', 142),
(67, 'Sonnentag', 23),
(67, 'Fassade', 24),
(67, 'Rechte Hand', 25),
(67, 'Vergeltung', 39),
(67, 'Durchbruch', 99),
(67, 'Felsgrab', 100),
(67, 'Gegenstoß', 202),
(67, 'Schleuder', 101),
(67, 'Fußtritt', 46),
(67, 'Kanon', 29),
(67, 'Heimzahlung', 163),
(67, 'Dampfwalze', 77),
(67, 'Fruststampfer', 53),
(67, 'Protzer', 127),
(67, 'Kraftschub', 33),
(67, 'Sonnentag', 14),
(67, 'Lichtschild', 34),
(67, 'Schutzschild', 15),
(67, 'Regentanz', 146),
(67, 'Erdbeben', 80),
(67, 'Fußtritt', 141),
(67, 'Schaufler', 20),
(67, 'Durchbruch', 22),
(67, 'Doppelteam', 37),
(67, 'Flammenwurf', 106),
(67, 'Feuersturm', 97),
(67, 'Felsgrab', 24),
(67, 'Fassade', 39),
(67, 'Erholung', 40),
(67, 'Anziehung', 41),
(67, 'Raub', 26),
(67, 'Fokusstoß', 135),
(67, 'Schleuder', 107),
(67, 'Ausdauer', 44),
(67, 'Gegenstoß', 187),
(67, 'Steinhagel', 109),
(67, 'Schlafrede', 47),
(67, 'Dampfwalze', 82),
(67, 'Gifthieb', 188),
(67, 'Angeberei', 49),
(67, 'Delegator', 50),
(67, 'Stärke', 52),
(67, 'Zertrümmerer', 53),
(67, 'Kraxler', 83),
(67, 'Bodyslam', 55),
(67, 'Flammenwurf', 110),
(67, 'Fußkick', 259),
(67, 'Erdbeben', 84),
(67, 'Energiefokus', 232),
(67, 'Metronom', 245),
(67, 'Feuersturm', 111),
(67, 'Delegator', 57),
(67, 'Gegenschlag', 209),
(67, 'Ausdauer', 59),
(67, 'Schlafrede', 60),
(67, 'Zugabe', 210),
(67, 'Kraftkoloss', 239),
(67, 'Protzer', 262),
(67, 'Nahkampf', 260),
(67, 'Gifthieb', 222),
(67, 'Fokusstoß', 137),
(67, 'Rammboss', 265),
(67, 'Kraftschub', 66),
(68, 'Fußkick', 1),
(68, 'Silberblick', 1),
(68, 'Energiefokus', 1),
(68, 'Vergeltung', 1),
(68, 'Fußtritt', 5),
(68, 'Abschlag', 169),
(68, 'Grimasse', 67),
(68, 'Überwurf', 9),
(68, 'Stärke', 199),
(68, 'Doppelhieb', 13),
(68, 'Protzer', 121),
(68, 'Geowurf', 122),
(68, 'Wuchtschlag', 123),
(68, 'Kreuzhieb', 266),
(68, 'Risikotackle', 255),
(68, 'Megakick', 92),
(68, 'Feuerschlag', 93),
(68, 'Eishieb', 140),
(68, 'Donnerschlag', 94),
(68, 'Hyperstrahl', 127),
(68, 'Gigastoß', 32),
(68, 'Schaufler', 79),
(68, 'Lichtschild', 15),
(68, 'Erholung', 17),
(68, 'Steinhagel', 36),
(68, 'Raub', 105),
(68, 'Schnarcher', 18),
(68, 'Schutzschild', 19),
(68, 'Grimasse', 80),
(68, 'Anziehung', 22),
(68, 'Regentanz', 142),
(68, 'Sonnentag', 23),
(68, 'Fassade', 24),
(68, 'Rechte Hand', 25),
(68, 'Vergeltung', 39),
(68, 'Durchbruch', 99),
(68, 'Felsgrab', 100),
(68, 'Felswurf', 43),
(68, 'Gegenstoß', 202),
(68, 'Gewissheit', 44),
(68, 'Schleuder', 101),
(68, 'Giftstreich', 203),
(68, 'Fußtritt', 46),
(68, 'Kanon', 29),
(68, 'Heimzahlung', 163),
(68, 'Dampfwalze', 77),
(68, 'Fruststampfer', 53),
(68, 'Protzer', 127),
(68, 'Kraftschub', 33),
(68, 'Sonnentag', 14),
(68, 'Hyperstrahl', 79),
(68, 'Lichtschild', 34),
(68, 'Schutzschild', 15),
(68, 'Regentanz', 146),
(68, 'Erdbeben', 80),
(68, 'Fußtritt', 141),
(68, 'Schaufler', 20),
(68, 'Durchbruch', 22),
(68, 'Doppelteam', 37),
(68, 'Flammenwurf', 106),
(68, 'Feuersturm', 97),
(68, 'Felsgrab', 24),
(68, 'Fassade', 39),
(68, 'Erholung', 40),
(68, 'Anziehung', 41),
(68, 'Raub', 26),
(68, 'Fokusstoß', 135),
(68, 'Schleuder', 107),
(68, 'Ausdauer', 44),
(68, 'Gegenstoß', 187),
(68, 'Gigastoß', 81),
(68, 'Steinkante', 227),
(68, 'Steinhagel', 109),
(68, 'Schlafrede', 47),
(68, 'Dampfwalze', 82),
(68, 'Gifthieb', 188),
(68, 'Angeberei', 49),
(68, 'Delegator', 50),
(68, 'Stärke', 52),
(68, 'Zertrümmerer', 53),
(68, 'Kraxler', 83),
(68, 'Bodyslam', 55),
(68, 'Flammenwurf', 110),
(68, 'Fußkick', 259),
(68, 'Erdbeben', 84),
(68, 'Energiefokus', 232),
(68, 'Metronom', 245),
(68, 'Feuersturm', 111),
(68, 'Delegator', 57),
(68, 'Gegenschlag', 209),
(68, 'Ausdauer', 59),
(68, 'Schlafrede', 60),
(68, 'Zugabe', 210),
(68, 'Kraftkoloss', 239),
(68, 'Protzer', 262),
(68, 'Nahkampf', 260),
(68, 'Gifthieb', 222),
(68, 'Fokusstoß', 137),
(68, 'Steinkante', 229),
(68, 'Rammboss', 265),
(68, 'Kraftschub', 66),
(68, 'Dark Lariat', 263),
(68, 'Pferdestärke', 241),
(68, 'Neck Strike', 225),
(69, 'Wachstum', 197),
(69, 'Wickel', 180),
(69, 'Schlafpuder', 190),
(69, 'Giftpuder', 6),
(69, 'Stachelspore', 89),
(69, 'Säure', 182),
(69, 'Abschlag', 10),
(69, 'Lockduft', 184),
(69, 'Magensäfte', 69),
(69, 'Rasierblatt', 124),
(69, 'Gifthieb', 186),
(69, 'Slam', 193),
(69, 'Sonnentag', 14),
(69, 'Schutzschild', 15),
(69, 'Gigasauger', 16),
(69, 'Solarstrahl', 36),
(69, 'Doppelteam', 37),
(69, 'Reflektor', 142),
(69, 'Matschbombe', 38),
(69, 'Fassade', 39),
(69, 'Erholung', 40),
(69, 'Anziehung', 41),
(69, 'Raub', 26),
(69, 'Energieball', 42),
(69, 'Ausdauer', 44),
(69, 'Blitz', 45),
(69, 'Schwerttanz', 46),
(69, 'Schlafrede', 47),
(69, 'Gifthieb', 188),
(69, 'Strauchler', 48),
(69, 'Angeberei', 49),
(69, 'Delegator', 50),
(69, 'Zerschneider', 51),
(70, 'Wachstum', 1),
(70, 'Wickel', 1),
(70, 'Wachstum', 197),
(70, 'Wickel', 180),
(70, 'Schlafpuder', 190),
(70, 'Giftpuder', 6),
(70, 'Stachelspore', 89),
(70, 'Säure', 9),
(70, 'Abschlag', 184),
(70, 'Lockduft', 91);

INSERT INTO T_Pokemon_Attacken (Pokedex_Nr, Attacke_Name, Lernmethode_ID) VALUES
(70, 'Magensäfte', 124),
(70, 'Rasierblatt', 74),
(70, 'Gifthieb', 193),
(70, 'Slam', 123),
(70, 'Sonnentag', 14),
(70, 'Schutzschild', 15),
(70, 'Gigasauger', 16),
(70, 'Solarstrahl', 36),
(70, 'Doppelteam', 37),
(70, 'Reflektor', 142),
(70, 'Matschbombe', 38),
(70, 'Fassade', 39),
(70, 'Erholung', 40),
(70, 'Anziehung', 41),
(70, 'Raub', 26),
(70, 'Energieball', 42),
(70, 'Ausdauer', 44),
(70, 'Blitz', 45),
(70, 'Schwerttanz', 46),
(70, 'Schlafrede', 47),
(70, 'Gifthieb', 188),
(70, 'Strauchler', 48),
(70, 'Angeberei', 49),
(70, 'Delegator', 50),
(70, 'Zerschneider', 51),
(71, 'Grasmixer', 1),
(71, 'Horter', 1),
(71, 'Verzehrer', 1),
(71, 'Entfessler', 1),
(71, 'Rankenhieb', 1),
(71, 'Schlafpuder', 1),
(71, 'Lockduft', 1),
(71, 'Rasierblatt', 1),
(71, 'Wachstum', 1),
(71, 'Wickel', 1),
(71, 'Giftpuder', 1),
(71, 'Stachelspore', 1),
(71, 'Säure', 1),
(71, 'Abschlag', 1),
(71, 'Magensäfte', 1),
(71, 'Gifthieb', 1),
(71, 'Slam', 1),
(71, 'Blättersturm', 91),
(71, 'Laubklinge', 74),
(71, 'Sonnentag', 14),
(71, 'Hyperstrahl', 79),
(71, 'Schutzschild', 15),
(71, 'Gigasauger', 16),
(71, 'Solarstrahl', 36),
(71, 'Doppelteam', 37),
(71, 'Reflektor', 142),
(71, 'Matschbombe', 38),
(71, 'Fassade', 39),
(71, 'Erholung', 40),
(71, 'Anziehung', 41),
(71, 'Raub', 26),
(71, 'Energieball', 42),
(71, 'Ausdauer', 44),
(71, 'Gigastoß', 81),
(71, 'Blitz', 45),
(71, 'Schwerttanz', 46),
(71, 'Schlafrede', 47),
(71, 'Gifthieb', 188),
(71, 'Strauchler', 48),
(71, 'Angeberei', 49),
(71, 'Delegator', 50),
(71, 'Zerschneider', 51),
(72, 'Aquaknarre', 1),
(72, 'Säure', 87),
(72, 'Wickel', 88),
(72, 'Superschall', 5),
(72, 'Aquawelle', 169),
(72, 'Kreideschrei', 67),
(72, 'Blubbstrahl', 9),
(72, 'Bürde', 90),
(72, 'Säurepanzer', 91),
(72, 'Gifthieb', 13),
(72, 'Surfer', 70),
(72, 'Schlammwoge', 74),
(72, 'Hydropumpe', 122),
(72, 'Bodyguard', 16),
(72, 'Erholung', 17),
(72, 'Raub', 105),
(72, 'Schnarcher', 18),
(72, 'Schutzschild', 19),
(72, 'Eissturm', 141),
(72, 'Gigasauger', 20),
(72, 'Anziehung', 22),
(72, 'Regentanz', 142),
(72, 'Hagelsturm', 106),
(72, 'Whirlpool', 38),
(72, 'Fassade', 24),
(72, 'Taucher', 41),
(72, 'Lake', 143),
(72, 'Gegenstoß', 202),
(72, 'Giftstreich', 203),
(72, 'Giftschock', 28),
(72, 'Kanon', 29),
(72, 'Bürde', 171),
(72, 'Wirbler', 131),
(72, 'Hagelsturm', 144),
(72, 'Eisstrahl', 95),
(72, 'Blizzard', 145),
(72, 'Schutzschild', 15),
(72, 'Regentanz', 146),
(72, 'Gigasauger', 16),
(72, 'Bodyguard', 35),
(72, 'Zauberschein', 17),
(72, 'Doppelteam', 37),
(72, 'Matschbombe', 38),
(72, 'Fassade', 39),
(72, 'Erholung', 40),
(72, 'Anziehung', 41),
(72, 'Raub', 26),
(72, 'Siedewasser', 147),
(72, 'Ausdauer', 44),
(72, 'Gegenstoß', 187),
(72, 'Schwerttanz', 46),
(72, 'Schlafrede', 47),
(72, 'Gifthieb', 188),
(72, 'Angeberei', 49),
(72, 'Delegator', 50),
(72, 'Zerschneider', 51),
(72, 'Surfer', 130),
(72, 'Kaskade', 132),
(72, 'Schwerttanz', 54),
(72, 'Hydropumpe', 148),
(72, 'Surfer', 149),
(72, 'Eisstrahl', 150),
(72, 'Blizzard', 151),
(72, 'Kaskade', 152),
(72, 'Delegator', 57),
(72, 'Matschbombe', 58),
(72, 'Ausdauer', 59),
(72, 'Schlafrede', 60),
(72, 'Lehmbrühe', 153),
(72, 'Giftspitzen', 233),
(72, 'Gifthieb', 222),
(72, 'Schlammwoge', 240),
(72, 'Siedewasser', 158),
(72, 'Zauberschein', 250),
(73, 'Giftstachel', 1),
(73, 'Aquaknarre', 1),
(73, 'Säure', 1),
(73, 'Wickel', 1),
(73, 'Superschall', 5),
(73, 'Aquawelle', 169),
(73, 'Kreideschrei', 67),
(73, 'Blubbstrahl', 9),
(73, 'Bürde', 90),
(73, 'Säurepanzer', 200),
(73, 'Gifthieb', 70),
(73, 'Surfer', 125),
(73, 'Schlammwoge', 194),
(73, 'Hydropumpe', 76),
(73, 'Gigastoß', 32),
(73, 'Kreideschrei', 34),
(73, 'Bodyguard', 16),
(73, 'Erholung', 17),
(73, 'Raub', 105),
(73, 'Schnarcher', 18),
(73, 'Schutzschild', 19),
(73, 'Eissturm', 141),
(73, 'Gigasauger', 20),
(73, 'Anziehung', 22),
(73, 'Regentanz', 142),
(73, 'Hagelsturm', 106),
(73, 'Whirlpool', 38),
(73, 'Fassade', 24),
(73, 'Taucher', 41),
(73, 'Lake', 143),
(73, 'Gegenstoß', 202),
(73, 'Giftstreich', 203),
(73, 'Giftschock', 28),
(73, 'Kanon', 29),
(73, 'Bürde', 171),
(73, 'Wirbler', 131),
(73, 'Hagelsturm', 144),
(73, 'Eisstrahl', 95),
(73, 'Blizzard', 145),
(73, 'Hyperstrahl', 79),
(73, 'Schutzschild', 15),
(73, 'Regentanz', 146),
(73, 'Gigasauger', 16),
(73, 'Bodyguard', 35),
(73, 'Zauberschein', 17),
(73, 'Doppelteam', 37),
(73, 'Matschbombe', 38),
(73, 'Fassade', 39),
(73, 'Erholung', 40),
(73, 'Anziehung', 41),
(73, 'Raub', 26),
(73, 'Siedewasser', 147),
(73, 'Ausdauer', 44),
(73, 'Gegenstoß', 187),
(73, 'Gigastoß', 81),
(73, 'Schwerttanz', 46),
(73, 'Schlafrede', 47),
(73, 'Gifthieb', 188),
(73, 'Angeberei', 49),
(73, 'Delegator', 50),
(73, 'Zerschneider', 51),
(73, 'Surfer', 130),
(73, 'Kaskade', 132),
(73, 'Schwerttanz', 54),
(73, 'Hydropumpe', 148),
(73, 'Surfer', 149),
(73, 'Eisstrahl', 150),
(73, 'Blizzard', 151),
(73, 'Kaskade', 152),
(73, 'Delegator', 57),
(73, 'Matschbombe', 58),
(73, 'Ausdauer', 59),
(73, 'Schlafrede', 60),
(73, 'Lehmbrühe', 153),
(73, 'Giftspitzen', 233),
(73, 'Gifthieb', 222),
(73, 'Schlammwoge', 240),
(73, 'Siedewasser', 158),
(73, 'Giftfalle', 234),
(73, 'Zauberschein', 250),
(74, 'Einigler', 1),
(74, 'Sandsturm', 87),
(74, 'Steinpolitur', 3),
(74, 'Walzer', 198),
(74, 'Härtner', 5),
(74, 'Steinwurf', 169),
(74, 'Katapult', 7),
(74, 'Dampfwalze', 192),
(74, 'Finale', 9),
(74, 'Tarnsteine', 90),
(74, 'Felswurf', 11),
(74, 'Erdbeben', 200),
(74, 'Explosion', 13),
(74, 'Risikotackle', 70),
(74, 'Steinkante', 121),
(74, 'Sonnentag', 14),
(74, 'Schutzschild', 15),
(74, 'Erdbeben', 80),
(74, 'Schaufler', 20),
(74, 'Durchbruch', 22),
(74, 'Doppelteam', 37),
(74, 'Flammenwurf', 106),
(74, 'Sandsturm', 96),
(74, 'Feuersturm', 97),
(74, 'Felsgrab', 24),
(74, 'Fassade', 39),
(74, 'Erholung', 40),
(74, 'Anziehung', 41),
(74, 'Schleuder', 107),
(74, 'Ausdauer', 44),
(74, 'Explosion', 161),
(74, 'Steinpolitur', 264),
(74, 'Steinkante', 227),
(74, 'Gyroball', 28),
(74, 'Tarnsteine', 29),
(74, 'Steinhagel', 109),
(74, 'Schlafrede', 47),
(74, 'Dampfwalze', 82),
(74, 'Angeberei', 49),
(74, 'Delegator', 50),
(74, 'Stärke', 52),
(74, 'Zertrümmerer', 53),
(74, 'Kraxler', 83),
(75, 'Einigler', 1),
(75, 'Steinpolitur', 1),
(75, 'Sandsturm', 87),
(75, 'Steinpolitur', 3),
(75, 'Walzer', 198),
(75, 'Härtner', 5),
(75, 'Steinwurf', 169),
(75, 'Katapult', 7),
(75, 'Dampfwalze', 192),
(75, 'Finale', 9),
(75, 'Tarnsteine', 11),
(75, 'Felswurf', 200),
(75, 'Erdbeben', 70),
(75, 'Explosion', 74),
(75, 'Risikotackle', 72),
(75, 'Steinkante', 123),
(75, 'Sonnentag', 14),
(75, 'Schutzschild', 15),
(75, 'Erdbeben', 80),
(75, 'Schaufler', 20),
(75, 'Durchbruch', 22),
(75, 'Doppelteam', 37),
(75, 'Flammenwurf', 106),
(75, 'Sandsturm', 96),
(75, 'Feuersturm', 97),
(75, 'Felsgrab', 24),
(75, 'Fassade', 39),
(75, 'Erholung', 40),
(75, 'Anziehung', 41),
(75, 'Schleuder', 107),
(75, 'Ausdauer', 44),
(75, 'Explosion', 161),
(75, 'Steinpolitur', 264),
(75, 'Steinkante', 227),
(75, 'Gyroball', 28),
(75, 'Tarnsteine', 29),
(75, 'Steinhagel', 109),
(75, 'Schlafrede', 47),
(75, 'Dampfwalze', 82),
(75, 'Angeberei', 49),
(75, 'Delegator', 50),
(75, 'Stärke', 52),
(75, 'Zertrümmerer', 53),
(75, 'Kraxler', 83),
(76, 'Tackle', 1),
(76, 'Einigler', 1),
(76, 'Steinpolitur', 1),
(76, 'Sandsturm', 87),
(76, 'Steinpolitur', 3),
(76, 'Walzer', 198),
(76, 'Härtner', 5),
(76, 'Steinwurf', 169),
(76, 'Katapult', 7),
(76, 'Dampfwalze', 192),
(76, 'Finale', 9),
(76, 'Tarnsteine', 11),
(76, 'Felswurf', 200),
(76, 'Erdbeben', 70),
(76, 'Explosion', 74),
(76, 'Risikotackle', 72),
(76, 'Steinkante', 123),
(76, 'Rammboss', 266),
(76, 'Brüller', 94),
(76, 'Sonnentag', 14),
(76, 'Hyperstrahl', 79),
(76, 'Schutzschild', 15),
(76, 'Erdbeben', 80),
(76, 'Schaufler', 20),
(76, 'Durchbruch', 22),
(76, 'Doppelteam', 37),
(76, 'Flammenwurf', 106),
(76, 'Sandsturm', 96),
(76, 'Feuersturm', 97),
(76, 'Felsgrab', 24),
(76, 'Fassade', 39),
(76, 'Erholung', 40),
(76, 'Anziehung', 41),
(76, 'Fokusstoß', 135),
(76, 'Schleuder', 107),
(76, 'Ausdauer', 44),
(76, 'Explosion', 161),
(76, 'Gigastoß', 81),
(76, 'Steinpolitur', 264),
(76, 'Steinkante', 227),
(76, 'Gyroball', 28),
(76, 'Tarnsteine', 29),
(76, 'Steinhagel', 109),
(76, 'Schlafrede', 47),
(76, 'Dampfwalze', 82),
(76, 'Angeberei', 49),
(76, 'Delegator', 50),
(76, 'Stärke', 52),
(76, 'Zertrümmerer', 53),
(76, 'Kraxler', 83),
(77, 'Tackle', 1),
(77, 'Heuler', 1),
(77, 'Rutenschlag', 189),
(77, 'Glut', 198),
(77, 'Konfusion', 198),
(77, 'Nitroladung', 6),
(77, 'Feenbrise', 6),
(77, 'Agilität', 67),
(77, 'Flammenrad', 68),
(77, 'Psystrahl', 68),
(77, 'Stampfer', 11),
(77, 'Feuerwirbel', 69),
(77, 'Heilwoge', 69),
(77, 'Bodycheck', 186),
(77, 'Inferno', 71),
(77, 'Zauberschein', 71),
(77, 'Feuersturm', 72),
(77, 'Psychokinese', 72),
(77, 'Flammenblitz', 231),
(77, 'Heilopfer', 231),
(77, 'Solarklinge', 201),
(77, 'Feuerwirbel', 95),
(77, 'Erholung', 17),
(77, 'Schnarcher', 18),
(77, 'Schutzschild', 19),
(77, 'Charme', 21),
(77, 'Anziehung', 22),
(77, 'Sonnentag', 23),
(77, 'Irrlicht', 97),
(77, 'Fassade', 24),
(77, 'Sternschauer', 98),
(77, 'Sprungfeder', 135),
(77, 'Kanon', 29),
(77, 'Magieflamme', 129),
(77, 'Schutzschild', 15),
(77, 'Solarstrahl', 36),
(77, 'Eisenschweif', 105),
(77, 'Doppelteam', 37),
(77, 'Flammenwurf', 106),
(77, 'Feuersturm', 97),
(77, 'Fassade', 39),
(77, 'Erholung', 40),
(77, 'Anziehung', 41),
(77, 'Hitzekoller', 27),
(77, 'Ausdauer', 44),
(77, 'Irrlicht', 108),
(77, 'Schlafrede', 47),
(77, 'Angeberei', 49),
(77, 'Delegator', 50),
(77, 'Stärke', 52),
(77, 'Begrenzer', 40),
(77, 'Bodyslam', 55),
(77, 'Flammenwurf', 110),
(77, 'Fußkick', 259),
(77, 'Agilität', 208),
(77, 'Feuersturm', 111),
(77, 'Delegator', 57),
(77, 'Ausdauer', 59),
(77, 'Schlafrede', 60),
(77, 'Eisenschweif', 112),
(77, 'Hitzewelle', 114),
(77, 'Hitzekoller', 115),
(77, 'Flammenblitz', 118),
(77, 'Seitentausch', 220),
(77, 'Stromstoß', 214),
(77, 'Knuddler', 215),
(77, 'Pferdestärke', 241),
(77, 'Psychokinese', 174),
(77, 'Seher', 217),
(77, 'Gedankengut', 218),
(77, 'Zen-Kopfstoß', 157),
(77, 'Kraftvorrat', 219),
(77, 'Zauberschein', 250),
(78, 'Schmalhorn', 1),
(78, 'Vielender', 1),
(78, 'Gifthieb', 1),
(78, 'Tackle', 1),
(78, 'Ruckzuckhieb', 1),
(78, 'Heuler', 1),
(78, 'Rutenschlag', 1),
(78, 'Glut', 1),
(78, 'Psychoklinge', 1),
(78, 'Konfusion', 1),
(78, 'Nitroladung', 6),
(78, 'Feenbrise', 6),
(78, 'Agilität', 67),
(78, 'Flammenrad', 68),
(78, 'Psystrahl', 68),
(78, 'Stampfer', 11),
(78, 'Feuerwirbel', 69),
(78, 'Heilwoge', 69),
(78, 'Bodycheck', 235),
(78, 'Inferno', 159),
(78, 'Zauberschein', 159),
(78, 'Feuersturm', 160),
(78, 'Psychokinese', 160),
(78, 'Flammenblitz', 204),
(78, 'Heilopfer', 204),
(78, 'Hyperstrahl', 127),
(78, 'Gigastoß', 32),
(78, 'Solarstrahl', 14),
(78, 'Solarklinge', 201),
(78, 'Feuerwirbel', 95),
(78, 'Erholung', 17),
(78, 'Schnarcher', 18),
(78, 'Schutzschild', 19),
(78, 'Charme', 21),
(78, 'Anziehung', 22),
(78, 'Sonnentag', 23),
(78, 'Irrlicht', 97),
(78, 'Fassade', 24),
(78, 'Sternschauer', 98),
(78, 'Sprungfeder', 135),
(78, 'Kanon', 29),
(78, 'Magieflamme', 129),
(78, 'Schmalhorn', 52),
(78, 'Hyperstrahl', 79),
(78, 'Schutzschild', 15),
(78, 'Solarstrahl', 36),
(78, 'Eisenschweif', 105),
(78, 'Doppelteam', 37),
(78, 'Flammenwurf', 106),
(78, 'Feuersturm', 97),
(78, 'Fassade', 39),
(78, 'Erholung', 40),
(78, 'Anziehung', 41),
(78, 'Hitzekoller', 27),
(78, 'Ausdauer', 44),
(78, 'Irrlicht', 108),
(78, 'Gigastoß', 81),
(78, 'Schwerttanz', 46),
(78, 'Schlafrede', 47),
(78, 'Gifthieb', 188),
(78, 'Angeberei', 49),
(78, 'Delegator', 50),
(78, 'Stärke', 52),
(78, 'Begrenzer', 40),
(78, 'Psychoklinge', 264),
(78, 'Bizarroraum', 45),
(78, 'Wunderraum', 227),
(78, 'Magieraum', 162),
(78, 'Nebelfeld', 173);

INSERT INTO T_Pokemon_Attacken (Pokedex_Nr, Attacke_Name, Lernmethode_ID) VALUES
(78, 'Psychofeld', 164),
(78, 'Schwerttanz', 54),
(78, 'Bodyslam', 55),
(78, 'Flammenwurf', 110),
(78, 'Fußkick', 259),
(78, 'Agilität', 208),
(78, 'Feuersturm', 111),
(78, 'Delegator', 57),
(78, 'Ausdauer', 59),
(78, 'Schlafrede', 60),
(78, 'Vielender', 242),
(78, 'Stafette', 175),
(78, 'Eisenschweif', 112),
(78, 'Hitzewelle', 114),
(78, 'Hitzekoller', 115),
(78, 'Flammenblitz', 118),
(78, 'Gifthieb', 222),
(78, 'Seitentausch', 220),
(78, 'Stromstoß', 214),
(78, 'Schlagbohrer', 230),
(78, 'Knuddler', 215),
(78, 'Pferdestärke', 241),
(78, 'Neck Strike', 225),
(78, 'Psychokinese', 174),
(78, 'Seher', 217),
(78, 'Gedankengut', 218),
(78, 'Zen-Kopfstoß', 157),
(78, 'Kraftvorrat', 219),
(78, 'Zauberschein', 250),
(79, 'Fluch', 1),
(79, 'Heuler', 2),
(79, 'Aquaknarre', 3),
(79, 'Säure', 3),
(79, 'Gähner', 4),
(79, 'Konfusion', 5),
(79, 'Aussetzer', 6),
(79, 'Aquawelle', 7),
(79, 'Kopfnuss', 8),
(79, 'Zen-Kopfstoß', 9),
(79, 'Amnesie', 10),
(79, 'Surfer', 11),
(79, 'Tagedieb', 12),
(79, 'Psychokinese', 13),
(79, 'Psycho-Plus', 124),
(79, 'Regentanz', 121),
(79, 'Heilwoge', 71),
(79, 'Donnerwelle', 145),
(79, 'Schaufler', 79),
(79, 'Lichtschild', 15),
(79, 'Bodyguard', 16),
(79, 'Erholung', 17),
(79, 'Schnarcher', 18),
(79, 'Schutzschild', 19),
(79, 'Eissturm', 141),
(79, 'Anziehung', 22),
(79, 'Regentanz', 142),
(79, 'Sonnentag', 23),
(79, 'Hagelsturm', 106),
(79, 'Whirlpool', 38),
(79, 'Fassade', 24),
(79, 'Sternschauer', 98),
(79, 'Begrenzer', 40),
(79, 'Taucher', 41),
(79, 'Meteorologe', 26),
(79, 'Lehmschuss', 42),
(79, 'Lake', 143),
(79, 'Bizarroraum', 45),
(79, 'Wunderraum', 227),
(79, 'Kanon', 29),
(79, 'Dampfwalze', 77),
(79, 'Psychofeld', 164),
(79, 'Gedankengut', 140),
(79, 'Hagelsturm', 144),
(79, 'Sonnentag', 14),
(79, 'Eisstrahl', 95),
(79, 'Blizzard', 145),
(79, 'Lichtschild', 34),
(79, 'Schutzschild', 15),
(79, 'Regentanz', 146),
(79, 'Bodyguard', 35),
(79, 'Eisenschweif', 105),
(79, 'Erdbeben', 80),
(79, 'Schaufler', 20),
(79, 'Psychokinese', 21),
(79, 'Spukball', 128),
(79, 'Doppelteam', 37),
(79, 'Flammenwurf', 106),
(79, 'Feuersturm', 97),
(79, 'Fassade', 39),
(79, 'Erholung', 40),
(79, 'Anziehung', 41),
(79, 'Fähigkeitstausch', 100),
(79, 'Siedewasser', 147),
(79, 'Ausdauer', 44),
(79, 'Aufbereitung', 244),
(79, 'Blitz', 45),
(79, 'Donnerwelle', 203),
(79, 'Psycho-Plus', 171),
(79, 'Schlafrede', 47),
(79, 'Dampfwalze', 82),
(79, 'Traumfresser', 172),
(79, 'Strauchler', 48),
(79, 'Angeberei', 49),
(79, 'Delegator', 50),
(79, 'Bizarroraum', 129),
(79, 'Surfer', 130),
(79, 'Stärke', 52),
(79, 'Bodyslam', 55),
(79, 'Flammenwurf', 110),
(79, 'Hydropumpe', 148),
(79, 'Surfer', 149),
(79, 'Eisstrahl', 150),
(79, 'Blizzard', 151),
(79, 'Erdbeben', 84),
(79, 'Psychokinese', 174),
(79, 'Feuersturm', 111),
(79, 'Amnesie', 56),
(79, 'Triplette', 246),
(79, 'Delegator', 57),
(79, 'Psychoschock', 216),
(79, 'Ausdauer', 59),
(79, 'Schlafrede', 60),
(79, 'Eisenschweif', 112),
(79, 'Spukball', 176),
(79, 'Seher', 217),
(79, 'Trickbetrug', 247),
(79, 'Fähigkeitstausch', 177),
(79, 'Gedankengut', 218),
(79, 'Zen-Kopfstoß', 157),
(79, 'Strauchler', 65),
(79, 'Schmarotzer', 251),
(79, 'Kraftvorrat', 219),
(79, 'Siedewasser', 158),
(79, 'Aquadurchstoß', 167),
(80, 'Tackle', 1),
(80, 'Fluch', 1),
(80, 'Heuler', 1),
(80, 'Aquaknarre', 1),
(80, 'Gähner', 4),
(80, 'Konfusion', 5),
(80, 'Aussetzer', 6),
(80, 'Aquawelle', 7),
(80, 'Kopfnuss', 8),
(80, 'Zen-Kopfstoß', 9),
(80, 'Amnesie', 10),
(80, 'Surfer', 11),
(80, 'Tagedieb', 12),
(80, 'Psychokinese', 13),
(80, 'Psycho-Plus', 186),
(80, 'Regentanz', 125),
(80, 'Heilwoge', 75),
(80, 'Megakick', 92),
(80, 'Zahltag', 104),
(80, 'Eishieb', 140),
(80, 'Hyperstrahl', 127),
(80, 'Gigastoß', 32),
(80, 'Donnerwelle', 145),
(80, 'Schaufler', 79),
(80, 'Lichtschild', 15),
(80, 'Bodyguard', 16),
(80, 'Erholung', 17),
(80, 'Schnarcher', 18),
(80, 'Schutzschild', 19),
(80, 'Eissturm', 141),
(80, 'Anziehung', 22),
(80, 'Regentanz', 142),
(80, 'Sonnentag', 23),
(80, 'Hagelsturm', 106),
(80, 'Whirlpool', 38),
(80, 'Fassade', 24),
(80, 'Sternschauer', 98),
(80, 'Durchbruch', 99),
(80, 'Begrenzer', 40),
(80, 'Taucher', 41),
(80, 'Meteorologe', 26),
(80, 'Lehmschuss', 42),
(80, 'Lake', 143),
(80, 'Schleuder', 101),
(80, 'Ableithieb', 205),
(80, 'Lawine', 161),
(80, 'Bizarroraum', 45),
(80, 'Wunderraum', 227),
(80, 'Kanon', 29),
(80, 'Dampfwalze', 77),
(80, 'Kalkklinge', 82),
(80, 'Psychofeld', 164),
(80, 'Aquawelle', 93),
(80, 'Gedankengut', 140),
(80, 'Hagelsturm', 144),
(80, 'Sonnentag', 14),
(80, 'Eisstrahl', 95),
(80, 'Blizzard', 145),
(80, 'Hyperstrahl', 79),
(80, 'Lichtschild', 34),
(80, 'Schutzschild', 15),
(80, 'Regentanz', 146),
(80, 'Bodyguard', 35),
(80, 'Eisenschweif', 105),
(80, 'Erdbeben', 80),
(80, 'Schaufler', 20),
(80, 'Psychokinese', 21),
(80, 'Spukball', 128),
(80, 'Durchbruch', 22),
(80, 'Doppelteam', 37),
(80, 'Flammenwurf', 106),
(80, 'Feuersturm', 97),
(80, 'Aero-Ass', 98),
(80, 'Fassade', 39),
(80, 'Erholung', 40),
(80, 'Anziehung', 41),
(80, 'Fähigkeitstausch', 100),
(80, 'Siedewasser', 147),
(80, 'Fokusstoß', 135),
(80, 'Schleuder', 107),
(80, 'Ausdauer', 44),
(80, 'Ableithieb', 243),
(80, 'Ränkeschmied', 205),
(80, 'Aufbereitung', 244),
(80, 'Gigastoß', 81),
(80, 'Blitz', 45),
(80, 'Lawine', 162),
(80, 'Donnerwelle', 203),
(80, 'Psycho-Plus', 171),
(80, 'Schlafrede', 47),
(80, 'Dampfwalze', 82),
(80, 'Traumfresser', 172),
(80, 'Strauchler', 48),
(80, 'Angeberei', 49),
(80, 'Delegator', 50),
(80, 'Bizarroraum', 129),
(80, 'Surfer', 130),
(80, 'Stärke', 52),
(80, 'Zertrümmerer', 53),
(80, 'Bodyslam', 55),
(80, 'Flammenwurf', 110),
(80, 'Hydropumpe', 148),
(80, 'Surfer', 149),
(80, 'Eisstrahl', 150),
(80, 'Blizzard', 151),
(80, 'Erdbeben', 84),
(80, 'Psychokinese', 174),
(80, 'Feuersturm', 111),
(80, 'Amnesie', 56),
(80, 'Triplette', 246),
(80, 'Delegator', 57),
(80, 'Psychoschock', 216),
(80, 'Ausdauer', 59),
(80, 'Schlafrede', 60),
(80, 'Eisenschweif', 112),
(80, 'Spukball', 176),
(80, 'Seher', 217),
(80, 'Trickbetrug', 247),
(80, 'Fähigkeitstausch', 177),
(80, 'Lehmbrühe', 153),
(80, 'Eisenabwehr', 154),
(80, 'Gedankengut', 218),
(80, 'Fokusstoß', 137),
(80, 'Ränkeschmied', 212),
(80, 'Zen-Kopfstoß', 157),
(80, 'Strauchler', 65),
(80, 'Schmarotzer', 251),
(80, 'Kraftvorrat', 219),
(80, 'Siedewasser', 158),
(80, 'Aquadurchstoß', 167),
(80, 'Body Press', 168),
(81, 'Tackle', 1),
(81, 'Superschall', 87),
(81, 'Donnerwelle', 88),
(81, 'Elektroball', 5),
(81, 'Gyroball', 169),
(81, 'Funkensprung', 67),
(81, 'Kreideschrei', 9),
(81, 'Magnetflug', 90),
(81, 'Lichtkanone', 91),
(81, 'Ladungsstoß', 13),
(81, 'Metallsound', 70),
(81, 'Lichtschild', 74),
(81, 'Zielschuss', 122),
(81, 'Blitzkanone', 194),
(81, 'Kreideschrei', 34),
(81, 'Lichtschild', 15),
(81, 'Reflektor', 146),
(81, 'Erholung', 17),
(81, 'Schnarcher', 18),
(81, 'Schutzschild', 19),
(81, 'Regentanz', 142),
(81, 'Sonnentag', 23),
(81, 'Fassade', 24),
(81, 'Sternschauer', 98),
(81, 'Kanon', 29),
(81, 'Voltwechsel', 109),
(81, 'Elektronetz', 47),
(81, 'Lichtschild', 34),
(81, 'Schutzschild', 15),
(81, 'Regentanz', 146),
(81, 'Donnerblitz', 18),
(81, 'Donner', 19),
(81, 'Doppelteam', 37),
(81, 'Reflektor', 142),
(81, 'Schockwelle', 23),
(81, 'Fassade', 39),
(81, 'Voltwechsel', 99),
(81, 'Erholung', 40),
(81, 'Ladestrahl', 202),
(81, 'Ausdauer', 44),
(81, 'Explosion', 161),
(81, 'Aufbereitung', 244),
(81, 'Blitz', 45),
(81, 'Donnerwelle', 203),
(81, 'Gyroball', 28),
(81, 'Psycho-Plus', 171),
(81, 'Schlafrede', 47),
(81, 'Angeberei', 49),
(81, 'Delegator', 50),
(81, 'Lichtkanone', 164),
(81, 'Donnerblitz', 206),
(81, 'Donner', 207),
(81, 'Delegator', 57),
(81, 'Ausdauer', 59),
(81, 'Schlafrede', 60),
(81, 'Eisenabwehr', 154),
(81, 'Gyroball', 155),
(81, 'Lichtkanone', 166),
(81, 'Elektroball', 213),
(81, 'Stromstoß', 214),
(82, 'Triplette', 1),
(82, 'Elektrofeld', 1),
(82, 'Donnerschock', 1),
(82, 'Tackle', 1),
(82, 'Superschall', 1),
(82, 'Donnerwelle', 1),
(82, 'Elektroball', 5),
(82, 'Gyroball', 169),
(82, 'Funkensprung', 67),
(82, 'Kreideschrei', 9),
(82, 'Magnetflug', 90),
(82, 'Lichtkanone', 200),
(82, 'Ladungsstoß', 70),
(82, 'Metallsound', 125),
(82, 'Lichtschild', 194),
(82, 'Zielschuss', 76),
(82, 'Blitzkanone', 236),
(82, 'Gigastoß', 32),
(82, 'Donnerwelle', 145),
(82, 'Kreideschrei', 34),
(82, 'Lichtschild', 15),
(82, 'Reflektor', 146),
(82, 'Erholung', 17),
(82, 'Schnarcher', 18),
(82, 'Schutzschild', 19),
(82, 'Regentanz', 142),
(82, 'Sonnentag', 23),
(82, 'Fassade', 24),
(82, 'Sternschauer', 98),
(82, 'Kanon', 29),
(82, 'Voltwechsel', 109),
(82, 'Elektronetz', 47),
(82, 'Elektrofeld', 50),
(82, 'Hyperstrahl', 79),
(82, 'Lichtschild', 34),
(82, 'Schutzschild', 15),
(82, 'Regentanz', 146),
(82, 'Donnerblitz', 18),
(82, 'Donner', 19),
(82, 'Doppelteam', 37),
(82, 'Reflektor', 142),
(82, 'Schockwelle', 23),
(82, 'Fassade', 39),
(82, 'Voltwechsel', 99),
(82, 'Erholung', 40),
(82, 'Ladestrahl', 202),
(82, 'Ausdauer', 44),
(82, 'Explosion', 161),
(82, 'Aufbereitung', 244),
(82, 'Gigastoß', 81),
(82, 'Blitz', 45),
(82, 'Donnerwelle', 203),
(82, 'Gyroball', 28),
(82, 'Psycho-Plus', 171),
(82, 'Schlafrede', 47),
(82, 'Angeberei', 49),
(82, 'Delegator', 50),
(82, 'Lichtkanone', 164),
(82, 'Donnerblitz', 206),
(82, 'Donner', 207),
(82, 'Triplette', 246),
(82, 'Delegator', 57),
(82, 'Ausdauer', 59),
(82, 'Schlafrede', 60),
(82, 'Eisenabwehr', 154),
(82, 'Gyroball', 155),
(82, 'Lichtkanone', 166),
(82, 'Elektroball', 213),
(82, 'Stromstoß', 214),
(83, 'Sandwirbel', 1),
(83, 'Silberblick', 189),
(83, 'Zornklinge', 198),
(83, 'Zerschneider', 6),
(83, 'Zertrümmerer', 6),
(83, 'Aero-Ass', 67),
(83, 'Wirbler', 67),
(83, 'Windschnitt', 68),
(83, 'Scanner', 68),
(83, 'Abschlag', 11),
(83, 'Trugschlag', 69),
(83, 'Auflockern', 69),
(83, 'Schlitzer', 70),
(83, 'Durchbruch', 70),
(83, 'Schwerttanz', 71),
(83, 'Luftschnitt', 72),
(83, 'Slam', 72),
(83, 'Laubklinge', 231),
(83, 'Agilität', 266),
(83, 'Wagemut', 266),
(83, 'Sturzflug', 267),
(83, 'Solarklinge', 201),
(83, 'Erholung', 17),
(83, 'Raub', 105),
(83, 'Schnarcher', 18),
(83, 'Schutzschild', 19),
(83, 'Stahlflügel', 128),
(83, 'Anziehung', 22),
(83, 'Sonnentag', 23),
(83, 'Fassade', 24),
(83, 'Sternschauer', 98),
(83, 'Rechte Hand', 25),
(83, 'Vergeltung', 39),
(83, 'Kehrtwende', 107),
(83, 'Kanon', 29),
(83, 'Akrobatik', 103),
(83, 'Heimzahlung', 163),
(83, 'Trugschlag', 31),
(83, 'Luftschnitt', 130),
(83, 'Wirbler', 131),
(83, 'Sonnentag', 14),
(83, 'Schutzschild', 15),
(83, 'Eisenschweif', 105),
(83, 'Doppelteam', 37),
(83, 'Aero-Ass', 98),
(83, 'Fassade', 39),
(83, 'Erholung', 40),
(83, 'Anziehung', 41),
(83, 'Raub', 26),
(83, 'Stahlflügel', 133),
(83, 'Ruheort', 134),
(83, 'Trugschlag', 43),
(83, 'Ausdauer', 44),
(83, 'Schwerttanz', 46),
(83, 'Psycho-Plus', 171),
(83, 'Schlafrede', 47),
(83, 'Gifthieb', 188),
(83, 'Angeberei', 49),
(83, 'Pflücker', 30),
(83, 'Kehrtwende', 173),
(83, 'Delegator', 50),
(83, 'Zerschneider', 51),
(83, 'Fliegen', 31),
(83, 'Auflockern', 131),
(83, 'Durchbruch', 99),
(83, 'Gewissheit', 44),
(83, 'Schwerttanz', 54),
(83, 'Bodyslam', 55),
(83, 'Agilität', 208),
(83, 'Energiefokus', 232),
(83, 'Delegator', 57),
(83, 'Ausdauer', 59),
(83, 'Schlafrede', 60),
(83, 'Stafette', 175),
(83, 'Eisenschweif', 112),
(83, 'Aufruhr', 211),
(83, 'Hitzewelle', 114),
(83, 'Laubklinge', 268),
(83, 'Nahkampf', 260),
(83, 'Gifthieb', 222),
(83, 'Sturzflug', 252),
(83, 'Kraftschub', 66),
(83, 'Neck Strike', 225),
(83, 'Kraftkoloss', 239),
(84, 'Heuler', 1),
(84, 'Ruckzuckhieb', 189),
(84, 'Silberblick', 88),
(84, 'Furienschlag', 5),
(84, 'Flügelschlag', 6),
(84, 'Pflücker', 120),
(84, 'Doppelschlag', 192),
(84, 'Agilität', 183),
(84, 'Aufruhr', 184),
(84, 'Akupressur', 12),
(84, 'Schwerttanz', 13),
(84, 'Anfallen', 70),
(84, 'Bohrschnabel', 235),
(84, 'Notsituation', 193),
(84, 'Fuchtler', 72),
(84, 'Sonnentag', 14),
(84, 'Schutzschild', 15),
(84, 'Doppelteam', 37),
(84, 'Aero-Ass', 98),
(84, 'Fassade', 39),
(84, 'Erholung', 40),
(84, 'Anziehung', 41);

INSERT INTO T_Pokemon_Attacken (Pokedex_Nr, Attacke_Name, Lernmethode_ID) VALUES
(84, 'Raub', 26),
(84, 'Stahlflügel', 133),
(84, 'Ruheort', 134),
(84, 'Ausdauer', 44),
(84, 'Schwerttanz', 46),
(84, 'Schlafrede', 47),
(84, 'Angeberei', 49),
(84, 'Pflücker', 30),
(84, 'Delegator', 50),
(84, 'Fliegen', 31),
(85, 'Triplette', 1),
(85, 'Pikser', 1),
(85, 'Heuler', 1),
(85, 'Ruckzuckhieb', 1),
(85, 'Ruckzuckhieb', 189),
(85, 'Silberblick', 88),
(85, 'Furienschlag', 5),
(85, 'Flügelschlag', 6),
(85, 'Pflücker', 120),
(85, 'Doppelschlag', 192),
(85, 'Agilität', 183),
(85, 'Aufruhr', 184),
(85, 'Akupressur', 200),
(85, 'Schwerttanz', 185),
(85, 'Anfallen', 235),
(85, 'Bohrschnabel', 193),
(85, 'Notsituation', 194),
(85, 'Fuchtler', 160),
(85, 'Sonnentag', 14),
(85, 'Verhöhner', 201),
(85, 'Hyperstrahl', 79),
(85, 'Schutzschild', 15),
(85, 'Doppelteam', 37),
(85, 'Aero-Ass', 98),
(85, 'Folterknecht', 25),
(85, 'Fassade', 39),
(85, 'Erholung', 40),
(85, 'Anziehung', 41),
(85, 'Raub', 26),
(85, 'Stahlflügel', 133),
(85, 'Ruheort', 134),
(85, 'Ausdauer', 44),
(85, 'Gegenstoß', 187),
(85, 'Gigastoß', 81),
(85, 'Schwerttanz', 46),
(85, 'Schlafrede', 47),
(85, 'Angeberei', 49),
(85, 'Pflücker', 30),
(85, 'Delegator', 50),
(85, 'Fliegen', 31),
(86, 'Heuler', 2),
(86, 'Aquaknarre', 197),
(86, 'Eissturm', 180),
(86, 'Zugabe', 190),
(86, 'Eissplitter', 89),
(86, 'Erholung', 8),
(86, 'Wasserring', 182),
(86, 'Aurorastrahl', 10),
(86, 'Wasserdüse', 199),
(86, 'Lake', 12),
(86, 'Bodycheck', 73),
(86, 'Taucher', 186),
(86, 'Nassschweif', 235),
(86, 'Eisstrahl', 193),
(86, 'Bodyguard', 75),
(86, 'Hagelsturm', 191),
(86, 'Hagelsturm', 144),
(86, 'Eisstrahl', 95),
(86, 'Blizzard', 145),
(86, 'Schutzschild', 15),
(86, 'Regentanz', 146),
(86, 'Bodyguard', 35),
(86, 'Eisenschweif', 105),
(86, 'Doppelteam', 37),
(86, 'Fassade', 39),
(86, 'Erholung', 40),
(86, 'Anziehung', 41),
(86, 'Raub', 26),
(86, 'Lake', 143),
(86, 'Schleuder', 107),
(86, 'Ausdauer', 44),
(86, 'Schlafrede', 47),
(86, 'Angeberei', 49),
(86, 'Delegator', 50),
(86, 'Surfer', 130),
(86, 'Kaskade', 132),
(87, 'Eiseskälte', 1),
(87, 'Kopfnuss', 1),
(87, 'Heuler', 1),
(87, 'Blubbstrahl', 1),
(87, 'Eissturm', 1),
(87, 'Aquaknarre', 1),
(87, 'Heuler', 2),
(87, 'Blubbstrahl', 197),
(87, 'Eissturm', 180),
(87, 'Zugabe', 190),
(87, 'Eissplitter', 89),
(87, 'Erholung', 8),
(87, 'Wasserring', 182),
(87, 'Aurorastrahl', 10),
(87, 'Wasserdüse', 199),
(87, 'Lake', 12),
(87, 'Bodycheck', 124),
(87, 'Taucher', 71),
(87, 'Nassschweif', 159),
(87, 'Eisstrahl', 231),
(87, 'Bodyguard', 226),
(87, 'Hagelsturm', 267),
(87, 'Hagelsturm', 144),
(87, 'Eisstrahl', 95),
(87, 'Blizzard', 145),
(87, 'Hyperstrahl', 79),
(87, 'Schutzschild', 15),
(87, 'Regentanz', 146),
(87, 'Bodyguard', 35),
(87, 'Eisenschweif', 105),
(87, 'Doppelteam', 37),
(87, 'Fassade', 39),
(87, 'Erholung', 40),
(87, 'Anziehung', 41),
(87, 'Raub', 26),
(87, 'Lake', 143),
(87, 'Schleuder', 107),
(87, 'Ausdauer', 44),
(87, 'Gigastoß', 81),
(87, 'Lawine', 162),
(87, 'Schlafrede', 47),
(87, 'Angeberei', 49),
(87, 'Delegator', 50),
(87, 'Surfer', 130),
(87, 'Kaskade', 132),
(88, 'Giftwolke', 1),
(88, 'Härtner', 87),
(88, 'Lehmschelle', 197),
(88, 'Aussetzer', 5),
(88, 'Schlammbad', 6),
(88, 'Smog', 7),
(88, 'Komprimator', 8),
(88, 'Schleuder', 183),
(88, 'Matschbombe', 184),
(88, 'Schlammwoge', 91),
(88, 'Kreideschrei', 73),
(88, 'Mülltreffer', 70),
(88, 'Säurepanzer', 235),
(88, 'Rülpser', 125),
(88, 'Memento-Mori', 122),
(88, 'Verhöhner', 201),
(88, 'Schutzschild', 15),
(88, 'Regentanz', 146),
(88, 'Gigasauger', 16),
(88, 'Donnerblitz', 18),
(88, 'Donner', 19),
(88, 'Schaufler', 20),
(88, 'Spukball', 128),
(88, 'Doppelteam', 37),
(88, 'Schockwelle', 23),
(88, 'Flammenwurf', 106),
(88, 'Matschbombe', 38),
(88, 'Feuersturm', 97),
(88, 'Felsgrab', 24),
(88, 'Folterknecht', 25),
(88, 'Fassade', 39),
(88, 'Erholung', 40),
(88, 'Anziehung', 41),
(88, 'Raub', 26),
(88, 'Schleuder', 107),
(88, 'Ausdauer', 44),
(88, 'Explosion', 161),
(88, 'Gegenstoß', 187),
(88, 'Steinhagel', 109),
(88, 'Schlafrede', 47),
(88, 'Gifthieb', 188),
(88, 'Angeberei', 49),
(88, 'Delegator', 50),
(88, 'Stärke', 52),
(89, 'Giftfalle', 1),
(89, 'Klaps', 1),
(89, 'Giftwolke', 1),
(89, 'Härtner', 1),
(89, 'Lehmschelle', 1),
(89, 'Härtner', 87),
(89, 'Lehmschelle', 197),
(89, 'Aussetzer', 5),
(89, 'Schlammbad', 6),
(89, 'Smog', 7),
(89, 'Komprimator', 8),
(89, 'Schleuder', 183),
(89, 'Matschbombe', 184),
(89, 'Schlammwoge', 91),
(89, 'Kreideschrei', 73),
(89, 'Mülltreffer', 70),
(89, 'Säurepanzer', 125),
(89, 'Rülpser', 194),
(89, 'Memento-Mori', 195),
(89, 'Sonnentag', 14),
(89, 'Verhöhner', 201),
(89, 'Hyperstrahl', 79),
(89, 'Schutzschild', 15),
(89, 'Regentanz', 146),
(89, 'Gigasauger', 16),
(89, 'Donnerblitz', 18),
(89, 'Donner', 19),
(89, 'Schaufler', 20),
(89, 'Spukball', 128),
(89, 'Durchbruch', 22),
(89, 'Doppelteam', 37),
(89, 'Schockwelle', 23),
(89, 'Flammenwurf', 106),
(89, 'Matschbombe', 38),
(89, 'Feuersturm', 97),
(89, 'Felsgrab', 24),
(89, 'Folterknecht', 25),
(89, 'Fassade', 39),
(89, 'Erholung', 40),
(89, 'Anziehung', 41),
(89, 'Raub', 26),
(89, 'Fokusstoß', 135),
(89, 'Schleuder', 107),
(89, 'Ausdauer', 44),
(89, 'Explosion', 161),
(89, 'Gegenstoß', 187),
(89, 'Gigastoß', 81),
(89, 'Finsteraura', 163),
(89, 'Steinhagel', 109),
(89, 'Schlafrede', 47),
(89, 'Gifthieb', 188),
(89, 'Angeberei', 49),
(89, 'Delegator', 50),
(89, 'Stärke', 52),
(89, 'Zertrümmerer', 53),
(90, 'Aquaknarre', 1),
(90, 'Panzerschutz', 87),
(90, 'Eissplitter', 88),
(90, 'Silberblick', 5),
(90, 'Whirlpool', 169),
(90, 'Superschall', 67),
(90, 'Aurorastrahl', 9),
(90, 'Schutzschild', 90),
(90, 'Kalkklinge', 91),
(90, 'Eisenabwehr', 13),
(90, 'Eisstrahl', 70),
(90, 'Hausbruch', 74),
(90, 'Hydropumpe', 122),
(90, 'Finale', 35),
(90, 'Erholung', 17),
(90, 'Schnarcher', 18),
(90, 'Schutzschild', 19),
(90, 'Eissturm', 141),
(90, 'Anziehung', 22),
(90, 'Regentanz', 142),
(90, 'Hagelsturm', 106),
(90, 'Whirlpool', 38),
(90, 'Fassade', 24),
(90, 'Sternschauer', 98),
(90, 'Taucher', 41),
(90, 'Eisspeer', 134),
(90, 'Lehmschuss', 42),
(90, 'Felswurf', 43),
(90, 'Lake', 143),
(90, 'Gegenstoß', 202),
(90, 'Lawine', 161),
(90, 'Kanon', 29),
(90, 'Kalkklinge', 82),
(90, 'Hagelsturm', 144),
(90, 'Eisstrahl', 95),
(90, 'Blizzard', 145),
(90, 'Schutzschild', 15),
(90, 'Regentanz', 146),
(90, 'Doppelteam', 37),
(90, 'Fassade', 39),
(90, 'Erholung', 40),
(90, 'Anziehung', 41),
(90, 'Ausdauer', 44),
(90, 'Explosion', 161),
(90, 'Gegenstoß', 187),
(90, 'Lawine', 162),
(90, 'Schlafrede', 47),
(90, 'Angeberei', 49),
(90, 'Delegator', 50),
(90, 'Surfer', 130),
(90, 'Hydropumpe', 148),
(90, 'Surfer', 149),
(90, 'Eisstrahl', 150),
(90, 'Blizzard', 151),
(90, 'Triplette', 246),
(90, 'Delegator', 57),
(90, 'Ausdauer', 59),
(90, 'Schlafrede', 60),
(90, 'Eisenabwehr', 154),
(90, 'Aquadurchstoß', 167),
(91, 'Eisspeer', 1),
(91, 'Eiszapfhagel', 1),
(91, 'Giftspitzen', 1),
(91, 'Stachler', 1),
(91, 'Silberblick', 1),
(91, 'Whirlpool', 1),
(91, 'Superschall', 1),
(91, 'Aurorastrahl', 1),
(91, 'Schutzschild', 1),
(91, 'Kalkklinge', 1),
(91, 'Eisenabwehr', 1),
(91, 'Eisstrahl', 1),
(91, 'Hausbruch', 1),
(91, 'Hydropumpe', 1),
(91, 'Tackle', 1),
(91, 'Aquaknarre', 1),
(91, 'Panzerschutz', 1),
(91, 'Eissplitter', 1),
(91, 'Hyperstrahl', 127),
(91, 'Gigastoß', 32),
(91, 'Kreideschrei', 34),
(91, 'Lichtschild', 15),
(91, 'Finale', 35),
(91, 'Erholung', 17),
(91, 'Schnarcher', 18),
(91, 'Schutzschild', 19),
(91, 'Eissturm', 141),
(91, 'Anziehung', 22),
(91, 'Regentanz', 142),
(91, 'Hagelsturm', 106),
(91, 'Whirlpool', 38),
(91, 'Fassade', 24),
(91, 'Sternschauer', 98),
(91, 'Taucher', 41),
(91, 'Meteorologe', 26),
(91, 'Eisspeer', 134),
(91, 'Lehmschuss', 42),
(91, 'Felswurf', 43),
(91, 'Lake', 143),
(91, 'Gegenstoß', 202),
(91, 'Lawine', 161),
(91, 'Kanon', 29),
(91, 'Kalkklinge', 82),
(91, 'Schmalhorn', 52),
(91, 'Hagelsturm', 144),
(91, 'Eisstrahl', 95),
(91, 'Blizzard', 145),
(91, 'Hyperstrahl', 79),
(91, 'Lichtschild', 34),
(91, 'Schutzschild', 15),
(91, 'Regentanz', 146),
(91, 'Doppelteam', 37),
(91, 'Folterknecht', 25),
(91, 'Fassade', 39),
(91, 'Erholung', 40),
(91, 'Anziehung', 41),
(91, 'Ausdauer', 44),
(91, 'Explosion', 161),
(91, 'Gegenstoß', 187),
(91, 'Gigastoß', 81),
(91, 'Lawine', 162),
(91, 'Schlafrede', 47),
(91, 'Gifthieb', 188),
(91, 'Angeberei', 49),
(91, 'Delegator', 50),
(91, 'Surfer', 130),
(91, 'Hydropumpe', 148),
(91, 'Surfer', 149),
(91, 'Eisstrahl', 150),
(91, 'Blizzard', 151),
(91, 'Triplette', 246),
(91, 'Delegator', 57),
(91, 'Stachler', 228),
(91, 'Ausdauer', 59),
(91, 'Schlafrede', 60),
(91, 'Eisenabwehr', 154),
(91, 'Giftspitzen', 233),
(91, 'Gifthieb', 222),
(91, 'Aquadurchstoß', 167),
(92, 'Konfusstrahl', 1),
(92, 'Hypnose', 87),
(92, 'Horrorblick', 88),
(92, 'Gegenstoß', 5),
(92, 'Groll', 169),
(92, 'Fluch', 67),
(92, 'Bürde', 9),
(92, 'Nachtnebel', 90),
(92, 'Tiefschlag', 91),
(92, 'Finsteraura', 13),
(92, 'Spukball', 70),
(92, 'Abgangsbund', 74),
(92, 'Traumfresser', 122),
(92, 'Eishieb', 140),
(92, 'Donnerschlag', 94),
(92, 'Finale', 35),
(92, 'Erholung', 17),
(92, 'Raub', 105),
(92, 'Schnarcher', 18),
(92, 'Schutzschild', 19),
(92, 'Grimasse', 80),
(92, 'Eissturm', 141),
(92, 'Gigasauger', 20),
(92, 'Anziehung', 22),
(92, 'Regentanz', 142),
(92, 'Sonnentag', 23),
(92, 'Irrlicht', 97),
(92, 'Fassade', 24),
(92, 'Gegenstoß', 202),
(92, 'Bizarroraum', 45),
(92, 'Wunderraum', 227),
(92, 'Giftschock', 28),
(92, 'Kanon', 29),
(92, 'Bürde', 171),
(92, 'Sonnentag', 14),
(92, 'Verhöhner', 201),
(92, 'Schutzschild', 15),
(92, 'Regentanz', 146),
(92, 'Gigasauger', 16),
(92, 'Zauberschein', 17),
(92, 'Donnerblitz', 18),
(92, 'Psychokinese', 21),
(92, 'Spukball', 128),
(92, 'Doppelteam', 37),
(92, 'Matschbombe', 38),
(92, 'Folterknecht', 25),
(92, 'Fassade', 39),
(92, 'Erholung', 40),
(92, 'Anziehung', 41),
(92, 'Raub', 26),
(92, 'Fähigkeitstausch', 100),
(92, 'Energieball', 42),
(92, 'Ausdauer', 44),
(92, 'Irrlicht', 108),
(92, 'Explosion', 161),
(92, 'Gegenstoß', 187),
(92, 'Psycho-Plus', 171),
(92, 'Finsteraura', 163),
(92, 'Schlafrede', 47),
(92, 'Gifthieb', 188),
(92, 'Traumfresser', 172),
(92, 'Angeberei', 49),
(92, 'Delegator', 50),
(92, 'Bizarroraum', 129),
(92, 'Donnerblitz', 206),
(92, 'Psychokinese', 174),
(92, 'Delegator', 57),
(92, 'Matschbombe', 58),
(92, 'Ausdauer', 59),
(92, 'Schlafrede', 60),
(92, 'Spukball', 176),
(92, 'Aufruhr', 211),
(92, 'Verhöhner', 238),
(92, 'Trickbetrug', 247),
(92, 'Fähigkeitstausch', 177),
(92, 'Gifthieb', 222),
(92, 'Finsteraura', 165),
(92, 'Energieball', 62),
(92, 'Schlammwoge', 240),
(92, 'Schmarotzer', 251),
(92, 'Seitentausch', 220),
(92, 'Zauberschein', 250),
(93, 'Finsterfaust', 1),
(93, 'Schlecker', 1),
(93, 'Konfusstrahl', 1),
(93, 'Hypnose', 1),
(93, 'Horrorblick', 1),
(93, 'Gegenstoß', 5),
(93, 'Groll', 169),
(93, 'Fluch', 67),
(93, 'Bürde', 9),
(93, 'Nachtnebel', 11),
(93, 'Tiefschlag', 13),
(93, 'Finsteraura', 121),
(93, 'Spukball', 122),
(93, 'Abgangsbund', 123),
(93, 'Traumfresser', 266),
(93, 'Eishieb', 140),
(93, 'Donnerschlag', 94),
(93, 'Finale', 35),
(93, 'Erholung', 17),
(93, 'Raub', 105),
(93, 'Schnarcher', 18),
(93, 'Schutzschild', 19),
(93, 'Grimasse', 80),
(93, 'Eissturm', 141),
(93, 'Gigasauger', 20),
(93, 'Anziehung', 22),
(93, 'Regentanz', 142),
(93, 'Sonnentag', 23),
(93, 'Irrlicht', 97),
(93, 'Fassade', 24),
(93, 'Gegenstoß', 202),
(93, 'Schleuder', 101),
(93, 'Dunkelklaue', 102),
(93, 'Bizarroraum', 45),
(93, 'Wunderraum', 227),
(93, 'Giftschock', 28),
(93, 'Kanon', 29),
(93, 'Bürde', 171),
(93, 'Sonnentag', 14),
(93, 'Verhöhner', 201),
(93, 'Schutzschild', 15),
(93, 'Regentanz', 146),
(93, 'Gigasauger', 16),
(93, 'Zauberschein', 17),
(93, 'Donnerblitz', 18),
(93, 'Psychokinese', 21),
(93, 'Spukball', 128),
(93, 'Doppelteam', 37),
(93, 'Matschbombe', 38);

INSERT INTO T_Pokemon_Attacken (Pokedex_Nr, Attacke_Name, Lernmethode_ID) VALUES
(93, 'Folterknecht', 25),
(93, 'Fassade', 39),
(93, 'Erholung', 40),
(93, 'Anziehung', 41),
(93, 'Raub', 26),
(93, 'Fähigkeitstausch', 100),
(93, 'Energieball', 42),
(93, 'Schleuder', 107),
(93, 'Ausdauer', 44),
(93, 'Irrlicht', 108),
(93, 'Explosion', 161),
(93, 'Gegenstoß', 187),
(93, 'Psycho-Plus', 171),
(93, 'Finsteraura', 163),
(93, 'Schlafrede', 47),
(93, 'Gifthieb', 188),
(93, 'Traumfresser', 172),
(93, 'Angeberei', 49),
(93, 'Delegator', 50),
(93, 'Bizarroraum', 129),
(93, 'Donnerblitz', 206),
(93, 'Psychokinese', 174),
(93, 'Delegator', 57),
(93, 'Matschbombe', 58),
(93, 'Ausdauer', 59),
(93, 'Schlafrede', 60),
(93, 'Zugabe', 210),
(93, 'Spukball', 176),
(93, 'Aufruhr', 211),
(93, 'Verhöhner', 238),
(93, 'Trickbetrug', 247),
(93, 'Fähigkeitstausch', 177),
(93, 'Gifthieb', 222),
(93, 'Finsteraura', 165),
(93, 'Energieball', 62),
(93, 'Schlammwoge', 240),
(93, 'Schmarotzer', 251),
(93, 'Seitentausch', 220),
(93, 'Zauberschein', 250),
(94, 'Abgesang', 1),
(94, 'Typenspiegel', 1),
(94, 'Schlecker', 1),
(94, 'Konfusstrahl', 1),
(94, 'Hypnose', 1),
(94, 'Horrorblick', 1),
(94, 'Gegenstoß', 5),
(94, 'Groll', 169),
(94, 'Fluch', 67),
(94, 'Bürde', 9),
(94, 'Nachtnebel', 11),
(94, 'Tiefschlag', 13),
(94, 'Finsteraura', 121),
(94, 'Spukball', 122),
(94, 'Abgangsbund', 123),
(94, 'Traumfresser', 266),
(94, 'Megakick', 92),
(94, 'Feuerschlag', 93),
(94, 'Eishieb', 140),
(94, 'Donnerschlag', 94),
(94, 'Hyperstrahl', 127),
(94, 'Gigastoß', 32),
(94, 'Finale', 35),
(94, 'Erholung', 17),
(94, 'Raub', 105),
(94, 'Schnarcher', 18),
(94, 'Schutzschild', 19),
(94, 'Grimasse', 80),
(94, 'Eissturm', 141),
(94, 'Gigasauger', 20),
(94, 'Anziehung', 22),
(94, 'Regentanz', 142),
(94, 'Sonnentag', 23),
(94, 'Irrlicht', 97),
(94, 'Fassade', 24),
(94, 'Durchbruch', 99),
(94, 'Begrenzer', 40),
(94, 'Gegenstoß', 202),
(94, 'Schleuder', 101),
(94, 'Ableithieb', 205),
(94, 'Dunkelklaue', 102),
(94, 'Bizarroraum', 45),
(94, 'Wunderraum', 227),
(94, 'Giftschock', 28),
(94, 'Kanon', 29),
(94, 'Bürde', 171),
(94, 'Phantomkraft', 48),
(94, 'Toxin', 78),
(94, 'Sonnentag', 14),
(94, 'Verhöhner', 201),
(94, 'Hyperstrahl', 79),
(94, 'Schutzschild', 15),
(94, 'Regentanz', 146),
(94, 'Gigasauger', 16),
(94, 'Zauberschein', 17),
(94, 'Donnerblitz', 18),
(94, 'Donner', 19),
(94, 'Psychokinese', 21),
(94, 'Spukball', 128),
(94, 'Durchbruch', 22),
(94, 'Doppelteam', 37),
(94, 'Matschbombe', 38),
(94, 'Folterknecht', 25),
(94, 'Fassade', 39),
(94, 'Erholung', 40),
(94, 'Anziehung', 41),
(94, 'Raub', 26),
(94, 'Fähigkeitstausch', 100),
(94, 'Fokusstoß', 135),
(94, 'Energieball', 42),
(94, 'Schleuder', 107),
(94, 'Ausdauer', 44),
(94, 'Ableithieb', 243),
(94, 'Irrlicht', 108),
(94, 'Ränkeschmied', 205),
(94, 'Explosion', 161),
(94, 'Gegenstoß', 187),
(94, 'Gigastoß', 81),
(94, 'Psycho-Plus', 171),
(94, 'Finsteraura', 163),
(94, 'Schlafrede', 47),
(94, 'Gifthieb', 188),
(94, 'Traumfresser', 172),
(94, 'Angeberei', 49),
(94, 'Delegator', 50),
(94, 'Bizarroraum', 129),
(94, 'Stärke', 52),
(94, 'Zertrümmerer', 53),
(94, 'Bodyslam', 55),
(94, 'Donnerblitz', 206),
(94, 'Donner', 207),
(94, 'Psychokinese', 174),
(94, 'Metronom', 245),
(94, 'Delegator', 57),
(94, 'Matschbombe', 58),
(94, 'Ausdauer', 59),
(94, 'Schlafrede', 60),
(94, 'Zugabe', 210),
(94, 'Spukball', 176),
(94, 'Aufruhr', 211),
(94, 'Verhöhner', 238),
(94, 'Trickbetrug', 247),
(94, 'Fähigkeitstausch', 177),
(94, 'Gifthieb', 222),
(94, 'Finsteraura', 165),
(94, 'Fokusstoß', 137),
(94, 'Energieball', 62),
(94, 'Ränkeschmied', 212),
(94, 'Schlammwoge', 240),
(94, 'Schmarotzer', 251),
(94, 'Seitentausch', 220),
(94, 'Zauberschein', 250),
(95, 'Härtner', 1),
(95, 'Klammergriff', 1),
(95, 'Steinwurf', 1),
(95, 'Katapult', 87),
(95, 'Steinpolitur', 88),
(95, 'Feuerodem', 5),
(95, 'Fluch', 169),
(95, 'Steinhagel', 67),
(95, 'Kreideschrei', 9),
(95, 'Sandgrab', 90),
(95, 'Tarnsteine', 91),
(95, 'Slam', 13),
(95, 'Sandsturm', 70),
(95, 'Schaufler', 74),
(95, 'Eisenschweif', 122),
(95, 'Steinkante', 194),
(95, 'Risikotackle', 160),
(95, 'Kreideschrei', 34),
(95, 'Finale', 35),
(95, 'Erholung', 17),
(95, 'Steinhagel', 36),
(95, 'Schnarcher', 18),
(95, 'Schutzschild', 19),
(95, 'Grimasse', 80),
(95, 'Anziehung', 22),
(95, 'Sandsturm', 37),
(95, 'Sonnentag', 23),
(95, 'Fassade', 24),
(95, 'Felsgrab', 100),
(95, 'Sandgrab', 147),
(95, 'Felswurf', 43),
(95, 'Gegenstoß', 202),
(95, 'Kanon', 29),
(95, 'Dampfwalze', 77),
(95, 'Wirbler', 131),
(95, 'Fruststampfer', 53),
(95, 'Breitseite', 132),
(95, 'Sonnentag', 14),
(95, 'Verhöhner', 201),
(95, 'Schutzschild', 15),
(95, 'Eisenschweif', 105),
(95, 'Erdbeben', 80),
(95, 'Schaufler', 20),
(95, 'Doppelteam', 37),
(95, 'Sandsturm', 96),
(95, 'Felsgrab', 24),
(95, 'Folterknecht', 25),
(95, 'Fassade', 39),
(95, 'Erholung', 40),
(95, 'Anziehung', 41),
(95, 'Ausdauer', 44),
(95, 'Drachenpuls', 101),
(95, 'Explosion', 161),
(95, 'Gegenstoß', 187),
(95, 'Steinpolitur', 264),
(95, 'Steinkante', 227),
(95, 'Gyroball', 28),
(95, 'Tarnsteine', 29),
(95, 'Psycho-Plus', 171),
(95, 'Steinhagel', 109),
(95, 'Schlafrede', 47),
(95, 'Dampfwalze', 82),
(95, 'Angeberei', 49),
(95, 'Delegator', 50),
(95, 'Lichtkanone', 164),
(95, 'Stärke', 52),
(95, 'Zertrümmerer', 53),
(95, 'Kraxler', 83),
(95, 'Bodyslam', 55),
(95, 'Erdbeben', 84),
(95, 'Delegator', 57),
(95, 'Ausdauer', 59),
(95, 'Schlafrede', 60),
(95, 'Eisenschweif', 112),
(95, 'Verhöhner', 238),
(95, 'Drachentanz', 117),
(95, 'Gyroball', 155),
(95, 'Drachenpuls', 119),
(95, 'Erdkräfte', 86),
(95, 'Lichtkanone', 166),
(95, 'Eisenschädel', 256),
(95, 'Steinkante', 229),
(95, 'Tarnsteine', 224),
(95, 'Rammboss', 265),
(95, 'Schlagbohrer', 230),
(95, 'Pferdestärke', 241),
(95, 'Body Press', 168),
(96, 'Hypnose', 1),
(96, 'Aussetzer', 189),
(96, 'Konfusion', 4),
(96, 'Kopfnuss', 190),
(96, 'Giftwolke', 89),
(96, 'Hypnose', 8),
(96, 'Psystrahl', 68),
(96, 'Willensleser', 184),
(96, 'Psycho-Plus', 12),
(96, 'Hypnose', 73),
(96, 'Zen-Kopfstoß', 186),
(96, 'Angeberei', 71),
(96, 'Psychokinese', 159),
(96, 'Ränkeschmied', 191),
(96, 'Psychoschock', 195),
(96, 'Seher', 226),
(96, 'Gedankengut', 140),
(96, 'Sonnentag', 14),
(96, 'Verhöhner', 201),
(96, 'Lichtschild', 34),
(96, 'Schutzschild', 15),
(96, 'Regentanz', 146),
(96, 'Bodyguard', 35),
(96, 'Zauberschein', 17),
(96, 'Fußtritt', 141),
(96, 'Psychokinese', 21),
(96, 'Spukball', 128),
(96, 'Durchbruch', 22),
(96, 'Doppelteam', 37),
(96, 'Reflektor', 142),
(96, 'Folterknecht', 25),
(96, 'Fassade', 39),
(96, 'Erholung', 40),
(96, 'Anziehung', 41),
(96, 'Raub', 26),
(96, 'Fähigkeitstausch', 100),
(96, 'Schleuder', 107),
(96, 'Ausdauer', 44),
(96, 'Ableithieb', 243),
(96, 'Ränkeschmied', 205),
(96, 'Aufbereitung', 244),
(96, 'Blitz', 45),
(96, 'Donnerwelle', 203),
(96, 'Psycho-Plus', 171),
(96, 'Schlafrede', 47),
(96, 'Traumfresser', 172),
(96, 'Strauchler', 48),
(96, 'Angeberei', 49),
(96, 'Delegator', 50),
(96, 'Bizarroraum', 129),
(97, 'Ränkeschmied', 1),
(97, 'Wechseldich', 1),
(97, 'Klaps', 1),
(97, 'Hypnose', 1),
(97, 'Aussetzer', 1),
(97, 'Konfusion', 1),
(97, 'Aussetzer', 189),
(97, 'Konfusion', 4),
(97, 'Kopfnuss', 190),
(97, 'Giftwolke', 89),
(97, 'Hypnose', 8),
(97, 'Psystrahl', 68),
(97, 'Willensleser', 184),
(97, 'Psycho-Plus', 12),
(97, 'Hypnose', 73),
(97, 'Zen-Kopfstoß', 186),
(97, 'Angeberei', 71),
(97, 'Psychokinese', 159),
(97, 'Ränkeschmied', 191),
(97, 'Psychoschock', 195),
(97, 'Seher', 226),
(97, 'Gedankengut', 140),
(97, 'Sonnentag', 14),
(97, 'Verhöhner', 201),
(97, 'Hyperstrahl', 79),
(97, 'Lichtschild', 34),
(97, 'Schutzschild', 15),
(97, 'Regentanz', 146),
(97, 'Bodyguard', 35),
(97, 'Zauberschein', 17),
(97, 'Fußtritt', 141),
(97, 'Psychokinese', 21),
(97, 'Spukball', 128),
(97, 'Durchbruch', 22),
(97, 'Doppelteam', 37),
(97, 'Reflektor', 142),
(97, 'Folterknecht', 25),
(97, 'Fassade', 39),
(97, 'Erholung', 40),
(97, 'Anziehung', 41),
(97, 'Raub', 26),
(97, 'Fähigkeitstausch', 100),
(97, 'Fokusstoß', 135),
(97, 'Schleuder', 107),
(97, 'Ausdauer', 44),
(97, 'Ableithieb', 243),
(97, 'Ränkeschmied', 205),
(97, 'Aufbereitung', 244),
(97, 'Gigastoß', 81),
(97, 'Blitz', 45),
(97, 'Donnerwelle', 203),
(97, 'Psycho-Plus', 171),
(97, 'Schlafrede', 47),
(97, 'Traumfresser', 172),
(97, 'Strauchler', 48),
(97, 'Angeberei', 49),
(97, 'Delegator', 50),
(97, 'Bizarroraum', 129),
(98, 'Silberblick', 1),
(98, 'Härtner', 87),
(98, 'Metallklaue', 88),
(98, 'Lehmschuss', 5),
(98, 'Schutzschild', 169),
(98, 'Blubbstrahl', 67),
(98, 'Stampfer', 9),
(98, 'Dreschflegel', 184),
(98, 'Kalkklinge', 91),
(98, 'Slam', 13),
(98, 'Schwerttanz', 70),
(98, 'Krabbhammer', 74),
(98, 'Guillotine', 122),
(98, 'Erholung', 17),
(98, 'Steinhagel', 36),
(98, 'Raub', 105),
(98, 'Schnarcher', 18),
(98, 'Schutzschild', 19),
(98, 'Eissturm', 141),
(98, 'Anziehung', 22),
(98, 'Regentanz', 142),
(98, 'Hagelsturm', 106),
(98, 'Whirlpool', 38),
(98, 'Fassade', 24),
(98, 'Durchbruch', 99),
(98, 'Taucher', 41),
(98, 'Felsgrab', 100),
(98, 'Lehmschuss', 42),
(98, 'Lake', 143),
(98, 'Schleuder', 101),
(98, 'Kanon', 29),
(98, 'Kalkklinge', 82),
(98, 'Trugschlag', 31),
(98, 'Hagelsturm', 144),
(98, 'Eisstrahl', 95),
(98, 'Blizzard', 145),
(98, 'Schutzschild', 15),
(98, 'Regentanz', 146),
(98, 'Schaufler', 20),
(98, 'Durchbruch', 22),
(98, 'Doppelteam', 37),
(98, 'Felsgrab', 24),
(98, 'Fassade', 39),
(98, 'Erholung', 40),
(98, 'Anziehung', 41),
(98, 'Raub', 26),
(98, 'Siedewasser', 147),
(98, 'Trugschlag', 43),
(98, 'Schleuder', 107),
(98, 'Ausdauer', 44),
(98, 'Schwerttanz', 46),
(98, 'Steinhagel', 109),
(98, 'Kreuzschere', 77),
(98, 'Schlafrede', 47),
(98, 'Angeberei', 49),
(98, 'Delegator', 50),
(98, 'Zerschneider', 51),
(98, 'Surfer', 130),
(98, 'Stärke', 52),
(98, 'Zertrümmerer', 53),
(98, 'Schwerttanz', 54),
(98, 'Bodyslam', 55),
(98, 'Surfer', 149),
(98, 'Eisstrahl', 150),
(98, 'Blizzard', 151),
(98, 'Agilität', 208),
(98, 'Amnesie', 56),
(98, 'Delegator', 57),
(98, 'Ausdauer', 59),
(98, 'Schlafrede', 60),
(98, 'Kraftkoloss', 239),
(98, 'Eisenabwehr', 154),
(98, 'Kreuzschere', 223),
(98, 'Seitentausch', 220),
(98, 'Siedewasser', 158),
(98, 'Aquadurchstoß', 167),
(99, 'Hammerarm', 1),
(99, 'Aquaknarre', 1),
(99, 'Silberblick', 1),
(99, 'Härtner', 1),
(99, 'Metallklaue', 1),
(99, 'Lehmschuss', 5),
(99, 'Schutzschild', 169),
(99, 'Blubbstrahl', 67),
(99, 'Stampfer', 9),
(99, 'Dreschflegel', 199),
(99, 'Kalkklinge', 13),
(99, 'Slam', 121),
(99, 'Schwerttanz', 122),
(99, 'Krabbhammer', 123),
(99, 'Guillotine', 266),
(99, 'Gigastoß', 32),
(99, 'Schaufler', 79),
(99, 'Erholung', 17),
(99, 'Steinhagel', 36),
(99, 'Raub', 105),
(99, 'Schnarcher', 18),
(99, 'Schutzschild', 19),
(99, 'Eissturm', 141),
(99, 'Anziehung', 22),
(99, 'Regentanz', 142),
(99, 'Hagelsturm', 106),
(99, 'Whirlpool', 38),
(99, 'Fassade', 24),
(99, 'Durchbruch', 99),
(99, 'Taucher', 41),
(99, 'Felsgrab', 100),
(99, 'Lehmschuss', 42),
(99, 'Lake', 143),
(99, 'Schleuder', 101),
(99, 'Kanon', 29),
(99, 'Kalkklinge', 82),
(99, 'Trugschlag', 31),
(99, 'Wirbler', 131),
(99, 'Fruststampfer', 53),
(99, 'Hagelsturm', 144),
(99, 'Eisstrahl', 95),
(99, 'Blizzard', 145),
(99, 'Hyperstrahl', 79),
(99, 'Schutzschild', 15),
(99, 'Regentanz', 146),
(99, 'Schaufler', 20),
(99, 'Durchbruch', 22),
(99, 'Doppelteam', 37),
(99, 'Felsgrab', 24),
(99, 'Fassade', 39),
(99, 'Erholung', 40),
(99, 'Anziehung', 41),
(99, 'Raub', 26),
(99, 'Siedewasser', 147),
(99, 'Trugschlag', 43),
(99, 'Schleuder', 107),
(99, 'Ausdauer', 44),
(99, 'Gigastoß', 81),
(99, 'Schwerttanz', 46),
(99, 'Steinhagel', 109),
(99, 'Kreuzschere', 77),
(99, 'Schlafrede', 47),
(99, 'Angeberei', 49),
(99, 'Delegator', 50),
(99, 'Zerschneider', 51),
(99, 'Surfer', 130),
(99, 'Stärke', 52),
(99, 'Zertrümmerer', 53),
(99, 'Schwerttanz', 54),
(99, 'Bodyslam', 55),
(99, 'Hydropumpe', 148),
(99, 'Surfer', 149),
(99, 'Eisstrahl', 150),
(99, 'Blizzard', 151),
(99, 'Agilität', 208),
(99, 'Amnesie', 56),
(99, 'Delegator', 57),
(99, 'Ausdauer', 59);

INSERT INTO T_Pokemon_Attacken (Pokedex_Nr, Attacke_Name, Lernmethode_ID) VALUES
(99, 'Schlafrede', 60),
(99, 'Kraftkoloss', 239),
(99, 'Eisenabwehr', 154),
(99, 'Kreuzschere', 223),
(99, 'Seitentausch', 220),
(99, 'Siedewasser', 158),
(99, 'Pferdestärke', 241),
(99, 'Aquadurchstoß', 167),
(100, 'Tackle', 1),
(100, 'Donnerschock', 87),
(100, 'Mystowellen', 3),
(100, 'Funkensprung', 4),
(100, 'Walzer', 180),
(100, 'Kreideschrei', 190),
(100, 'Ladestrahl', 169),
(100, 'Sternschauer', 67),
(100, 'Elektroball', 192),
(100, 'Finale', 183),
(100, 'Lichtschild', 184),
(100, 'Magnetflug', 200),
(100, 'Ladungsstoß', 73),
(100, 'Explosion', 186),
(100, 'Gyroball', 125),
(100, 'Spiegelcape', 122),
(100, 'Lichtschild', 34),
(100, 'Schutzschild', 15),
(100, 'Regentanz', 146),
(100, 'Donnerblitz', 18),
(100, 'Donner', 19),
(100, 'Doppelteam', 37),
(100, 'Schockwelle', 23),
(100, 'Folterknecht', 25),
(100, 'Fassade', 39),
(100, 'Voltwechsel', 99),
(100, 'Erholung', 40),
(100, 'Raub', 26),
(100, 'Ladestrahl', 202),
(100, 'Ausdauer', 44),
(100, 'Explosion', 161),
(100, 'Blitz', 45),
(100, 'Donnerwelle', 203),
(100, 'Gyroball', 28),
(100, 'Schlafrede', 47),
(100, 'Angeberei', 49),
(100, 'Delegator', 50),
(101, 'Ladevorgang', 1),
(101, 'Tackle', 1),
(101, 'Mystowellen', 1),
(101, 'Donnerschock', 87),
(101, 'Mystowellen', 3),
(101, 'Funkensprung', 4),
(101, 'Walzer', 180),
(101, 'Kreideschrei', 190),
(101, 'Ladestrahl', 169),
(101, 'Sternschauer', 67),
(101, 'Elektroball', 192),
(101, 'Finale', 183),
(101, 'Lichtschild', 184),
(101, 'Magnetflug', 13),
(101, 'Ladungsstoß', 186),
(101, 'Explosion', 193),
(101, 'Gyroball', 123),
(101, 'Spiegelcape', 76),
(101, 'Hyperstrahl', 79),
(101, 'Lichtschild', 34),
(101, 'Schutzschild', 15),
(101, 'Regentanz', 146),
(101, 'Donnerblitz', 18),
(101, 'Donner', 19),
(101, 'Doppelteam', 37),
(101, 'Schockwelle', 23),
(101, 'Folterknecht', 25),
(101, 'Fassade', 39),
(101, 'Voltwechsel', 99),
(101, 'Erholung', 40),
(101, 'Raub', 26),
(101, 'Ladestrahl', 202),
(101, 'Ausdauer', 44),
(101, 'Explosion', 161),
(101, 'Gigastoß', 81),
(101, 'Blitz', 45),
(101, 'Donnerwelle', 203),
(101, 'Gyroball', 28),
(101, 'Schlafrede', 47),
(101, 'Angeberei', 49),
(101, 'Delegator', 50),
(102, 'Hypnose', 1),
(102, 'Reflektor', 189),
(102, 'Egelsamen', 198),
(102, 'Megasauger', 6),
(102, 'Konfusion', 67),
(102, 'Synthese', 68),
(102, 'Kugelsaat', 11),
(102, 'Gigasauger', 69),
(102, 'Sondersensor', 70),
(102, 'Aufruhr', 71),
(102, 'Sorgensamen', 72),
(102, 'Solarstrahl', 231),
(102, 'Lichtschild', 15),
(102, 'Reflektor', 146),
(102, 'Finale', 35),
(102, 'Erholung', 17),
(102, 'Raub', 105),
(102, 'Schnarcher', 18),
(102, 'Schutzschild', 19),
(102, 'Gigasauger', 20),
(102, 'Anziehung', 22),
(102, 'Sonnentag', 23),
(102, 'Fassade', 24),
(102, 'Kugelsaat', 27),
(102, 'Krafttausch', 243),
(102, 'Bizarroraum', 45),
(102, 'Kanon', 29),
(102, 'Grasfeld', 30),
(102, 'Sonnentag', 14),
(102, 'Lichtschild', 34),
(102, 'Schutzschild', 15),
(102, 'Gigasauger', 16),
(102, 'Solarstrahl', 36),
(102, 'Psychokinese', 21),
(102, 'Doppelteam', 37),
(102, 'Reflektor', 142),
(102, 'Matschbombe', 38),
(102, 'Fassade', 39),
(102, 'Erholung', 40),
(102, 'Anziehung', 41),
(102, 'Raub', 26),
(102, 'Fähigkeitstausch', 100),
(102, 'Energieball', 42),
(102, 'Ausdauer', 44),
(102, 'Explosion', 161),
(102, 'Blitz', 45),
(102, 'Schwerttanz', 46),
(102, 'Psycho-Plus', 171),
(102, 'Schlafrede', 47),
(102, 'Traumfresser', 172),
(102, 'Strauchler', 48),
(102, 'Angeberei', 49),
(102, 'Delegator', 50),
(102, 'Bizarroraum', 129),
(102, 'Stärke', 52),
(102, 'Schwerttanz', 54),
(102, 'Psychokinese', 174),
(102, 'Delegator', 57),
(102, 'Matschbombe', 58),
(102, 'Ausdauer', 59),
(102, 'Schlafrede', 60),
(102, 'Aufruhr', 211),
(102, 'Fähigkeitstausch', 177),
(102, 'Samenbomben', 61),
(102, 'Energieball', 62),
(102, 'Blättersturm', 63),
(102, 'Strauchler', 65),
(103, 'Stampfer', 1),
(103, 'Samenbomben', 1),
(103, 'Psychoschock', 1),
(103, 'Holzhammer', 1),
(103, 'Blättersturm', 1),
(103, 'Megasauger', 1),
(103, 'Konfusion', 1),
(103, 'Synthese', 1),
(103, 'Kugelsaat', 1),
(103, 'Gigasauger', 1),
(103, 'Sondersensor', 1),
(103, 'Aufruhr', 1),
(103, 'Sorgensamen', 1),
(103, 'Solarstrahl', 1),
(103, 'Absorber', 1),
(103, 'Hypnose', 1),
(103, 'Reflektor', 1),
(103, 'Egelsamen', 1),
(103, 'Gigastoß', 32),
(103, 'Zauberblatt', 33),
(103, 'Solarstrahl', 14),
(103, 'Lichtschild', 15),
(103, 'Reflektor', 146),
(103, 'Finale', 35),
(103, 'Erholung', 17),
(103, 'Raub', 105),
(103, 'Schnarcher', 18),
(103, 'Schutzschild', 19),
(103, 'Gigasauger', 20),
(103, 'Anziehung', 22),
(103, 'Sonnentag', 23),
(103, 'Fassade', 24),
(103, 'Kugelsaat', 27),
(103, 'Krafttausch', 243),
(103, 'Psychoklinge', 264),
(103, 'Bizarroraum', 45),
(103, 'Kanon', 29),
(103, 'Dampfwalze', 77),
(103, 'Grasfeld', 30),
(103, 'Fruststampfer', 53),
(103, 'Kugelsaat', 32),
(103, 'Sonnentag', 14),
(103, 'Hyperstrahl', 79),
(103, 'Lichtschild', 34),
(103, 'Schutzschild', 15),
(103, 'Gigasauger', 16),
(103, 'Solarstrahl', 36),
(103, 'Psychokinese', 21),
(103, 'Doppelteam', 37),
(103, 'Reflektor', 142),
(103, 'Matschbombe', 38),
(103, 'Fassade', 39),
(103, 'Erholung', 40),
(103, 'Anziehung', 41),
(103, 'Raub', 26),
(103, 'Fähigkeitstausch', 100),
(103, 'Energieball', 42),
(103, 'Ausdauer', 44),
(103, 'Explosion', 161),
(103, 'Gigastoß', 81),
(103, 'Blitz', 45),
(103, 'Schwerttanz', 46),
(103, 'Psycho-Plus', 171),
(103, 'Schlafrede', 47),
(103, 'Dampfwalze', 82),
(103, 'Traumfresser', 172),
(103, 'Strauchler', 48),
(103, 'Angeberei', 49),
(103, 'Delegator', 50),
(103, 'Bizarroraum', 129),
(103, 'Stärke', 52),
(103, 'Schwerttanz', 54),
(103, 'Fußkick', 259),
(103, 'Psychokinese', 174),
(103, 'Delegator', 57),
(103, 'Matschbombe', 58),
(103, 'Psychoschock', 216),
(103, 'Ausdauer', 59),
(103, 'Schlafrede', 60),
(103, 'Seher', 217),
(103, 'Aufruhr', 211),
(103, 'Fähigkeitstausch', 177),
(103, 'Gedankengut', 218),
(103, 'Samenbomben', 61),
(103, 'Energieball', 62),
(103, 'Zen-Kopfstoß', 157),
(103, 'Blättersturm', 63),
(103, 'Strauchler', 65),
(104, 'Heuler', 1),
(104, 'Rutenschlag', 87),
(104, 'Trugschlag', 88),
(104, 'Kopfnuss', 5),
(104, 'Heimzahlung', 169),
(104, 'Schleuder', 67),
(104, 'Fruststampfer', 9),
(104, 'Knochenhatz', 184),
(104, 'Energiefokus', 91),
(104, 'Notsituation', 13),
(104, 'Knochmerang', 70),
(104, 'Fuchtler', 74),
(104, 'Risikotackle', 122),
(104, 'Megakick', 92),
(104, 'Feuerschlag', 93),
(104, 'Donnerschlag', 94),
(104, 'Schaufler', 79),
(104, 'Kreideschrei', 34),
(104, 'Erholung', 17),
(104, 'Steinhagel', 36),
(104, 'Raub', 105),
(104, 'Schnarcher', 18),
(104, 'Schutzschild', 19),
(104, 'Eissturm', 141),
(104, 'Anziehung', 22),
(104, 'Sandsturm', 37),
(104, 'Sonnentag', 23),
(104, 'Fassade', 24),
(104, 'Sternschauer', 98),
(104, 'Durchbruch', 99),
(104, 'Felsgrab', 100),
(104, 'Schleuder', 101),
(104, 'Kanon', 29),
(104, 'Heimzahlung', 163),
(104, 'Dampfwalze', 77),
(104, 'Trugschlag', 31),
(104, 'Wirbler', 131),
(104, 'Fruststampfer', 53),
(104, 'Sonnentag', 14),
(104, 'Eisstrahl', 95),
(104, 'Blizzard', 145),
(104, 'Schutzschild', 15),
(104, 'Eisenschweif', 105),
(104, 'Erdbeben', 80),
(104, 'Schaufler', 20),
(104, 'Durchbruch', 22),
(104, 'Doppelteam', 37),
(104, 'Flammenwurf', 106),
(104, 'Sandsturm', 96),
(104, 'Feuersturm', 97),
(104, 'Felsgrab', 24),
(104, 'Aero-Ass', 98),
(104, 'Fassade', 39),
(104, 'Erholung', 40),
(104, 'Anziehung', 41),
(104, 'Raub', 26),
(104, 'Trugschlag', 43),
(104, 'Schleuder', 107),
(104, 'Ausdauer', 44),
(104, 'Schwerttanz', 46),
(104, 'Tarnsteine', 29),
(104, 'Steinhagel', 109),
(104, 'Schlafrede', 47),
(104, 'Dampfwalze', 82),
(104, 'Angeberei', 49),
(104, 'Delegator', 50),
(104, 'Stärke', 52),
(104, 'Zertrümmerer', 53),
(104, 'Kraxler', 83),
(104, 'Schwerttanz', 54),
(104, 'Bodyslam', 55),
(104, 'Flammenwurf', 110),
(104, 'Eisstrahl', 150),
(104, 'Blizzard', 151),
(104, 'Fußkick', 259),
(104, 'Erdbeben', 84),
(104, 'Energiefokus', 232),
(104, 'Feuersturm', 111),
(104, 'Delegator', 57),
(104, 'Ausdauer', 59),
(104, 'Schlafrede', 60),
(104, 'Eisenschweif', 112),
(104, 'Aufruhr', 211),
(104, 'Eisenabwehr', 154),
(104, 'Erdkräfte', 86),
(104, 'Eisenschädel', 256),
(104, 'Tarnsteine', 224),
(105, 'Heuler', 1),
(105, 'Rutenschlag', 1),
(105, 'Trugschlag', 1),
(105, 'Kopfnuss', 5),
(105, 'Heimzahlung', 169),
(105, 'Schleuder', 67),
(105, 'Fruststampfer', 9),
(105, 'Knochenhatz', 199),
(105, 'Energiefokus', 13),
(105, 'Notsituation', 121),
(105, 'Knochmerang', 122),
(105, 'Fuchtler', 123),
(105, 'Risikotackle', 266),
(105, 'Megakick', 92),
(105, 'Feuerschlag', 93),
(105, 'Donnerschlag', 94),
(105, 'Hyperstrahl', 127),
(105, 'Gigastoß', 32),
(105, 'Schaufler', 79),
(105, 'Kreideschrei', 34),
(105, 'Erholung', 17),
(105, 'Steinhagel', 36),
(105, 'Raub', 105),
(105, 'Schnarcher', 18),
(105, 'Schutzschild', 19),
(105, 'Eissturm', 141),
(105, 'Anziehung', 22),
(105, 'Sandsturm', 37),
(105, 'Sonnentag', 23),
(105, 'Fassade', 24),
(105, 'Sternschauer', 98),
(105, 'Durchbruch', 99),
(105, 'Felsgrab', 100),
(105, 'Schleuder', 101),
(105, 'Kanon', 29),
(105, 'Heimzahlung', 163),
(105, 'Dampfwalze', 77),
(105, 'Trugschlag', 31),
(105, 'Wirbler', 131),
(105, 'Fruststampfer', 53),
(105, 'Sonnentag', 14),
(105, 'Eisstrahl', 95),
(105, 'Blizzard', 145),
(105, 'Hyperstrahl', 79),
(105, 'Schutzschild', 15),
(105, 'Eisenschweif', 105),
(105, 'Erdbeben', 80),
(105, 'Schaufler', 20),
(105, 'Durchbruch', 22),
(105, 'Doppelteam', 37),
(105, 'Flammenwurf', 106),
(105, 'Sandsturm', 96),
(105, 'Feuersturm', 97),
(105, 'Felsgrab', 24),
(105, 'Aero-Ass', 98),
(105, 'Fassade', 39),
(105, 'Erholung', 40),
(105, 'Anziehung', 41),
(105, 'Raub', 26),
(105, 'Fokusstoß', 135),
(105, 'Trugschlag', 43),
(105, 'Schleuder', 107),
(105, 'Ausdauer', 44),
(105, 'Gigastoß', 81),
(105, 'Steinkante', 227),
(105, 'Schwerttanz', 46),
(105, 'Tarnsteine', 29),
(105, 'Steinhagel', 109),
(105, 'Schlafrede', 47),
(105, 'Dampfwalze', 82),
(105, 'Angeberei', 49),
(105, 'Delegator', 50),
(105, 'Stärke', 52),
(105, 'Zertrümmerer', 53),
(105, 'Kraxler', 83),
(105, 'Schwerttanz', 54),
(105, 'Bodyslam', 55),
(105, 'Flammenwurf', 110),
(105, 'Eisstrahl', 150),
(105, 'Blizzard', 151),
(105, 'Fußkick', 259),
(105, 'Erdbeben', 84),
(105, 'Energiefokus', 232),
(105, 'Feuersturm', 111),
(105, 'Delegator', 57),
(105, 'Wutanfall', 85),
(105, 'Ausdauer', 59),
(105, 'Schlafrede', 60),
(105, 'Eisenschweif', 112),
(105, 'Aufruhr', 211),
(105, 'Eisenabwehr', 154),
(105, 'Fokusstoß', 137),
(105, 'Erdkräfte', 86),
(105, 'Eisenschädel', 256),
(105, 'Steinkante', 229),
(105, 'Tarnsteine', 224),
(105, 'Neck Strike', 225),
(106, 'Durchbruch', 1),
(106, 'Offenlegung', 1),
(106, 'Fußtritt', 1),
(106, 'Tackle', 1),
(106, 'Rechte Hand', 1),
(106, 'Mogelhieb', 1),
(106, 'Energiefokus', 1),
(106, 'Doppelkick', 87),
(106, 'Fußkick', 88),
(106, 'Ausdauer', 5),
(106, 'Vergeltung', 169),
(106, 'Rundumschutz', 8),
(106, 'Feuerfeger', 9),
(106, 'Willensleser', 90),
(106, 'Megakick', 91),
(106, 'Nahkampf', 13),
(106, 'Gegenschlag', 70),
(106, 'Turmkick', 74),
(106, 'Megakick', 92),
(106, 'Erholung', 17),
(106, 'Steinhagel', 36),
(106, 'Raub', 105),
(106, 'Schnarcher', 18),
(106, 'Schutzschild', 19),
(106, 'Anziehung', 22),
(106, 'Regentanz', 142),
(106, 'Sonnentag', 23),
(106, 'Fassade', 24),
(106, 'Sternschauer', 98),
(106, 'Rechte Hand', 25),
(106, 'Vergeltung', 39),
(106, 'Durchbruch', 99),
(106, 'Felsgrab', 100),
(106, 'Sprungfeder', 135),
(106, 'Schleuder', 101),
(106, 'Fußtritt', 46),
(106, 'Kanon', 29),
(106, 'Heimzahlung', 163),
(106, 'Dampfwalze', 77),
(106, 'Fruststampfer', 53),
(106, 'Protzer', 127),
(106, 'Kraftschub', 33),
(106, 'Sonnentag', 14),
(106, 'Schutzschild', 15),
(106, 'Regentanz', 146),
(106, 'Erdbeben', 80),
(106, 'Fußtritt', 141),
(106, 'Durchbruch', 22),
(106, 'Doppelteam', 37),
(106, 'Felsgrab', 24),
(106, 'Fassade', 39),
(106, 'Erholung', 40),
(106, 'Anziehung', 41),
(106, 'Raub', 26),
(106, 'Fokusstoß', 135),
(106, 'Schleuder', 107),
(106, 'Ausdauer', 44),
(106, 'Steinkante', 227),
(106, 'Steinhagel', 109),
(106, 'Schlafrede', 47),
(106, 'Dampfwalze', 82),
(106, 'Gifthieb', 188),
(106, 'Angeberei', 49),
(106, 'Delegator', 50),
(106, 'Stärke', 52),
(106, 'Zertrümmerer', 53),
(106, 'Kraxler', 83),
(106, 'Bodyslam', 55),
(106, 'Fußkick', 259),
(106, 'Erdbeben', 84),
(106, 'Energiefokus', 232),
(106, 'Metronom', 245),
(106, 'Delegator', 57),
(106, 'Gegenschlag', 209),
(106, 'Ausdauer', 59);

INSERT INTO T_Pokemon_Attacken (Pokedex_Nr, Attacke_Name, Lernmethode_ID) VALUES
(106, 'Schlafrede', 60),
(106, 'Aufruhr', 211),
(106, 'Kraftkoloss', 239),
(106, 'Feuerfeger', 136),
(106, 'Protzer', 262),
(106, 'Nahkampf', 260),
(106, 'Aurasphäre', 156),
(106, 'Gifthieb', 222),
(106, 'Fokusstoß', 137),
(106, 'Steinkante', 229),
(106, 'Kraftschub', 66),
(106, 'Neck Strike', 225),
(107, 'Ableithieb', 1),
(107, 'Offenlegung', 1),
(107, 'Vakuumwelle', 1),
(107, 'Patronenhieb', 1),
(107, 'Tackle', 1),
(107, 'Rechte Hand', 1),
(107, 'Mogelhieb', 1),
(107, 'Energiefokus', 1),
(107, 'Tempohieb', 87),
(107, 'Steigerungshieb', 88),
(107, 'Scanner', 5),
(107, 'Vergeltung', 169),
(107, 'Rapidschutz', 8),
(107, 'Donnerschlag', 9),
(107, 'Eishieb', 9),
(107, 'Feuerschlag', 9),
(107, 'Agilität', 90),
(107, 'Megahieb', 91),
(107, 'Nahkampf', 13),
(107, 'Konter', 70),
(107, 'Power-Punch', 74),
(107, 'Megakick', 92),
(107, 'Feuerschlag', 93),
(107, 'Eishieb', 140),
(107, 'Donnerschlag', 94),
(107, 'Erholung', 17),
(107, 'Steinhagel', 36),
(107, 'Raub', 105),
(107, 'Schnarcher', 18),
(107, 'Schutzschild', 19),
(107, 'Anziehung', 22),
(107, 'Regentanz', 142),
(107, 'Sonnentag', 23),
(107, 'Fassade', 24),
(107, 'Sternschauer', 98),
(107, 'Rechte Hand', 25),
(107, 'Vergeltung', 39),
(107, 'Durchbruch', 99),
(107, 'Felsgrab', 100),
(107, 'Schleuder', 101),
(107, 'Ableithieb', 205),
(107, 'Fußtritt', 46),
(107, 'Kanon', 29),
(107, 'Heimzahlung', 163),
(107, 'Dampfwalze', 77),
(107, 'Protzer', 127),
(107, 'Kraftschub', 33),
(107, 'Sonnentag', 14),
(107, 'Schutzschild', 15),
(107, 'Regentanz', 146),
(107, 'Erdbeben', 80),
(107, 'Fußtritt', 141),
(107, 'Durchbruch', 22),
(107, 'Doppelteam', 37),
(107, 'Felsgrab', 24),
(107, 'Fassade', 39),
(107, 'Erholung', 40),
(107, 'Anziehung', 41),
(107, 'Raub', 26),
(107, 'Fokusstoß', 135),
(107, 'Schleuder', 107),
(107, 'Ausdauer', 44),
(107, 'Ableithieb', 243),
(107, 'Steinkante', 227),
(107, 'Steinhagel', 109),
(107, 'Schlafrede', 47),
(107, 'Dampfwalze', 82),
(107, 'Angeberei', 49),
(107, 'Delegator', 50),
(107, 'Stärke', 52),
(107, 'Zertrümmerer', 53),
(107, 'Kraxler', 83),
(107, 'Bodyslam', 55),
(107, 'Fußkick', 259),
(107, 'Erdbeben', 84),
(107, 'Agilität', 208),
(107, 'Energiefokus', 232),
(107, 'Metronom', 245),
(107, 'Delegator', 57),
(107, 'Ausdauer', 59),
(107, 'Schlafrede', 60),
(107, 'Aufruhr', 211),
(107, 'Protzer', 262),
(107, 'Nahkampf', 260),
(107, 'Aurasphäre', 156),
(107, 'Fokusstoß', 137),
(107, 'Steinkante', 229),
(107, 'Kraftschub', 66),
(107, 'Neck Strike', 225),
(108, 'Einigler', 1),
(108, 'Walzer', 3),
(108, 'Superschall', 5),
(108, 'Wickel', 7),
(108, 'Aussetzer', 9),
(108, 'Stampfer', 11),
(108, 'Abschlag', 13),
(108, 'Kreideschrei', 121),
(108, 'Slam', 122),
(108, 'Blattgeißel', 123),
(108, 'Bauchtrommel', 266),
(108, 'Megakick', 92),
(108, 'Feuerschlag', 93),
(108, 'Eishieb', 140),
(108, 'Donnerschlag', 94),
(108, 'Hyperstrahl', 127),
(108, 'Gigastoß', 32),
(108, 'Solarstrahl', 14),
(108, 'Schaufler', 79),
(108, 'Kreideschrei', 34),
(108, 'Erholung', 17),
(108, 'Steinhagel', 36),
(108, 'Raub', 105),
(108, 'Schnarcher', 18),
(108, 'Schutzschild', 19),
(108, 'Eissturm', 141),
(108, 'Anziehung', 22),
(108, 'Sandsturm', 37),
(108, 'Regentanz', 142),
(108, 'Sonnentag', 23),
(108, 'Whirlpool', 38),
(108, 'Fassade', 24),
(108, 'Rechte Hand', 25),
(108, 'Durchbruch', 99),
(108, 'Felsgrab', 100),
(108, 'Schleuder', 101),
(108, 'Kanon', 29),
(108, 'Heimzahlung', 163),
(108, 'Dampfwalze', 77),
(108, 'Wirbler', 131),
(108, 'Fruststampfer', 53),
(108, 'Aquawelle', 93),
(108, 'Kraftschub', 33),
(108, 'Sonnentag', 14),
(108, 'Eisstrahl', 95),
(108, 'Blizzard', 145),
(108, 'Hyperstrahl', 79),
(108, 'Schutzschild', 15),
(108, 'Regentanz', 146),
(108, 'Solarstrahl', 36),
(108, 'Eisenschweif', 105),
(108, 'Donnerblitz', 18),
(108, 'Donner', 19),
(108, 'Erdbeben', 80),
(108, 'Schaufler', 20),
(108, 'Spukball', 128),
(108, 'Durchbruch', 22),
(108, 'Doppelteam', 37),
(108, 'Schockwelle', 23),
(108, 'Flammenwurf', 106),
(108, 'Sandsturm', 96),
(108, 'Feuersturm', 97),
(108, 'Felsgrab', 24),
(108, 'Fassade', 39),
(108, 'Erholung', 40),
(108, 'Anziehung', 41),
(108, 'Raub', 26),
(108, 'Schleuder', 107),
(108, 'Ausdauer', 44),
(108, 'Gigastoß', 81),
(108, 'Schwerttanz', 46),
(108, 'Psycho-Plus', 171),
(108, 'Steinhagel', 109),
(108, 'Schlafrede', 47),
(108, 'Dampfwalze', 82),
(108, 'Traumfresser', 172),
(108, 'Angeberei', 49),
(108, 'Delegator', 50),
(108, 'Zerschneider', 51),
(108, 'Surfer', 130),
(108, 'Stärke', 52),
(108, 'Zertrümmerer', 53),
(108, 'Kraxler', 83),
(108, 'Schwerttanz', 54),
(108, 'Bodyslam', 55),
(108, 'Flammenwurf', 110),
(108, 'Hydropumpe', 148),
(108, 'Surfer', 149),
(108, 'Eisstrahl', 150),
(108, 'Blizzard', 151),
(108, 'Donnerblitz', 206),
(108, 'Donner', 207),
(108, 'Erdbeben', 84),
(108, 'Feuersturm', 111),
(108, 'Amnesie', 56),
(108, 'Delegator', 57),
(108, 'Ausdauer', 59),
(108, 'Schlafrede', 60),
(108, 'Eisenschweif', 112),
(108, 'Spukball', 176),
(108, 'Lehmbrühe', 153),
(108, 'Zen-Kopfstoß', 157),
(108, 'Blattgeißel', 64),
(108, 'Kraftschub', 66),
(108, 'Body Press', 168),
(109, 'Tackle', 1),
(109, 'Smog', 87),
(109, 'Rauchwolke', 88),
(109, 'Klärsmog', 5),
(109, 'Gewissheit', 169),
(109, 'Schlammbad', 67),
(109, 'Dunkelnebel', 9),
(109, 'Finale', 90),
(109, 'Matschbombe', 91),
(109, 'Toxin', 13),
(109, 'Rülpser', 70),
(109, 'Explosion', 74),
(109, 'Memento-Mori', 122),
(109, 'Abgangsbund', 194),
(109, 'Finale', 35),
(109, 'Erholung', 17),
(109, 'Raub', 105),
(109, 'Schnarcher', 18),
(109, 'Schutzschild', 19),
(109, 'Anziehung', 22),
(109, 'Regentanz', 142),
(109, 'Sonnentag', 23),
(109, 'Irrlicht', 97),
(109, 'Fassade', 24),
(109, 'Gegenstoß', 202),
(109, 'Gewissheit', 44),
(109, 'Giftschock', 28),
(109, 'Kanon', 29),
(109, 'Sonnentag', 14),
(109, 'Verhöhner', 201),
(109, 'Schutzschild', 15),
(109, 'Regentanz', 146),
(109, 'Donnerblitz', 18),
(109, 'Donner', 19),
(109, 'Spukball', 128),
(109, 'Doppelteam', 37),
(109, 'Schockwelle', 23),
(109, 'Flammenwurf', 106),
(109, 'Matschbombe', 38),
(109, 'Feuersturm', 97),
(109, 'Folterknecht', 25),
(109, 'Fassade', 39),
(109, 'Erholung', 40),
(109, 'Anziehung', 41),
(109, 'Raub', 26),
(109, 'Ausdauer', 44),
(109, 'Irrlicht', 108),
(109, 'Explosion', 161),
(109, 'Gegenstoß', 187),
(109, 'Blitz', 45),
(109, 'Gyroball', 28),
(109, 'Finsteraura', 163),
(109, 'Schlafrede', 47),
(109, 'Angeberei', 49),
(109, 'Delegator', 50),
(109, 'Flammenwurf', 110),
(109, 'Donnerblitz', 206),
(109, 'Donner', 207),
(109, 'Feuersturm', 111),
(109, 'Delegator', 57),
(109, 'Matschbombe', 58),
(109, 'Ausdauer', 59),
(109, 'Schlafrede', 60),
(109, 'Spukball', 176),
(109, 'Aufruhr', 211),
(109, 'Verhöhner', 238),
(109, 'Gyroball', 155),
(109, 'Giftspitzen', 233),
(109, 'Finsteraura', 165),
(109, 'Schlammwoge', 240),
(109, 'Giftfalle', 234),
(110, 'Doppelschlag', 1),
(110, 'Hitzewelle', 1),
(110, 'Giftwolke', 1),
(110, 'Tackle', 1),
(110, 'Smog', 1),
(110, 'Rauchwolke', 1),
(110, 'Wunderdampf', 1),
(110, 'Auflockern', 1),
(110, 'Dunkelnebel', 1),
(110, 'Feenbrise', 1),
(110, 'Duftwolke', 1),
(110, 'Klärsmog', 5),
(110, 'Gewissheit', 169),
(110, 'Schlammbad', 67),
(110, 'Dunkelnebel', 9),
(110, 'Aromakur', 9),
(110, 'Finale', 90),
(110, 'Matschbombe', 91),
(110, 'Toxin', 185),
(110, 'Rülpser', 74),
(110, 'Explosion', 72),
(110, 'Memento-Mori', 160),
(110, 'Abgangsbund', 126),
(110, 'Nebelfeld', 196),
(110, 'Gigastoß', 32),
(110, 'Kreideschrei', 34),
(110, 'Finale', 35),
(110, 'Erholung', 17),
(110, 'Raub', 105),
(110, 'Schnarcher', 18),
(110, 'Schutzschild', 19),
(110, 'Anziehung', 22),
(110, 'Regentanz', 142),
(110, 'Sonnentag', 23),
(110, 'Irrlicht', 97),
(110, 'Fassade', 24),
(110, 'Gegenstoß', 202),
(110, 'Gewissheit', 44),
(110, 'Giftschock', 28),
(110, 'Kanon', 29),
(110, 'Sonnentag', 14),
(110, 'Verhöhner', 201),
(110, 'Hyperstrahl', 79),
(110, 'Schutzschild', 15),
(110, 'Regentanz', 146),
(110, 'Donnerblitz', 18),
(110, 'Donner', 19),
(110, 'Spukball', 128),
(110, 'Doppelteam', 37),
(110, 'Schockwelle', 23),
(110, 'Flammenwurf', 106),
(110, 'Matschbombe', 38),
(110, 'Feuersturm', 97),
(110, 'Folterknecht', 25),
(110, 'Fassade', 39),
(110, 'Erholung', 40),
(110, 'Anziehung', 41),
(110, 'Raub', 26),
(110, 'Ausdauer', 44),
(110, 'Irrlicht', 108),
(110, 'Explosion', 161),
(110, 'Gegenstoß', 187),
(110, 'Gigastoß', 81),
(110, 'Blitz', 45),
(110, 'Gyroball', 28),
(110, 'Finsteraura', 163),
(110, 'Schlafrede', 47),
(110, 'Angeberei', 49),
(110, 'Delegator', 50),
(110, 'Wunderraum', 227),
(110, 'Nebelfeld', 173),
(110, 'Wirbler', 131),
(110, 'Flammenwurf', 110),
(110, 'Donnerblitz', 206),
(110, 'Donner', 207),
(110, 'Feuersturm', 111),
(110, 'Delegator', 57),
(110, 'Matschbombe', 58),
(110, 'Ausdauer', 59),
(110, 'Schlafrede', 60),
(110, 'Spukball', 176),
(110, 'Aufruhr', 211),
(110, 'Hitzewelle', 114),
(110, 'Verhöhner', 238),
(110, 'Gyroball', 155),
(110, 'Giftspitzen', 233),
(110, 'Finsteraura', 165),
(110, 'Schlammwoge', 240),
(110, 'Giftfalle', 234),
(110, 'Hitzekoller', 115),
(110, 'Knuddler', 215),
(110, 'Zauberschein', 250),
(111, 'Rutenschlag', 1),
(111, 'Katapult', 189),
(111, 'Dampfwalze', 198),
(111, 'Hornattacke', 6),
(111, 'Grimasse', 67),
(111, 'Stampfer', 68),
(111, 'Felswurf', 11),
(111, 'Schlagbohrer', 69),
(111, 'Bodycheck', 70),
(111, 'Erdbeben', 71),
(111, 'Steinkante', 72),
(111, 'Vielender', 231),
(111, 'Hornbohrer', 266),
(111, 'Erholung', 17),
(111, 'Steinhagel', 36),
(111, 'Raub', 105),
(111, 'Schnarcher', 18),
(111, 'Schutzschild', 19),
(111, 'Grimasse', 80),
(111, 'Eissturm', 141),
(111, 'Anziehung', 22),
(111, 'Sandsturm', 37),
(111, 'Regentanz', 142),
(111, 'Sonnentag', 23),
(111, 'Fassade', 24),
(111, 'Felsgrab', 100),
(111, 'Lehmschuss', 42),
(111, 'Felswurf', 43),
(111, 'Gegenstoß', 202),
(111, 'Donnerzahn', 187),
(111, 'Eiszahn', 244),
(111, 'Feuerzahn', 81),
(111, 'Kanon', 29),
(111, 'Dampfwalze', 77),
(111, 'Schmalhorn', 52),
(111, 'Fruststampfer', 53),
(111, 'Sonnentag', 14),
(111, 'Eisstrahl', 95),
(111, 'Blizzard', 145),
(111, 'Schutzschild', 15),
(111, 'Regentanz', 146),
(111, 'Eisenschweif', 105),
(111, 'Donnerblitz', 18),
(111, 'Donner', 19),
(111, 'Erdbeben', 80),
(111, 'Schaufler', 20),
(111, 'Doppelteam', 37),
(111, 'Schockwelle', 23),
(111, 'Flammenwurf', 106),
(111, 'Sandsturm', 96),
(111, 'Feuersturm', 97),
(111, 'Felsgrab', 24),
(111, 'Fassade', 39),
(111, 'Erholung', 40),
(111, 'Anziehung', 41),
(111, 'Raub', 26),
(111, 'Ausdauer', 44),
(111, 'Drachenpuls', 101),
(111, 'Gegenstoß', 187),
(111, 'Steinpolitur', 264),
(111, 'Steinkante', 227),
(111, 'Schwerttanz', 46),
(111, 'Tarnsteine', 29),
(111, 'Steinhagel', 109),
(111, 'Schlafrede', 47),
(111, 'Dampfwalze', 82),
(111, 'Gifthieb', 188),
(111, 'Angeberei', 49),
(111, 'Delegator', 50),
(111, 'Stärke', 52),
(111, 'Zertrümmerer', 53),
(111, 'Kraxler', 83),
(111, 'Schwerttanz', 54),
(111, 'Bodyslam', 55),
(111, 'Flammenwurf', 110),
(111, 'Eisstrahl', 150),
(111, 'Blizzard', 151),
(111, 'Donnerblitz', 206),
(111, 'Donner', 207),
(111, 'Erdbeben', 84),
(111, 'Feuersturm', 111),
(111, 'Delegator', 57),
(111, 'Gegenschlag', 209),
(111, 'Ausdauer', 59),
(111, 'Schlafrede', 60),
(111, 'Vielender', 242),
(111, 'Eisenschweif', 112),
(111, 'Knirscher', 113),
(111, 'Aufruhr', 211),
(111, 'Kraftkoloss', 239),
(111, 'Gifthieb', 222),
(111, 'Drachenpuls', 119),
(111, 'Erdkräfte', 86),
(111, 'Steinkante', 229),
(111, 'Tarnsteine', 224),
(111, 'Schlagbohrer', 230),
(111, 'Pferdestärke', 241),
(112, 'Hammerarm', 1),
(112, 'Tackle', 1),
(112, 'Rutenschlag', 1),
(112, 'Katapult', 1),
(112, 'Dampfwalze', 1),
(112, 'Hornattacke', 6),
(112, 'Grimasse', 67),
(112, 'Stampfer', 68),
(112, 'Felswurf', 11),
(112, 'Schlagbohrer', 69),
(112, 'Bodycheck', 70),
(112, 'Erdbeben', 193),
(112, 'Steinkante', 123),
(112, 'Vielender', 226),
(112, 'Hornbohrer', 196),
(112, 'Megakick', 92),
(112, 'Zahltag', 104),
(112, 'Feuerschlag', 93),
(112, 'Eishieb', 140),
(112, 'Donnerschlag', 94),
(112, 'Hyperstrahl', 127),
(112, 'Gigastoß', 32),
(112, 'Schaufler', 79),
(112, 'Erholung', 17),
(112, 'Steinhagel', 36),
(112, 'Raub', 105),
(112, 'Schnarcher', 18),
(112, 'Schutzschild', 19),
(112, 'Grimasse', 80),
(112, 'Eissturm', 141),
(112, 'Anziehung', 22),
(112, 'Sandsturm', 37),
(112, 'Regentanz', 142),
(112, 'Sonnentag', 23);

INSERT INTO T_Pokemon_Attacken (Pokedex_Nr, Attacke_Name, Lernmethode_ID) VALUES
(112, 'Whirlpool', 38),
(112, 'Fassade', 24),
(112, 'Rechte Hand', 25),
(112, 'Durchbruch', 99),
(112, 'Felsgrab', 100),
(112, 'Lehmschuss', 42),
(112, 'Felswurf', 43),
(112, 'Gegenstoß', 202),
(112, 'Schleuder', 101),
(112, 'Lawine', 161),
(112, 'Dunkelklaue', 102),
(112, 'Donnerzahn', 187),
(112, 'Eiszahn', 244),
(112, 'Feuerzahn', 81),
(112, 'Kanon', 29),
(112, 'Dampfwalze', 77),
(112, 'Schmalhorn', 52),
(112, 'Wirbler', 131),
(112, 'Fruststampfer', 53),
(112, 'Breitseite', 132),
(112, 'Brüller', 94),
(112, 'Sonnentag', 14),
(112, 'Eisstrahl', 95),
(112, 'Blizzard', 145),
(112, 'Hyperstrahl', 79),
(112, 'Schutzschild', 15),
(112, 'Regentanz', 146),
(112, 'Eisenschweif', 105),
(112, 'Donnerblitz', 18),
(112, 'Donner', 19),
(112, 'Erdbeben', 80),
(112, 'Schaufler', 20),
(112, 'Durchbruch', 22),
(112, 'Doppelteam', 37),
(112, 'Schockwelle', 23),
(112, 'Flammenwurf', 106),
(112, 'Sandsturm', 96),
(112, 'Feuersturm', 97),
(112, 'Felsgrab', 24),
(112, 'Fassade', 39),
(112, 'Erholung', 40),
(112, 'Anziehung', 41),
(112, 'Raub', 26),
(112, 'Fokusstoß', 135),
(112, 'Schleuder', 107),
(112, 'Ausdauer', 44),
(112, 'Drachenpuls', 101),
(112, 'Gegenstoß', 187),
(112, 'Gigastoß', 81),
(112, 'Steinpolitur', 264),
(112, 'Steinkante', 227),
(112, 'Lawine', 162),
(112, 'Schwerttanz', 46),
(112, 'Tarnsteine', 29),
(112, 'Steinhagel', 109),
(112, 'Schlafrede', 47),
(112, 'Dampfwalze', 82),
(112, 'Gifthieb', 188),
(112, 'Angeberei', 49),
(112, 'Delegator', 50),
(112, 'Zerschneider', 51),
(112, 'Surfer', 130),
(112, 'Stärke', 52),
(112, 'Zertrümmerer', 53),
(112, 'Kraxler', 83),
(112, 'Schwerttanz', 54),
(112, 'Bodyslam', 55),
(112, 'Flammenwurf', 110),
(112, 'Hydropumpe', 148),
(112, 'Surfer', 149),
(112, 'Eisstrahl', 150),
(112, 'Blizzard', 151),
(112, 'Donnerblitz', 206),
(112, 'Donner', 207),
(112, 'Erdbeben', 84),
(112, 'Feuersturm', 111),
(112, 'Delegator', 57),
(112, 'Gegenschlag', 209),
(112, 'Wutanfall', 85),
(112, 'Ausdauer', 59),
(112, 'Schlafrede', 60),
(112, 'Vielender', 242),
(112, 'Eisenschweif', 112),
(112, 'Knirscher', 113),
(112, 'Aufruhr', 211),
(112, 'Kraftkoloss', 239),
(112, 'Eisenabwehr', 154),
(112, 'Gifthieb', 222),
(112, 'Drachenpuls', 119),
(112, 'Fokusstoß', 137),
(112, 'Erdkräfte', 86),
(112, 'Steinkante', 229),
(112, 'Tarnsteine', 224),
(112, 'Rammboss', 265),
(112, 'Schlagbohrer', 230),
(112, 'Brandstempel', 138),
(112, 'Pferdestärke', 241),
(112, 'Body Press', 168),
(113, 'Säuselstimme', 1),
(113, 'Bezirzer', 1),
(113, 'Charme', 1),
(113, 'Komprimator', 1),
(113, 'Klaps', 1),
(113, 'Imitator', 1),
(113, 'Einigler', 1),
(113, 'Rutenschlag', 87),
(113, 'Widerhall', 88),
(113, 'Lebenstropfen', 5),
(113, 'Gesang', 169),
(113, 'Schleuder', 67),
(113, 'Bodycheck', 9),
(113, 'Heilwoge', 90),
(113, 'Rechte Hand', 91),
(113, 'Lichtschild', 13),
(113, 'Risikotackle', 70),
(113, 'Weichei', 74),
(113, 'Zuflucht', 122),
(113, 'Heilopfer', 194),
(113, 'Megakick', 92),
(113, 'Feuerschlag', 93),
(113, 'Eishieb', 140),
(113, 'Donnerschlag', 94),
(113, 'Hyperstrahl', 127),
(113, 'Gigastoß', 32),
(113, 'Solarstrahl', 14),
(113, 'Donnerwelle', 145),
(113, 'Lichtschild', 15),
(113, 'Bodyguard', 16),
(113, 'Erholung', 17),
(113, 'Steinhagel', 36),
(113, 'Schnarcher', 18),
(113, 'Schutzschild', 19),
(113, 'Eissturm', 141),
(113, 'Charme', 21),
(113, 'Anziehung', 22),
(113, 'Sandsturm', 37),
(113, 'Regentanz', 142),
(113, 'Sonnentag', 23),
(113, 'Hagelsturm', 106),
(113, 'Fassade', 24),
(113, 'Rechte Hand', 25),
(113, 'Durchbruch', 99),
(113, 'Felsgrab', 100),
(113, 'Schleuder', 101),
(113, 'Ableithieb', 205),
(113, 'Kanon', 29),
(113, 'Heimzahlung', 163),
(113, 'Dampfwalze', 77),
(113, 'Fruststampfer', 53),
(113, 'Aquawelle', 93),
(113, 'Gedankengut', 140),
(113, 'Hagelsturm', 144),
(113, 'Kraftschub', 33),
(113, 'Sonnentag', 14),
(113, 'Eisstrahl', 95),
(113, 'Blizzard', 145),
(113, 'Hyperstrahl', 79),
(113, 'Lichtschild', 34),
(113, 'Schutzschild', 15),
(113, 'Regentanz', 146),
(113, 'Bodyguard', 35),
(113, 'Zauberschein', 17),
(113, 'Solarstrahl', 36),
(113, 'Eisenschweif', 105),
(113, 'Donnerblitz', 18),
(113, 'Donner', 19),
(113, 'Erdbeben', 80),
(113, 'Psychokinese', 21),
(113, 'Spukball', 128),
(113, 'Durchbruch', 22),
(113, 'Doppelteam', 37),
(113, 'Schockwelle', 23),
(113, 'Flammenwurf', 106),
(113, 'Sandsturm', 96),
(113, 'Feuersturm', 97),
(113, 'Felsgrab', 24),
(113, 'Fassade', 39),
(113, 'Erholung', 40),
(113, 'Anziehung', 41),
(113, 'Fähigkeitstausch', 100),
(113, 'Schleuder', 107),
(113, 'Ladestrahl', 202),
(113, 'Ausdauer', 44),
(113, 'Ableithieb', 243),
(113, 'Aufbereitung', 244),
(113, 'Gigastoß', 81),
(113, 'Blitz', 45),
(113, 'Donnerwelle', 203),
(113, 'Tarnsteine', 29),
(113, 'Psycho-Plus', 171),
(113, 'Steinhagel', 109),
(113, 'Schlafrede', 47),
(113, 'Dampfwalze', 82),
(113, 'Traumfresser', 172),
(113, 'Strauchler', 48),
(113, 'Angeberei', 49),
(113, 'Delegator', 50),
(113, 'Stärke', 52),
(113, 'Zertrümmerer', 53),
(113, 'Kraxler', 83),
(113, 'Bodyslam', 55),
(113, 'Flammenwurf', 110),
(113, 'Eisstrahl', 150),
(113, 'Blizzard', 151),
(113, 'Donnerblitz', 206),
(113, 'Donner', 207),
(113, 'Erdbeben', 84),
(113, 'Psychokinese', 174),
(113, 'Metronom', 245),
(113, 'Feuersturm', 111),
(113, 'Triplette', 246),
(113, 'Delegator', 57),
(113, 'Ausdauer', 59),
(113, 'Schlafrede', 60),
(113, 'Eisenschweif', 112),
(113, 'Spukball', 176),
(113, 'Aufruhr', 211),
(113, 'Fähigkeitstausch', 177),
(113, 'Schallwelle', 248),
(113, 'Gedankengut', 218),
(113, 'Zen-Kopfstoß', 157),
(113, 'Tarnsteine', 224),
(113, 'Strauchler', 65),
(113, 'Kraftvorrat', 219),
(113, 'Seitentausch', 220),
(113, 'Kraftschub', 66),
(113, 'Stromstoß', 214),
(113, 'Zauberschein', 250),
(114, 'Klammergriff', 1),
(114, 'Stachelspore', 87),
(114, 'Wachstum', 88),
(114, 'Megasauger', 5),
(114, 'Rankenhieb', 169),
(114, 'Giftpuder', 67),
(114, 'Antik-Kraft', 9),
(114, 'Abschlag', 90),
(114, 'Gigasauger', 91),
(114, 'Schlafpuder', 13),
(114, 'Slam', 70),
(114, 'Spaßkanone', 74),
(114, 'Blattgeißel', 122),
(114, 'Verwurzler', 194),
(114, 'Grasfeld', 160),
(114, 'Gigastoß', 32),
(114, 'Solarstrahl', 14),
(114, 'Reflektor', 146),
(114, 'Erholung', 17),
(114, 'Raub', 105),
(114, 'Schnarcher', 18),
(114, 'Schutzschild', 19),
(114, 'Gigasauger', 20),
(114, 'Anziehung', 22),
(114, 'Sonnentag', 23),
(114, 'Fassade', 24),
(114, 'Kugelsaat', 27),
(114, 'Krafttausch', 243),
(114, 'Kanon', 29),
(114, 'Grasfeld', 30),
(114, 'Sonnentag', 14),
(114, 'Hyperstrahl', 79),
(114, 'Schutzschild', 15),
(114, 'Gigasauger', 16),
(114, 'Solarstrahl', 36),
(114, 'Doppelteam', 37),
(114, 'Reflektor', 142),
(114, 'Schockwelle', 23),
(114, 'Matschbombe', 38),
(114, 'Fassade', 39),
(114, 'Erholung', 40),
(114, 'Anziehung', 41),
(114, 'Raub', 26),
(114, 'Energieball', 42),
(114, 'Ausdauer', 44),
(114, 'Gigastoß', 81),
(114, 'Blitz', 45),
(114, 'Schwerttanz', 46),
(114, 'Psycho-Plus', 171),
(114, 'Schlafrede', 47),
(114, 'Strauchler', 48),
(114, 'Angeberei', 49),
(114, 'Delegator', 50),
(114, 'Zerschneider', 51),
(114, 'Zertrümmerer', 53),
(114, 'Schwerttanz', 54),
(114, 'Bodyslam', 55),
(114, 'Amnesie', 56),
(114, 'Delegator', 57),
(114, 'Matschbombe', 58),
(114, 'Ausdauer', 59),
(114, 'Schlafrede', 60),
(114, 'Samenbomben', 61),
(114, 'Energieball', 62),
(114, 'Blättersturm', 63),
(114, 'Blattgeißel', 64),
(114, 'Strauchler', 65),
(115, 'Rutenschlag', 1),
(115, 'Heuler', 87),
(115, 'Mogelhieb', 88),
(115, 'Biss', 5),
(115, 'Stampfer', 169),
(115, 'Energiefokus', 67),
(115, 'Kopfnuss', 9),
(115, 'Tiefschlag', 90),
(115, 'Doppelschlag', 91),
(115, 'Knirscher', 13),
(115, 'Ausdauer', 70),
(115, 'Gegenschlag', 74),
(115, 'Wutanfall', 122),
(115, 'Zuflucht', 194),
(115, 'Megakick', 92),
(115, 'Feuerschlag', 93),
(115, 'Eishieb', 140),
(115, 'Donnerschlag', 94),
(115, 'Hyperstrahl', 127),
(115, 'Gigastoß', 32),
(115, 'Solarstrahl', 14),
(115, 'Schaufler', 79),
(115, 'Bodyguard', 16),
(115, 'Erholung', 17),
(115, 'Steinhagel', 36),
(115, 'Raub', 105),
(115, 'Schnarcher', 18),
(115, 'Schutzschild', 19),
(115, 'Eissturm', 141),
(115, 'Anziehung', 22),
(115, 'Sandsturm', 37),
(115, 'Regentanz', 142),
(115, 'Sonnentag', 23),
(115, 'Hagelsturm', 106),
(115, 'Whirlpool', 38),
(115, 'Prügler', 96),
(115, 'Fassade', 24),
(115, 'Rechte Hand', 25),
(115, 'Durchbruch', 99),
(115, 'Felsgrab', 100),
(115, 'Gewissheit', 44),
(115, 'Schleuder', 101),
(115, 'Ableithieb', 205),
(115, 'Lawine', 161),
(115, 'Dunkelklaue', 102),
(115, 'Kanon', 29),
(115, 'Heimzahlung', 163),
(115, 'Dampfwalze', 77),
(115, 'Aquawelle', 93),
(115, 'Brüller', 94),
(115, 'Hagelsturm', 144),
(115, 'Kraftschub', 33),
(115, 'Sonnentag', 14),
(115, 'Eisstrahl', 95),
(115, 'Blizzard', 145),
(115, 'Hyperstrahl', 79),
(115, 'Schutzschild', 15),
(115, 'Regentanz', 146),
(115, 'Bodyguard', 35),
(115, 'Solarstrahl', 36),
(115, 'Eisenschweif', 105),
(115, 'Donnerblitz', 18),
(115, 'Donner', 19),
(115, 'Erdbeben', 80),
(115, 'Schaufler', 20),
(115, 'Spukball', 128),
(115, 'Durchbruch', 22),
(115, 'Doppelteam', 37),
(115, 'Schockwelle', 23),
(115, 'Flammenwurf', 106),
(115, 'Sandsturm', 96),
(115, 'Feuersturm', 97),
(115, 'Felsgrab', 24),
(115, 'Aero-Ass', 98),
(115, 'Fassade', 39),
(115, 'Erholung', 40),
(115, 'Anziehung', 41),
(115, 'Raub', 26),
(115, 'Fokusstoß', 135),
(115, 'Schleuder', 107),
(115, 'Ausdauer', 44),
(115, 'Ableithieb', 243),
(115, 'Gigastoß', 81),
(115, 'Lawine', 162),
(115, 'Steinhagel', 109),
(115, 'Schlafrede', 47),
(115, 'Dampfwalze', 82),
(115, 'Angeberei', 49),
(115, 'Delegator', 50),
(115, 'Zerschneider', 51),
(115, 'Surfer', 130),
(115, 'Stärke', 52),
(115, 'Zertrümmerer', 53),
(115, 'Kraxler', 83),
(115, 'Bodyslam', 55),
(115, 'Flammenwurf', 110),
(115, 'Hydropumpe', 148),
(115, 'Surfer', 149),
(115, 'Eisstrahl', 150),
(115, 'Blizzard', 151),
(115, 'Fußkick', 259),
(115, 'Donnerblitz', 206),
(115, 'Donner', 207),
(115, 'Erdbeben', 84),
(115, 'Energiefokus', 232),
(115, 'Feuersturm', 111),
(115, 'Delegator', 57),
(115, 'Gegenschlag', 209),
(115, 'Wutanfall', 85),
(115, 'Ausdauer', 59),
(115, 'Schlafrede', 60),
(115, 'Eisenschweif', 112),
(115, 'Knirscher', 113),
(115, 'Spukball', 176),
(115, 'Aufruhr', 211),
(115, 'Fokusstoß', 137),
(115, 'Kraftschub', 66),
(116, 'Silberblick', 1),
(116, 'Rauchwolke', 189),
(116, 'Windhose', 198),
(116, 'Energiefokus', 6),
(116, 'Feuerodem', 67),
(116, 'Blubbstrahl', 68),
(116, 'Agilität', 11),
(116, 'Konzentration', 69),
(116, 'Drachenpuls', 70),
(116, 'Hydropumpe', 71),
(116, 'Drachentanz', 72),
(116, 'Regentanz', 231),
(116, 'Schnarcher', 18),
(116, 'Schutzschild', 19),
(116, 'Eissturm', 141),
(116, 'Anziehung', 22),
(116, 'Regentanz', 142),
(116, 'Hagelsturm', 106),
(116, 'Whirlpool', 38),
(116, 'Fassade', 24),
(116, 'Sternschauer', 98),
(116, 'Taucher', 41),
(116, 'Sprungfeder', 135),
(116, 'Lake', 143),
(116, 'Kanon', 29),
(116, 'Hagelsturm', 144),
(116, 'Eisstrahl', 95),
(116, 'Blizzard', 145),
(116, 'Schutzschild', 15),
(116, 'Regentanz', 146),
(116, 'Doppelteam', 37),
(116, 'Fassade', 39),
(116, 'Erholung', 40),
(116, 'Anziehung', 41),
(116, 'Siedewasser', 147),
(116, 'Ausdauer', 44),
(116, 'Drachenpuls', 101),
(116, 'Schlafrede', 47),
(116, 'Angeberei', 49),
(116, 'Delegator', 50),
(116, 'Lichtkanone', 164),
(116, 'Surfer', 130),
(116, 'Kaskade', 132),
(116, 'Hydropumpe', 148),
(116, 'Surfer', 149),
(116, 'Eisstrahl', 150),
(116, 'Blizzard', 151),
(116, 'Agilität', 208),
(116, 'Energiefokus', 232),
(116, 'Kaskade', 152),
(116, 'Delegator', 57),
(116, 'Wutanfall', 85),
(116, 'Ausdauer', 59),
(116, 'Schlafrede', 60),
(116, 'Lehmbrühe', 153),
(116, 'Drachentanz', 117),
(116, 'Drachenpuls', 119),
(116, 'Lichtkanone', 166),
(116, 'Siedewasser', 158),
(116, 'Aquadurchstoß', 167),
(117, 'Silberblick', 1),
(117, 'Rauchwolke', 1),
(117, 'Windhose', 1),
(117, 'Energiefokus', 6),
(117, 'Feuerodem', 67),
(117, 'Blubbstrahl', 68),
(117, 'Agilität', 11),
(117, 'Konzentration', 73),
(117, 'Drachenpuls', 74),
(117, 'Hydropumpe', 75),
(117, 'Drachentanz', 76),
(117, 'Regentanz', 267),
(117, 'Gigastoß', 32),
(117, 'Erholung', 17),
(117, 'Schnarcher', 18),
(117, 'Schutzschild', 19),
(117, 'Eissturm', 141),
(117, 'Anziehung', 22),
(117, 'Regentanz', 142),
(117, 'Hagelsturm', 106),
(117, 'Whirlpool', 38),
(117, 'Fassade', 24),
(117, 'Sternschauer', 98),
(117, 'Taucher', 41),
(117, 'Sprungfeder', 135),
(117, 'Lake', 143),
(117, 'Kanon', 29),
(117, 'Hagelsturm', 144);

INSERT INTO T_Pokemon_Attacken (Pokedex_Nr, Attacke_Name, Lernmethode_ID) VALUES
(117, 'Eisstrahl', 95),
(117, 'Blizzard', 145),
(117, 'Hyperstrahl', 79),
(117, 'Schutzschild', 15),
(117, 'Regentanz', 146),
(117, 'Doppelteam', 37),
(117, 'Fassade', 39),
(117, 'Erholung', 40),
(117, 'Anziehung', 41),
(117, 'Siedewasser', 147),
(117, 'Ausdauer', 44),
(117, 'Drachenpuls', 101),
(117, 'Gigastoß', 81),
(117, 'Schlafrede', 47),
(117, 'Angeberei', 49),
(117, 'Delegator', 50),
(117, 'Lichtkanone', 164),
(117, 'Surfer', 130),
(117, 'Kaskade', 132),
(117, 'Hydropumpe', 148),
(117, 'Surfer', 149),
(117, 'Eisstrahl', 150),
(117, 'Blizzard', 151),
(117, 'Agilität', 208),
(117, 'Energiefokus', 232),
(117, 'Kaskade', 152),
(117, 'Delegator', 57),
(117, 'Wutanfall', 85),
(117, 'Ausdauer', 59),
(117, 'Schlafrede', 60),
(117, 'Lehmbrühe', 153),
(117, 'Drachentanz', 117),
(117, 'Drachenpuls', 119),
(117, 'Lichtkanone', 166),
(117, 'Siedewasser', 158),
(117, 'Aquadurchstoß', 167),
(118, 'Rutenschlag', 1),
(118, 'Superschall', 189),
(118, 'Aquawelle', 198),
(118, 'Hornattacke', 6),
(118, 'Agilität', 67),
(118, 'Wasserring', 68),
(118, 'Dreschflegel', 11),
(118, 'Kaskade', 69),
(118, 'Überflutung', 70),
(118, 'Vielender', 71),
(118, 'Hornbohrer', 72),
(118, 'Schnarcher', 18),
(118, 'Schutzschild', 19),
(118, 'Eissturm', 141),
(118, 'Anziehung', 22),
(118, 'Regentanz', 142),
(118, 'Hagelsturm', 106),
(118, 'Whirlpool', 38),
(118, 'Fassade', 24),
(118, 'Sternschauer', 98),
(118, 'Taucher', 41),
(118, 'Sprungfeder', 135),
(118, 'Lehmschuss', 42),
(118, 'Kanon', 29),
(118, 'Schmalhorn', 52),
(118, 'Hagelsturm', 144),
(118, 'Eisstrahl', 95),
(118, 'Blizzard', 145),
(118, 'Schutzschild', 15),
(118, 'Regentanz', 146),
(118, 'Doppelteam', 37),
(118, 'Fassade', 39),
(118, 'Erholung', 40),
(118, 'Anziehung', 41),
(118, 'Siedewasser', 147),
(118, 'Ausdauer', 44),
(118, 'Schwerttanz', 46),
(118, 'Schlafrede', 47),
(118, 'Gifthieb', 188),
(118, 'Angeberei', 49),
(118, 'Delegator', 50),
(118, 'Surfer', 130),
(118, 'Kaskade', 132),
(118, 'Schwerttanz', 54),
(118, 'Bodyslam', 55),
(118, 'Hydropumpe', 148),
(118, 'Surfer', 149),
(118, 'Eisstrahl', 150),
(118, 'Blizzard', 151),
(118, 'Agilität', 208),
(118, 'Kaskade', 152),
(118, 'Delegator', 57),
(118, 'Ausdauer', 59),
(118, 'Schlafrede', 60),
(118, 'Vielender', 242),
(118, 'Lehmbrühe', 153),
(118, 'Gifthieb', 222),
(118, 'Siedewasser', 158),
(118, 'Schlagbohrer', 230),
(118, 'Neck Strike', 225),
(119, 'Rutenschlag', 1),
(119, 'Superschall', 1),
(119, 'Aquawelle', 1),
(119, 'Hornattacke', 6),
(119, 'Agilität', 67),
(119, 'Wasserring', 68),
(119, 'Dreschflegel', 11),
(119, 'Kaskade', 73),
(119, 'Überflutung', 74),
(119, 'Vielender', 75),
(119, 'Hornbohrer', 76),
(119, 'Gigastoß', 32),
(119, 'Erholung', 17),
(119, 'Schnarcher', 18),
(119, 'Schutzschild', 19),
(119, 'Eissturm', 141),
(119, 'Anziehung', 22),
(119, 'Regentanz', 142),
(119, 'Hagelsturm', 106),
(119, 'Whirlpool', 38),
(119, 'Fassade', 24),
(119, 'Sternschauer', 98),
(119, 'Taucher', 41),
(119, 'Sprungfeder', 135),
(119, 'Lehmschuss', 42),
(119, 'Kanon', 29),
(119, 'Schmalhorn', 52),
(119, 'Hagelsturm', 144),
(119, 'Eisstrahl', 95),
(119, 'Blizzard', 145),
(119, 'Hyperstrahl', 79),
(119, 'Schutzschild', 15),
(119, 'Regentanz', 146),
(119, 'Doppelteam', 37),
(119, 'Fassade', 39),
(119, 'Erholung', 40),
(119, 'Anziehung', 41),
(119, 'Siedewasser', 147),
(119, 'Ausdauer', 44),
(119, 'Gigastoß', 81),
(119, 'Schwerttanz', 46),
(119, 'Schlafrede', 47),
(119, 'Gifthieb', 188),
(119, 'Angeberei', 49),
(119, 'Delegator', 50),
(119, 'Surfer', 130),
(119, 'Kaskade', 132),
(119, 'Schwerttanz', 54),
(119, 'Bodyslam', 55),
(119, 'Hydropumpe', 148),
(119, 'Surfer', 149),
(119, 'Eisstrahl', 150),
(119, 'Blizzard', 151),
(119, 'Agilität', 208),
(119, 'Kaskade', 152),
(119, 'Delegator', 57),
(119, 'Ausdauer', 59),
(119, 'Schlafrede', 60),
(119, 'Vielender', 242),
(119, 'Lehmbrühe', 153),
(119, 'Gifthieb', 222),
(119, 'Siedewasser', 158),
(119, 'Schlagbohrer', 230),
(119, 'Neck Strike', 225),
(120, 'Härtner', 1),
(120, 'Aquaknarre', 87),
(120, 'Konfusstrahl', 88),
(120, 'Turbodreher', 5),
(120, 'Komprimator', 169),
(120, 'Sternschauer', 67),
(120, 'Psystrahl', 9),
(120, 'Lake', 90),
(120, 'Lichtschild', 91),
(120, 'Juwelenkraft', 13),
(120, 'Psychokinese', 70),
(120, 'Surfer', 74),
(120, 'Genesung', 122),
(120, 'Kosmik-Kraft', 194),
(120, 'Hydropumpe', 160),
(120, 'Lichtschild', 15),
(120, 'Reflektor', 146),
(120, 'Erholung', 17),
(120, 'Schnarcher', 18),
(120, 'Schutzschild', 19),
(120, 'Eissturm', 141),
(120, 'Regentanz', 142),
(120, 'Hagelsturm', 106),
(120, 'Whirlpool', 38),
(120, 'Fassade', 24),
(120, 'Sternschauer', 98),
(120, 'Taucher', 41),
(120, 'Lake', 143),
(120, 'Kanon', 29),
(120, 'Hagelsturm', 144),
(120, 'Eisstrahl', 95),
(120, 'Blizzard', 145),
(120, 'Lichtschild', 34),
(120, 'Schutzschild', 15),
(120, 'Regentanz', 146),
(120, 'Zauberschein', 17),
(120, 'Donnerblitz', 18),
(120, 'Donner', 19),
(120, 'Psychokinese', 21),
(120, 'Doppelteam', 37),
(120, 'Reflektor', 142),
(120, 'Fassade', 39),
(120, 'Erholung', 40),
(120, 'Siedewasser', 147),
(120, 'Ausdauer', 44),
(120, 'Aufbereitung', 244),
(120, 'Blitz', 45),
(120, 'Donnerwelle', 203),
(120, 'Gyroball', 28),
(120, 'Psycho-Plus', 171),
(120, 'Schlafrede', 47),
(120, 'Angeberei', 49),
(120, 'Delegator', 50),
(120, 'Lichtkanone', 164),
(120, 'Surfer', 130),
(120, 'Kaskade', 132),
(120, 'Hydropumpe', 148),
(120, 'Surfer', 149),
(120, 'Eisstrahl', 150),
(120, 'Blizzard', 151),
(120, 'Donnerblitz', 206),
(120, 'Donner', 207),
(120, 'Psychokinese', 174),
(120, 'Kaskade', 152),
(120, 'Triplette', 246),
(120, 'Delegator', 57),
(120, 'Ausdauer', 59),
(120, 'Schlafrede', 60),
(120, 'Kosmik-Kraft', 249),
(120, 'Gyroball', 155),
(120, 'Juwelenkraft', 258),
(120, 'Lichtkanone', 166),
(120, 'Siedewasser', 158),
(120, 'Zauberschein', 250),
(121, 'Komprimator', 1),
(121, 'Sternschauer', 1),
(121, 'Psystrahl', 1),
(121, 'Lake', 1),
(121, 'Lichtschild', 1),
(121, 'Juwelenkraft', 1),
(121, 'Psychokinese', 1),
(121, 'Surfer', 1),
(121, 'Genesung', 1),
(121, 'Kosmik-Kraft', 1),
(121, 'Hydropumpe', 1),
(121, 'Tackle', 1),
(121, 'Härtner', 1),
(121, 'Aquaknarre', 1),
(121, 'Konfusstrahl', 1),
(121, 'Gigastoß', 32),
(121, 'Donnerwelle', 145),
(121, 'Lichtschild', 15),
(121, 'Reflektor', 146),
(121, 'Erholung', 17),
(121, 'Schnarcher', 18),
(121, 'Schutzschild', 19),
(121, 'Eissturm', 141),
(121, 'Regentanz', 142),
(121, 'Hagelsturm', 106),
(121, 'Whirlpool', 38),
(121, 'Fassade', 24),
(121, 'Sternschauer', 98),
(121, 'Taucher', 41),
(121, 'Lake', 143),
(121, 'Lawine', 161),
(121, 'Psychoklinge', 264),
(121, 'Bizarroraum', 45),
(121, 'Wunderraum', 227),
(121, 'Kanon', 29),
(121, 'Hagelsturm', 144),
(121, 'Eisstrahl', 95),
(121, 'Blizzard', 145),
(121, 'Hyperstrahl', 79),
(121, 'Lichtschild', 34),
(121, 'Schutzschild', 15),
(121, 'Regentanz', 146),
(121, 'Zauberschein', 17),
(121, 'Donnerblitz', 18),
(121, 'Donner', 19),
(121, 'Psychokinese', 21),
(121, 'Doppelteam', 37),
(121, 'Reflektor', 142),
(121, 'Fassade', 39),
(121, 'Erholung', 40),
(121, 'Fähigkeitstausch', 100),
(121, 'Siedewasser', 147),
(121, 'Ausdauer', 44),
(121, 'Aufbereitung', 244),
(121, 'Gigastoß', 81),
(121, 'Blitz', 45),
(121, 'Lawine', 162),
(121, 'Donnerwelle', 203),
(121, 'Gyroball', 28),
(121, 'Psycho-Plus', 171),
(121, 'Schlafrede', 47),
(121, 'Traumfresser', 172),
(121, 'Strauchler', 48),
(121, 'Angeberei', 49),
(121, 'Delegator', 50),
(121, 'Lichtkanone', 164),
(121, 'Bizarroraum', 129),
(121, 'Surfer', 130),
(121, 'Kaskade', 132),
(121, 'Hydropumpe', 148),
(121, 'Surfer', 149),
(121, 'Eisstrahl', 150),
(121, 'Blizzard', 151),
(121, 'Donnerblitz', 206),
(121, 'Donner', 207),
(121, 'Psychokinese', 174),
(121, 'Agilität', 208),
(121, 'Kaskade', 152),
(121, 'Triplette', 246),
(121, 'Delegator', 57),
(121, 'Psychoschock', 216),
(121, 'Ausdauer', 59),
(121, 'Schlafrede', 60),
(121, 'Trickbetrug', 247),
(121, 'Fähigkeitstausch', 177),
(121, 'Kosmik-Kraft', 249),
(121, 'Gyroball', 155),
(121, 'Juwelenkraft', 258),
(121, 'Lichtkanone', 166),
(121, 'Strauchler', 65),
(121, 'Seitentausch', 220),
(121, 'Siedewasser', 158),
(121, 'Zauberschein', 250),
(122, 'Rundumschutz', 1),
(122, 'Krafttausch', 1),
(122, 'Schutztausch', 1),
(122, 'Klaps', 1),
(122, 'Imitator', 1),
(122, 'Stafette', 1),
(122, 'Zugabe', 1),
(122, 'Rollenspiel', 1),
(122, 'Schutzschild', 1),
(122, 'Aufbereitung', 1),
(122, 'Mimikry', 1),
(122, 'Lichtschild', 1),
(122, 'Reflektor', 1),
(122, 'Bodyguard', 1),
(122, 'Zauberschein', 1),
(122, 'Nebelfeld', 1),
(122, 'Turbodreher', 1),
(122, 'Eissplitter', 1),
(122, 'Konfusion', 5),
(122, 'Rollenspiel', 169),
(122, 'Seitentausch', 169),
(122, 'Schutzschild', 67),
(122, 'Eissturm', 67),
(122, 'Aufbereitung', 9),
(122, 'Doppelkick', 9),
(122, 'Psystrahl', 90),
(122, 'Mimikry', 91),
(122, 'Hypnose', 91),
(122, 'Lichtschild', 13),
(122, 'Reflektor', 13),
(122, 'Bodyguard', 13),
(122, 'Spiegelcape', 13),
(122, 'Tiefschlag', 70),
(122, 'Zauberschein', 74),
(122, 'Gefriertrockner', 74),
(122, 'Psychokinese', 122),
(122, 'Taumeltanz', 194),
(122, 'Megakick', 92),
(122, 'Feuerschlag', 93),
(122, 'Eishieb', 140),
(122, 'Donnerschlag', 94),
(122, 'Hyperstrahl', 127),
(122, 'Gigastoß', 32),
(122, 'Zauberblatt', 33),
(122, 'Solarstrahl', 14),
(122, 'Donnerwelle', 145),
(122, 'Lichtschild', 15),
(122, 'Reflektor', 146),
(122, 'Bodyguard', 16),
(122, 'Erholung', 17),
(122, 'Raub', 105),
(122, 'Schnarcher', 18),
(122, 'Schutzschild', 19),
(122, 'Eissturm', 141),
(122, 'Charme', 21),
(122, 'Anziehung', 22),
(122, 'Regentanz', 142),
(122, 'Sonnentag', 23),
(122, 'Fassade', 24),
(122, 'Rechte Hand', 25),
(122, 'Durchbruch', 99),
(122, 'Gegenstoß', 202),
(122, 'Schleuder', 101),
(122, 'Krafttausch', 243),
(122, 'Schutztausch', 108),
(122, 'Ableithieb', 205),
(122, 'Bizarroraum', 45),
(122, 'Wunderraum', 227),
(122, 'Magieraum', 162),
(122, 'Kanon', 29),
(122, 'Nebelfeld', 173),
(122, 'Psychofeld', 164),
(122, 'Magieflamme', 129),
(122, 'Gedankengut', 140),
(122, 'Sonnentag', 14),
(122, 'Verhöhner', 201),
(122, 'Hyperstrahl', 79),
(122, 'Lichtschild', 34),
(122, 'Schutzschild', 15),
(122, 'Regentanz', 146),
(122, 'Bodyguard', 35),
(122, 'Zauberschein', 17),
(122, 'Solarstrahl', 36),
(122, 'Donnerblitz', 18),
(122, 'Donner', 19),
(122, 'Psychokinese', 21),
(122, 'Spukball', 128),
(122, 'Durchbruch', 22),
(122, 'Doppelteam', 37),
(122, 'Reflektor', 142),
(122, 'Schockwelle', 23),
(122, 'Aero-Ass', 98),
(122, 'Folterknecht', 25),
(122, 'Fassade', 39),
(122, 'Erholung', 40),
(122, 'Anziehung', 41),
(122, 'Raub', 26),
(122, 'Fähigkeitstausch', 100),
(122, 'Fokusstoß', 135),
(122, 'Energieball', 42),
(122, 'Schleuder', 107),
(122, 'Ladestrahl', 202),
(122, 'Ausdauer', 44),
(122, 'Ableithieb', 243),
(122, 'Ränkeschmied', 205),
(122, 'Gegenstoß', 187),
(122, 'Aufbereitung', 244),
(122, 'Gigastoß', 81),
(122, 'Blitz', 45),
(122, 'Donnerwelle', 203),
(122, 'Psycho-Plus', 171),
(122, 'Schlafrede', 47),
(122, 'Traumfresser', 172),
(122, 'Strauchler', 48),
(122, 'Angeberei', 49),
(122, 'Delegator', 50),
(122, 'Bizarroraum', 129),
(122, 'Kreideschrei', 34),
(122, 'Hagelsturm', 106),
(122, 'Eisspeer', 134),
(122, 'Lawine', 161),
(122, 'Fruststampfer', 53),
(122, 'Bodyslam', 55),
(122, 'Donnerblitz', 206),
(122, 'Donner', 207),
(122, 'Psychokinese', 174),
(122, 'Metronom', 245),
(122, 'Delegator', 57),
(122, 'Psychoschock', 216),
(122, 'Ausdauer', 59),
(122, 'Schlafrede', 60),
(122, 'Stafette', 175),
(122, 'Zugabe', 210),
(122, 'Spukball', 176),
(122, 'Seher', 217),
(122, 'Aufruhr', 211),
(122, 'Verhöhner', 238),
(122, 'Trickbetrug', 247),
(122, 'Fähigkeitstausch', 177),
(122, 'Eisenabwehr', 154),
(122, 'Gedankengut', 218),
(122, 'Fokusstoß', 137),
(122, 'Energieball', 62),
(122, 'Ränkeschmied', 212),
(122, 'Zen-Kopfstoß', 157),
(122, 'Strauchler', 65),
(122, 'Schmarotzer', 251),
(122, 'Kraftvorrat', 219),
(122, 'Seitentausch', 220),
(122, 'Zauberschein', 250),
(122, 'Eisstrahl', 150),
(122, 'Blizzard', 151),
(123, 'Silberblick', 1),
(123, 'Zornklinge', 87),
(123, 'Trugschlag', 88),
(123, 'Flügelschlag', 5),
(123, 'Doppelteam', 169),
(123, 'Doppelschlag', 67),
(123, 'Schlitzer', 9),
(123, 'Energiefokus', 90),
(123, 'Agilität', 91),
(123, 'Luftschnitt', 13),
(123, 'Kreuzschere', 70),
(123, 'Konzentration', 74),
(123, 'Schwerttanz', 122),
(123, 'Gigastoß', 32),
(123, 'Lichtschild', 15),
(123, 'Bodyguard', 16),
(123, 'Erholung', 17),
(123, 'Raub', 105),
(123, 'Schnarcher', 18),
(123, 'Schutzschild', 19),
(123, 'Stahlflügel', 128);

INSERT INTO T_Pokemon_Attacken (Pokedex_Nr, Attacke_Name, Lernmethode_ID) VALUES
(123, 'Anziehung', 22),
(123, 'Regentanz', 142),
(123, 'Sonnentag', 23),
(123, 'Fassade', 24),
(123, 'Sternschauer', 98),
(123, 'Durchbruch', 99),
(123, 'Kehrtwende', 107),
(123, 'Gewissheit', 44),
(123, 'Psychoklinge', 264),
(123, 'Giftstreich', 203),
(123, 'Kanon', 29),
(123, 'Akrobatik', 103),
(123, 'Trugschlag', 31),
(123, 'Luftschnitt', 130),
(123, 'Wirbler', 131),
(123, 'Hyperstrahl', 79),
(123, 'Lichtschild', 34),
(123, 'Schutzschild', 15),
(123, 'Regentanz', 146),
(123, 'Bodyguard', 35),
(123, 'Durchbruch', 22),
(123, 'Doppelteam', 37),
(123, 'Aero-Ass', 98),
(123, 'Fassade', 39),
(123, 'Erholung', 40),
(123, 'Anziehung', 41),
(123, 'Raub', 26),
(123, 'Stahlflügel', 133),
(123, 'Ruheort', 134),
(123, 'Trugschlag', 43),
(123, 'Ausdauer', 44),
(123, 'Käfergebrumm', 170),
(123, 'Gigastoß', 81),
(123, 'Schwerttanz', 46),
(123, 'Kreuzschere', 77),
(123, 'Schlafrede', 47),
(123, 'Angeberei', 49),
(123, 'Kehrtwende', 173),
(123, 'Delegator', 50),
(123, 'Zerschneider', 51),
(123, 'Auflockern', 131),
(123, 'Zertrümmerer', 53),
(123, 'Schwerttanz', 54),
(123, 'Agilität', 208),
(123, 'Energiefokus', 232),
(123, 'Delegator', 57),
(123, 'Gegenschlag', 209),
(123, 'Ausdauer', 59),
(123, 'Schlafrede', 60),
(123, 'Stafette', 175),
(123, 'Kreuzschere', 223),
(123, 'Käfergebrumm', 178),
(124, 'Schlecker', 1),
(124, 'Klaps', 1),
(124, 'Pulverschnee', 1),
(124, 'Imitator', 1),
(124, 'Konfusion', 5),
(124, 'Bezirzer', 169),
(124, 'Gesang', 67),
(124, 'Trugträne', 9),
(124, 'Eishieb', 90),
(124, 'Psychokinese', 200),
(124, 'Todeskuss', 70),
(124, 'Horrorblick', 125),
(124, 'Abgesang', 194),
(124, 'Blizzard', 76),
(124, 'Megakick', 92),
(124, 'Eishieb', 140),
(124, 'Hyperstrahl', 127),
(124, 'Gigastoß', 32),
(124, 'Lichtschild', 15),
(124, 'Reflektor', 146),
(124, 'Erholung', 17),
(124, 'Raub', 105),
(124, 'Schnarcher', 18),
(124, 'Schutzschild', 19),
(124, 'Eissturm', 141),
(124, 'Charme', 21),
(124, 'Anziehung', 22),
(124, 'Regentanz', 142),
(124, 'Hagelsturm', 106),
(124, 'Fassade', 24),
(124, 'Rechte Hand', 25),
(124, 'Durchbruch', 99),
(124, 'Trugträne', 133),
(124, 'Eisspeer', 134),
(124, 'Gegenstoß', 202),
(124, 'Schleuder', 101),
(124, 'Ableithieb', 205),
(124, 'Lawine', 161),
(124, 'Psychoklinge', 264),
(124, 'Bizarroraum', 45),
(124, 'Wunderraum', 227),
(124, 'Magieraum', 162),
(124, 'Kanon', 29),
(124, 'Diebeskuss', 49),
(124, 'Psychofeld', 164),
(124, 'Aquawelle', 93),
(124, 'Gedankengut', 140),
(124, 'Hagelsturm', 144),
(124, 'Verhöhner', 201),
(124, 'Eisstrahl', 95),
(124, 'Blizzard', 145),
(124, 'Hyperstrahl', 79),
(124, 'Lichtschild', 34),
(124, 'Schutzschild', 15),
(124, 'Regentanz', 146),
(124, 'Psychokinese', 21),
(124, 'Spukball', 128),
(124, 'Durchbruch', 22),
(124, 'Doppelteam', 37),
(124, 'Reflektor', 142),
(124, 'Folterknecht', 25),
(124, 'Fassade', 39),
(124, 'Erholung', 40),
(124, 'Anziehung', 41),
(124, 'Raub', 26),
(124, 'Fähigkeitstausch', 100),
(124, 'Fokusstoß', 135),
(124, 'Energieball', 42),
(124, 'Schleuder', 107),
(124, 'Ausdauer', 44),
(124, 'Ableithieb', 243),
(124, 'Ränkeschmied', 205),
(124, 'Gegenstoß', 187),
(124, 'Aufbereitung', 244),
(124, 'Gigastoß', 81),
(124, 'Blitz', 45),
(124, 'Lawine', 162),
(124, 'Psycho-Plus', 171),
(124, 'Schlafrede', 47),
(124, 'Traumfresser', 172),
(124, 'Strauchler', 48),
(124, 'Angeberei', 49),
(124, 'Delegator', 50),
(124, 'Bizarroraum', 129),
(124, 'Bodyslam', 55),
(124, 'Eisstrahl', 150),
(124, 'Blizzard', 151),
(124, 'Psychokinese', 174),
(124, 'Metronom', 245),
(124, 'Delegator', 57),
(124, 'Psychoschock', 216),
(124, 'Ausdauer', 59),
(124, 'Schlafrede', 60),
(124, 'Zugabe', 210),
(124, 'Spukball', 176),
(124, 'Seher', 217),
(124, 'Aufruhr', 211),
(124, 'Verhöhner', 238),
(124, 'Trickbetrug', 247),
(124, 'Fähigkeitstausch', 177),
(124, 'Schallwelle', 248),
(124, 'Gedankengut', 218),
(124, 'Fokusstoß', 137),
(124, 'Energieball', 62),
(124, 'Ränkeschmied', 212),
(124, 'Zen-Kopfstoß', 157),
(124, 'Strauchler', 65),
(124, 'Kraftvorrat', 219),
(124, 'Seitentausch', 220),
(125, 'Silberblick', 1),
(125, 'Donnerschock', 1),
(125, 'Ladevorgang', 1),
(125, 'Sternschauer', 5),
(125, 'Schockwelle', 169),
(125, 'Donnerwelle', 67),
(125, 'Kreideschrei', 9),
(125, 'Donnerschlag', 90),
(125, 'Ladungsstoß', 200),
(125, 'Fußkick', 70),
(125, 'Donnerblitz', 125),
(125, 'Lichtschild', 194),
(125, 'Donner', 76),
(125, 'Gigastoß', 236),
(125, 'Megakick', 92),
(125, 'Feuerschlag', 93),
(125, 'Eishieb', 140),
(125, 'Donnerschlag', 94),
(125, 'Hyperstrahl', 127),
(125, 'Gigastoß', 32),
(125, 'Donnerwelle', 145),
(125, 'Kreideschrei', 34),
(125, 'Lichtschild', 15),
(125, 'Erholung', 17),
(125, 'Raub', 105),
(125, 'Schnarcher', 18),
(125, 'Schutzschild', 19),
(125, 'Anziehung', 22),
(125, 'Regentanz', 142),
(125, 'Fassade', 24),
(125, 'Sternschauer', 98),
(125, 'Rechte Hand', 25),
(125, 'Durchbruch', 99),
(125, 'Schleuder', 101),
(125, 'Fußtritt', 46),
(125, 'Kanon', 29),
(125, 'Voltwechsel', 109),
(125, 'Elektronetz', 47),
(125, 'Hyperstrahl', 79),
(125, 'Lichtschild', 34),
(125, 'Schutzschild', 15),
(125, 'Regentanz', 146),
(125, 'Eisenschweif', 105),
(125, 'Donnerblitz', 18),
(125, 'Donner', 19),
(125, 'Fußtritt', 141),
(125, 'Psychokinese', 21),
(125, 'Durchbruch', 22),
(125, 'Doppelteam', 37),
(125, 'Schockwelle', 23),
(125, 'Fassade', 39),
(125, 'Voltwechsel', 99),
(125, 'Erholung', 40),
(125, 'Anziehung', 41),
(125, 'Raub', 26),
(125, 'Fokusstoß', 135),
(125, 'Schleuder', 107),
(125, 'Ladestrahl', 202),
(125, 'Ausdauer', 44),
(125, 'Gigastoß', 81),
(125, 'Blitz', 45),
(125, 'Donnerwelle', 203),
(125, 'Schlafrede', 47),
(125, 'Angeberei', 49),
(125, 'Delegator', 50),
(125, 'Stärke', 52),
(125, 'Zertrümmerer', 53),
(125, 'Kraxler', 83),
(125, 'Bodyslam', 55),
(125, 'Fußkick', 259),
(125, 'Donnerblitz', 206),
(125, 'Donner', 207),
(125, 'Psychokinese', 174),
(125, 'Delegator', 57),
(125, 'Ausdauer', 59),
(125, 'Schlafrede', 60),
(125, 'Eisenschweif', 112),
(125, 'Aufruhr', 211),
(125, 'Fokusstoß', 137),
(125, 'Elektroball', 213),
(125, 'Stromstoß', 214),
(126, 'Silberblick', 1),
(126, 'Glut', 1),
(126, 'Rauchwolke', 1),
(126, 'Klärsmog', 5),
(126, 'Flammenrad', 169),
(126, 'Konfusstrahl', 67),
(126, 'Grimasse', 9),
(126, 'Feuerschlag', 90),
(126, 'Flammensturm', 200),
(126, 'Fußkick', 70),
(126, 'Flammenwurf', 125),
(126, 'Sonnentag', 194),
(126, 'Feuersturm', 76),
(126, 'Hyperstrahl', 236),
(126, 'Megakick', 92),
(126, 'Feuerschlag', 93),
(126, 'Donnerschlag', 94),
(126, 'Hyperstrahl', 127),
(126, 'Gigastoß', 32),
(126, 'Feuerwirbel', 95),
(126, 'Kreideschrei', 34),
(126, 'Erholung', 17),
(126, 'Raub', 105),
(126, 'Schnarcher', 18),
(126, 'Schutzschild', 19),
(126, 'Grimasse', 80),
(126, 'Anziehung', 22),
(126, 'Sonnentag', 23),
(126, 'Irrlicht', 97),
(126, 'Fassade', 24),
(126, 'Rechte Hand', 25),
(126, 'Durchbruch', 99),
(126, 'Schleuder', 101),
(126, 'Krafttausch', 243),
(126, 'Fußtritt', 46),
(126, 'Kanon', 29),
(126, 'Sonnentag', 14),
(126, 'Hyperstrahl', 79),
(126, 'Schutzschild', 15),
(126, 'Eisenschweif', 105),
(126, 'Fußtritt', 141),
(126, 'Psychokinese', 21),
(126, 'Durchbruch', 22),
(126, 'Doppelteam', 37),
(126, 'Flammenwurf', 106),
(126, 'Feuersturm', 97),
(126, 'Fassade', 39),
(126, 'Erholung', 40),
(126, 'Anziehung', 41),
(126, 'Raub', 26),
(126, 'Hitzekoller', 27),
(126, 'Fokusstoß', 135),
(126, 'Schleuder', 107),
(126, 'Ausdauer', 44),
(126, 'Irrlicht', 108),
(126, 'Gigastoß', 81),
(126, 'Schlafrede', 47),
(126, 'Angeberei', 49),
(126, 'Delegator', 50),
(126, 'Stärke', 52),
(126, 'Zertrümmerer', 53),
(126, 'Kraxler', 83),
(126, 'Bodyslam', 55),
(126, 'Flammenwurf', 110),
(126, 'Fußkick', 259),
(126, 'Psychokinese', 174),
(126, 'Energiefokus', 232),
(126, 'Feuersturm', 111),
(126, 'Delegator', 57),
(126, 'Ausdauer', 59),
(126, 'Schlafrede', 60),
(126, 'Eisenschweif', 112),
(126, 'Aufruhr', 211),
(126, 'Hitzewelle', 114),
(126, 'Hitzekoller', 115),
(126, 'Flammenblitz', 118),
(126, 'Fokusstoß', 137),
(127, 'Härtner', 1),
(127, 'Energiefokus', 87),
(127, 'Klammergriff', 88),
(127, 'Geowurf', 5),
(127, 'Käferbiss', 169),
(127, 'Bergsturm', 67),
(127, 'Doppelschlag', 9),
(127, 'Überwurf', 90),
(127, 'Kreuzschere', 91),
(127, 'Stärke', 13),
(127, 'Schwerttanz', 70),
(127, 'Überroller', 74),
(127, 'Guillotine', 122),
(127, 'Kraftkoloss', 194),
(127, 'Gigastoß', 32),
(127, 'Schaufler', 79),
(127, 'Erholung', 17),
(127, 'Steinhagel', 36),
(127, 'Raub', 105),
(127, 'Schnarcher', 18),
(127, 'Schutzschild', 19),
(127, 'Anziehung', 22),
(127, 'Regentanz', 142),
(127, 'Sonnentag', 23),
(127, 'Fassade', 24),
(127, 'Rechte Hand', 25),
(127, 'Vergeltung', 39),
(127, 'Durchbruch', 99),
(127, 'Felsgrab', 100),
(127, 'Schleuder', 101),
(127, 'Kanon', 29),
(127, 'Dampfwalze', 77),
(127, 'Trugschlag', 31),
(127, 'Wirbler', 131),
(127, 'Protzer', 127),
(127, 'Sonnentag', 14),
(127, 'Hyperstrahl', 79),
(127, 'Schutzschild', 15),
(127, 'Regentanz', 146),
(127, 'Erdbeben', 80),
(127, 'Schaufler', 20),
(127, 'Durchbruch', 22),
(127, 'Doppelteam', 37),
(127, 'Felsgrab', 24),
(127, 'Fassade', 39),
(127, 'Erholung', 40),
(127, 'Anziehung', 41),
(127, 'Raub', 26),
(127, 'Fokusstoß', 135),
(127, 'Trugschlag', 43),
(127, 'Schleuder', 107),
(127, 'Ausdauer', 44),
(127, 'Gigastoß', 81),
(127, 'Steinkante', 227),
(127, 'Schwerttanz', 46),
(127, 'Tarnsteine', 29),
(127, 'Steinhagel', 109),
(127, 'Kreuzschere', 77),
(127, 'Schlafrede', 47),
(127, 'Dampfwalze', 82),
(127, 'Angeberei', 49),
(127, 'Delegator', 50),
(127, 'Zerschneider', 51),
(127, 'Stärke', 52),
(127, 'Zertrümmerer', 53),
(127, 'Kraxler', 83),
(127, 'Schwerttanz', 54),
(127, 'Bodyslam', 55),
(127, 'Erdbeben', 84),
(127, 'Energiefokus', 232),
(127, 'Delegator', 57),
(127, 'Gegenschlag', 209),
(127, 'Ausdauer', 59),
(127, 'Schlafrede', 60),
(127, 'Kraftkoloss', 239),
(127, 'Eisenabwehr', 154),
(127, 'Protzer', 262),
(127, 'Nahkampf', 260),
(127, 'Kreuzschere', 223),
(127, 'Fokusstoß', 137),
(127, 'Steinkante', 229),
(127, 'Tarnsteine', 224),
(127, 'Pferdestärke', 241),
(127, 'Neck Strike', 225),
(128, 'Rutenschlag', 1),
(128, 'Kraftschub', 189),
(128, 'Gegenstoß', 198),
(128, 'Gewissheit', 6),
(128, 'Hornattacke', 67),
(128, 'Grimasse', 68),
(128, 'Zen-Kopfstoß', 11),
(128, 'Bodycheck', 69),
(128, 'Erholung', 70),
(128, 'Angeberei', 71),
(128, 'Fuchtler', 72),
(128, 'Risikotackle', 231),
(128, 'Gigastoß', 266),
(128, 'Gigastoß', 32),
(128, 'Solarstrahl', 14),
(128, 'Erholung', 17),
(128, 'Steinhagel', 36),
(128, 'Schnarcher', 18),
(128, 'Schutzschild', 19),
(128, 'Grimasse', 80),
(128, 'Eissturm', 141),
(128, 'Anziehung', 22),
(128, 'Sandsturm', 37),
(128, 'Regentanz', 142),
(128, 'Sonnentag', 23),
(128, 'Whirlpool', 38),
(128, 'Fassade', 24),
(128, 'Rechte Hand', 25),
(128, 'Vergeltung', 39),
(128, 'Felsgrab', 100),
(128, 'Gegenstoß', 202),
(128, 'Gewissheit', 44),
(128, 'Kanon', 29),
(128, 'Heimzahlung', 163),
(128, 'Dampfwalze', 77),
(128, 'Schmalhorn', 52),
(128, 'Fruststampfer', 53),
(128, 'Kraftschub', 33),
(128, 'Sonnentag', 14),
(128, 'Eisstrahl', 95),
(128, 'Blizzard', 145),
(128, 'Hyperstrahl', 79),
(128, 'Schutzschild', 15),
(128, 'Regentanz', 146),
(128, 'Solarstrahl', 36),
(128, 'Eisenschweif', 105),
(128, 'Donnerblitz', 18),
(128, 'Donner', 19),
(128, 'Erdbeben', 80),
(128, 'Doppelteam', 37),
(128, 'Schockwelle', 23),
(128, 'Flammenwurf', 106),
(128, 'Sandsturm', 96),
(128, 'Feuersturm', 97),
(128, 'Felsgrab', 24),
(128, 'Fassade', 39),
(128, 'Erholung', 40),
(128, 'Anziehung', 41),
(128, 'Ausdauer', 44),
(128, 'Gegenstoß', 187),
(128, 'Gigastoß', 81),
(128, 'Steinkante', 227),
(128, 'Steinhagel', 109),
(128, 'Schlafrede', 47),
(128, 'Dampfwalze', 82),
(128, 'Angeberei', 49),
(128, 'Delegator', 50),
(128, 'Surfer', 130),
(128, 'Stärke', 52),
(128, 'Zertrümmerer', 53),
(128, 'Kraxler', 83),
(128, 'Bodyslam', 55),
(128, 'Flammenwurf', 110),
(128, 'Surfer', 149),
(128, 'Eisstrahl', 150),
(128, 'Blizzard', 151),
(128, 'Donnerblitz', 206),
(128, 'Donner', 207),
(128, 'Erdbeben', 84),
(128, 'Feuersturm', 111),
(128, 'Delegator', 57),
(128, 'Gegenschlag', 209),
(128, 'Wutanfall', 85),
(128, 'Ausdauer', 59),
(128, 'Schlafrede', 60),
(128, 'Vielender', 242),
(128, 'Eisenschweif', 112),
(128, 'Aufruhr', 211),
(128, 'Nahkampf', 260),
(128, 'Zen-Kopfstoß', 157),
(128, 'Eisenschädel', 256),
(128, 'Steinkante', 229),
(128, 'Kraftschub', 66),
(128, 'Stromstoß', 214),
(128, 'Pferdestärke', 241),
(128, 'Neck Strike', 225),
(129, 'Tackle', 6);

INSERT INTO T_Pokemon_Attacken (Pokedex_Nr, Attacke_Name, Lernmethode_ID) VALUES
(129, 'Dreschflegel', 68),
(129, 'Hydropumpe', 148),
(130, 'Biss', 1),
(130, 'Dreschflegel', 1),
(130, 'Platscher', 1),
(130, 'Tackle', 1),
(130, 'Silberblick', 1),
(130, 'Windhose', 1),
(130, 'Whirlpool', 87),
(130, 'Eiszahn', 88),
(130, 'Lake', 5),
(130, 'Grimasse', 169),
(130, 'Kaskade', 8),
(130, 'Knirscher', 9),
(130, 'Regentanz', 90),
(130, 'Nassschweif', 91),
(130, 'Drachentanz', 13),
(130, 'Hydropumpe', 70),
(130, 'Orkan', 74),
(130, 'Fuchtler', 122),
(130, 'Hyperstrahl', 194),
(130, 'Gigastoß', 32),
(130, 'Donnerwelle', 145),
(130, 'Erholung', 17),
(130, 'Schnarcher', 18),
(130, 'Schutzschild', 19),
(130, 'Grimasse', 80),
(130, 'Eissturm', 141),
(130, 'Anziehung', 22),
(130, 'Sandsturm', 37),
(130, 'Regentanz', 142),
(130, 'Hagelsturm', 106),
(130, 'Whirlpool', 38),
(130, 'Fassade', 24),
(130, 'Taucher', 41),
(130, 'Sprungfeder', 135),
(130, 'Lake', 143),
(130, 'Gegenstoß', 202),
(130, 'Lawine', 161),
(130, 'Eiszahn', 244),
(130, 'Kanon', 29),
(130, 'Dampfwalze', 77),
(130, 'Wirbler', 131),
(130, 'Brüller', 94),
(130, 'Hagelsturm', 144),
(130, 'Verhöhner', 201),
(130, 'Eisstrahl', 95),
(130, 'Blizzard', 145),
(130, 'Hyperstrahl', 79),
(130, 'Schutzschild', 15),
(130, 'Regentanz', 146),
(130, 'Eisenschweif', 105),
(130, 'Donnerblitz', 18),
(130, 'Donner', 19),
(130, 'Erdbeben', 80),
(130, 'Doppelteam', 37),
(130, 'Flammenwurf', 106),
(130, 'Sandsturm', 96),
(130, 'Feuersturm', 97),
(130, 'Folterknecht', 25),
(130, 'Fassade', 39),
(130, 'Erholung', 40),
(130, 'Anziehung', 41),
(130, 'Siedewasser', 147),
(130, 'Ausdauer', 44),
(130, 'Drachenpuls', 101),
(130, 'Gegenstoß', 187),
(130, 'Gigastoß', 81),
(130, 'Steinkante', 227),
(130, 'Lawine', 162),
(130, 'Donnerwelle', 203),
(130, 'Finsteraura', 163),
(130, 'Schlafrede', 47),
(130, 'Dampfwalze', 82),
(130, 'Angeberei', 49),
(130, 'Delegator', 50),
(130, 'Surfer', 130),
(130, 'Stärke', 52),
(130, 'Zertrümmerer', 53),
(130, 'Kaskade', 132),
(130, 'Bodyslam', 55),
(130, 'Flammenwurf', 110),
(130, 'Hydropumpe', 148),
(130, 'Surfer', 149),
(130, 'Eisstrahl', 150),
(130, 'Blizzard', 151),
(130, 'Donnerblitz', 206),
(130, 'Donner', 207),
(130, 'Erdbeben', 84),
(130, 'Feuersturm', 111),
(130, 'Kaskade', 152),
(130, 'Delegator', 57),
(130, 'Wutanfall', 85),
(130, 'Ausdauer', 59),
(130, 'Schlafrede', 60),
(130, 'Eisenschweif', 112),
(130, 'Knirscher', 113),
(130, 'Aufruhr', 211),
(130, 'Verhöhner', 238),
(130, 'Lehmbrühe', 153),
(130, 'Drachentanz', 117),
(130, 'Finsteraura', 165),
(130, 'Drachenpuls', 119),
(130, 'Blattgeißel', 64),
(130, 'Eisenschädel', 256),
(130, 'Steinkante', 229),
(130, 'Siedewasser', 158),
(130, 'Orkan', 139),
(131, 'Aquaknarre', 1),
(131, 'Gesang', 189),
(131, 'Weißnebel', 198),
(131, 'Lebenstropfen', 6),
(131, 'Eissplitter', 67),
(131, 'Konfusstrahl', 68),
(131, 'Aquawelle', 11),
(131, 'Lake', 69),
(131, 'Bodyslam', 70),
(131, 'Eisstrahl', 71),
(131, 'Regentanz', 72),
(131, 'Hydropumpe', 231),
(131, 'Abgesang', 266),
(131, 'Eiseskälte', 267),
(131, 'Gigastoß', 32),
(131, 'Bodyguard', 16),
(131, 'Erholung', 17),
(131, 'Schnarcher', 18),
(131, 'Schutzschild', 19),
(131, 'Eissturm', 141),
(131, 'Charme', 21),
(131, 'Anziehung', 22),
(131, 'Regentanz', 142),
(131, 'Hagelsturm', 106),
(131, 'Whirlpool', 38),
(131, 'Fassade', 24),
(131, 'Rechte Hand', 25),
(131, 'Taucher', 41),
(131, 'Meteorologe', 26),
(131, 'Lake', 143),
(131, 'Lawine', 161),
(131, 'Kanon', 29),
(131, 'Dampfwalze', 77),
(131, 'Schmalhorn', 52),
(131, 'Brüller', 94),
(131, 'Hagelsturm', 144),
(131, 'Eisstrahl', 95),
(131, 'Blizzard', 145),
(131, 'Hyperstrahl', 79),
(131, 'Schutzschild', 15),
(131, 'Regentanz', 146),
(131, 'Bodyguard', 35),
(131, 'Eisenschweif', 105),
(131, 'Donnerblitz', 18),
(131, 'Donner', 19),
(131, 'Psychokinese', 21),
(131, 'Doppelteam', 37),
(131, 'Schockwelle', 23),
(131, 'Fassade', 39),
(131, 'Erholung', 40),
(131, 'Anziehung', 41),
(131, 'Ausdauer', 44),
(131, 'Drachenpuls', 101),
(131, 'Gigastoß', 81),
(131, 'Lawine', 162),
(131, 'Schlafrede', 47),
(131, 'Dampfwalze', 82),
(131, 'Traumfresser', 172),
(131, 'Angeberei', 49),
(131, 'Delegator', 50),
(131, 'Surfer', 130),
(131, 'Stärke', 52),
(131, 'Zertrümmerer', 53),
(131, 'Kaskade', 132),
(131, 'Bodyslam', 55),
(131, 'Hydropumpe', 148),
(131, 'Surfer', 149),
(131, 'Eisstrahl', 150),
(131, 'Blizzard', 151),
(131, 'Donnerblitz', 206),
(131, 'Donner', 207),
(131, 'Psychokinese', 174),
(131, 'Kaskade', 152),
(131, 'Delegator', 57),
(131, 'Wutanfall', 85),
(131, 'Ausdauer', 59),
(131, 'Schlafrede', 60),
(131, 'Vielender', 242),
(131, 'Eisenschweif', 112),
(131, 'Seher', 217),
(131, 'Schallwelle', 248),
(131, 'Drachentanz', 117),
(131, 'Drachenpuls', 119),
(131, 'Zen-Kopfstoß', 157),
(131, 'Eisenschädel', 256),
(131, 'Schlagbohrer', 230),
(131, 'Aquadurchstoß', 167),
(131, 'Body Press', 168),
(133, 'Rechte Hand', 1),
(133, 'Tackle', 1),
(133, 'Heuler', 1),
(133, 'Rutenschlag', 1),
(133, 'Sandwirbel', 189),
(133, 'Ruckzuckhieb', 198),
(133, 'Kulleraugen', 6),
(133, 'Sternschauer', 67),
(133, 'Biss', 68),
(133, 'Imitator', 11),
(133, 'Stafette', 69),
(133, 'Bodycheck', 70),
(133, 'Charme', 71),
(133, 'Risikotackle', 72),
(133, 'Zuflucht', 231),
(133, 'Schaufler', 79),
(133, 'Erholung', 17),
(133, 'Schnarcher', 18),
(133, 'Schutzschild', 19),
(133, 'Charme', 21),
(133, 'Anziehung', 22),
(133, 'Regentanz', 142),
(133, 'Sonnentag', 23),
(133, 'Fassade', 24),
(133, 'Sternschauer', 98),
(133, 'Rechte Hand', 25),
(133, 'Meteorologe', 26),
(133, 'Trugträne', 133),
(133, 'Kanon', 29),
(133, 'Heimzahlung', 163),
(133, 'Sonnentag', 14),
(133, 'Schutzschild', 15),
(133, 'Regentanz', 146),
(133, 'Eisenschweif', 105),
(133, 'Schaufler', 20),
(133, 'Spukball', 128),
(133, 'Doppelteam', 37),
(133, 'Fassade', 39),
(133, 'Erholung', 40),
(133, 'Anziehung', 41),
(133, 'Ausdauer', 44),
(133, 'Schlafrede', 47),
(133, 'Angeberei', 49),
(133, 'Delegator', 50),
(133, 'Bodyslam', 55),
(133, 'Energiefokus', 232),
(133, 'Delegator', 57),
(133, 'Ausdauer', 59),
(133, 'Schlafrede', 60),
(133, 'Stafette', 175),
(133, 'Eisenschweif', 112),
(133, 'Spukball', 176),
(133, 'Schallwelle', 248),
(133, 'Kraftvorrat', 219),
(133, 'Kraftschub', 66),
(134, 'Aquaknarre', 1),
(134, 'Bezirzer', 1),
(134, 'Sternschauer', 1),
(134, 'Biss', 1),
(134, 'Imitator', 1),
(134, 'Stafette', 1),
(134, 'Bodycheck', 1),
(134, 'Charme', 1),
(134, 'Risikotackle', 1),
(134, 'Rechte Hand', 1),
(134, 'Tackle', 1),
(134, 'Heuler', 1),
(134, 'Rutenschlag', 1),
(134, 'Sandwirbel', 189),
(134, 'Ruckzuckhieb', 198),
(134, 'Kulleraugen', 6),
(134, 'Dunkelnebel', 67),
(134, 'Aquawelle', 68),
(134, 'Aurorastrahl', 11),
(134, 'Wasserring', 69),
(134, 'Lehmbrühe', 70),
(134, 'Säurepanzer', 71),
(134, 'Hydropumpe', 72),
(134, 'Zuflucht', 231),
(134, 'Hyperstrahl', 127),
(134, 'Gigastoß', 32),
(134, 'Schaufler', 79),
(134, 'Erholung', 17),
(134, 'Schnarcher', 18),
(134, 'Schutzschild', 19),
(134, 'Eissturm', 141),
(134, 'Charme', 21),
(134, 'Anziehung', 22),
(134, 'Regentanz', 142),
(134, 'Sonnentag', 23),
(134, 'Hagelsturm', 106),
(134, 'Whirlpool', 38),
(134, 'Fassade', 24),
(134, 'Sternschauer', 98),
(134, 'Rechte Hand', 25),
(134, 'Taucher', 41),
(134, 'Meteorologe', 26),
(134, 'Trugträne', 133),
(134, 'Lake', 143),
(134, 'Kanon', 29),
(134, 'Heimzahlung', 163),
(134, 'Brüller', 94),
(134, 'Hagelsturm', 144),
(134, 'Kraftschub', 33),
(134, 'Sonnentag', 14),
(134, 'Eisstrahl', 95),
(134, 'Blizzard', 145),
(134, 'Hyperstrahl', 79),
(134, 'Schutzschild', 15),
(134, 'Regentanz', 146),
(134, 'Eisenschweif', 105),
(134, 'Schaufler', 20),
(134, 'Spukball', 128),
(134, 'Doppelteam', 37),
(134, 'Fassade', 39),
(134, 'Erholung', 40),
(134, 'Anziehung', 41),
(134, 'Siedewasser', 147),
(134, 'Ausdauer', 44),
(134, 'Gigastoß', 81),
(134, 'Schlafrede', 47),
(134, 'Angeberei', 49),
(134, 'Delegator', 50),
(134, 'Surfer', 130),
(134, 'Stärke', 52),
(134, 'Zertrümmerer', 53),
(134, 'Kaskade', 132),
(134, 'Bodyslam', 55),
(134, 'Hydropumpe', 148),
(134, 'Surfer', 149),
(134, 'Eisstrahl', 150),
(134, 'Blizzard', 151),
(134, 'Energiefokus', 232),
(134, 'Kaskade', 152),
(134, 'Delegator', 57),
(134, 'Ausdauer', 59),
(134, 'Schlafrede', 60),
(134, 'Stafette', 175),
(134, 'Eisenschweif', 112),
(134, 'Spukball', 176),
(134, 'Schallwelle', 248),
(134, 'Lehmbrühe', 153),
(134, 'Kraftvorrat', 219),
(134, 'Siedewasser', 158),
(134, 'Kraftschub', 66),
(134, 'Aquadurchstoß', 167),
(135, 'Donnerschock', 1),
(135, 'Bezirzer', 1),
(135, 'Sternschauer', 1),
(135, 'Biss', 1),
(135, 'Imitator', 1),
(135, 'Stafette', 1),
(135, 'Bodycheck', 1),
(135, 'Charme', 1),
(135, 'Risikotackle', 1),
(135, 'Rechte Hand', 1),
(135, 'Tackle', 1),
(135, 'Heuler', 1),
(135, 'Rutenschlag', 1),
(135, 'Sandwirbel', 189),
(135, 'Ruckzuckhieb', 198),
(135, 'Kulleraugen', 6),
(135, 'Donnerwelle', 67),
(135, 'Doppelkick', 68),
(135, 'Donnerzahn', 11),
(135, 'Nadelrakete', 69),
(135, 'Ladungsstoß', 70),
(135, 'Agilität', 71),
(135, 'Donner', 72),
(135, 'Zuflucht', 231),
(135, 'Nadelrakete', 144),
(135, 'Hyperstrahl', 127),
(135, 'Gigastoß', 32),
(135, 'Donnerwelle', 145),
(135, 'Schaufler', 79),
(135, 'Lichtschild', 15),
(135, 'Erholung', 17),
(135, 'Schnarcher', 18),
(135, 'Schutzschild', 19),
(135, 'Charme', 21),
(135, 'Anziehung', 22),
(135, 'Regentanz', 142),
(135, 'Sonnentag', 23),
(135, 'Fassade', 24),
(135, 'Sternschauer', 98),
(135, 'Rechte Hand', 25),
(135, 'Meteorologe', 26),
(135, 'Trugträne', 133),
(135, 'Donnerzahn', 187),
(135, 'Kanon', 29),
(135, 'Heimzahlung', 163),
(135, 'Voltwechsel', 109),
(135, 'Kraftschub', 33),
(135, 'Sonnentag', 14),
(135, 'Hyperstrahl', 79),
(135, 'Lichtschild', 34),
(135, 'Schutzschild', 15),
(135, 'Regentanz', 146),
(135, 'Eisenschweif', 105),
(135, 'Donnerblitz', 18),
(135, 'Donner', 19),
(135, 'Schaufler', 20),
(135, 'Spukball', 128),
(135, 'Doppelteam', 37),
(135, 'Schockwelle', 23),
(135, 'Fassade', 39),
(135, 'Voltwechsel', 99),
(135, 'Erholung', 40),
(135, 'Anziehung', 41),
(135, 'Ladestrahl', 202),
(135, 'Ausdauer', 44),
(135, 'Gigastoß', 81),
(135, 'Blitz', 45),
(135, 'Donnerwelle', 203),
(135, 'Schlafrede', 47),
(135, 'Angeberei', 49),
(135, 'Delegator', 50),
(135, 'Stärke', 52),
(135, 'Zertrümmerer', 53),
(135, 'Bodyslam', 55),
(135, 'Donnerblitz', 206),
(135, 'Donner', 207),
(135, 'Agilität', 208),
(135, 'Energiefokus', 232),
(135, 'Delegator', 57),
(135, 'Ausdauer', 59),
(135, 'Schlafrede', 60),
(135, 'Stafette', 175),
(135, 'Eisenschweif', 112),
(135, 'Spukball', 176),
(135, 'Schallwelle', 248),
(135, 'Elektroball', 213),
(135, 'Kraftvorrat', 219),
(135, 'Kraftschub', 66),
(135, 'Stromstoß', 214),
(136, 'Glut', 1),
(136, 'Bezirzer', 1),
(136, 'Sternschauer', 1),
(136, 'Imitator', 1),
(136, 'Stafette', 1),
(136, 'Bodycheck', 1),
(136, 'Charme', 1),
(136, 'Risikotackle', 1),
(136, 'Rechte Hand', 1),
(136, 'Tackle', 1),
(136, 'Heuler', 1),
(136, 'Rutenschlag', 1),
(136, 'Sandwirbel', 189),
(136, 'Ruckzuckhieb', 198),
(136, 'Kulleraugen', 6),
(136, 'Smog', 67),
(136, 'Biss', 68),
(136, 'Feuerzahn', 11),
(136, 'Feuerwirbel', 69),
(136, 'Flammensturm', 70),
(136, 'Grimasse', 71),
(136, 'Flammenblitz', 72),
(136, 'Zuflucht', 231),
(136, 'Hyperstrahl', 127),
(136, 'Gigastoß', 32),
(136, 'Feuerwirbel', 95),
(136, 'Schaufler', 79),
(136, 'Erholung', 17),
(136, 'Schnarcher', 18),
(136, 'Schutzschild', 19),
(136, 'Grimasse', 80),
(136, 'Charme', 21),
(136, 'Anziehung', 22),
(136, 'Regentanz', 142),
(136, 'Sonnentag', 23),
(136, 'Irrlicht', 97),
(136, 'Fassade', 24),
(136, 'Sternschauer', 98),
(136, 'Rechte Hand', 25),
(136, 'Meteorologe', 26),
(136, 'Trugträne', 133),
(136, 'Feuerzahn', 81),
(136, 'Kanon', 29),
(136, 'Heimzahlung', 163),
(136, 'Magieflamme', 129),
(136, 'Kraftschub', 33),
(136, 'Sonnentag', 14),
(136, 'Hyperstrahl', 79),
(136, 'Schutzschild', 15),
(136, 'Regentanz', 146),
(136, 'Eisenschweif', 105),
(136, 'Schaufler', 20),
(136, 'Spukball', 128),
(136, 'Doppelteam', 37),
(136, 'Flammenwurf', 106),
(136, 'Feuersturm', 97),
(136, 'Fassade', 39),
(136, 'Erholung', 40),
(136, 'Anziehung', 41),
(136, 'Hitzekoller', 27),
(136, 'Ausdauer', 44),
(136, 'Irrlicht', 108),
(136, 'Gigastoß', 81),
(136, 'Schlafrede', 47),
(136, 'Angeberei', 49),
(136, 'Delegator', 50),
(136, 'Stärke', 52),
(136, 'Zertrümmerer', 53),
(136, 'Bodyslam', 55);

INSERT INTO T_Pokemon_Attacken (Pokedex_Nr, Attacke_Name, Lernmethode_ID) VALUES
(136, 'Flammenwurf', 110),
(136, 'Energiefokus', 232),
(136, 'Feuersturm', 111),
(136, 'Delegator', 57),
(136, 'Ausdauer', 59),
(136, 'Schlafrede', 60),
(136, 'Stafette', 175),
(136, 'Eisenschweif', 112),
(136, 'Spukball', 176),
(136, 'Hitzewelle', 114),
(136, 'Kraftkoloss', 239),
(136, 'Schallwelle', 248),
(136, 'Hitzekoller', 115),
(136, 'Flammenblitz', 118),
(136, 'Kraftvorrat', 219),
(136, 'Kraftschub', 66),
(137, 'Umwandlung', 1),
(137, 'Aufbereitung', 189),
(137, 'Magnetflug', 198),
(137, 'Donnerschock', 6),
(137, 'Psystrahl', 67),
(137, 'Agilität', 11),
(137, 'Genesung', 69),
(137, 'Ladungsstoß', 70),
(137, 'Triplette', 71),
(137, 'Magiemantel', 72),
(137, 'Zielschuss', 231),
(137, 'Blitzkanone', 266),
(137, 'Gigastoß', 32),
(137, 'Solarstrahl', 14),
(137, 'Donnerwelle', 145),
(137, 'Erholung', 17),
(137, 'Raub', 105),
(137, 'Schnarcher', 18),
(137, 'Schutzschild', 19),
(137, 'Eissturm', 141),
(137, 'Regentanz', 142),
(137, 'Sonnentag', 23),
(137, 'Fassade', 24),
(137, 'Sternschauer', 98),
(137, 'Krafttausch', 243),
(137, 'Schutztausch', 108),
(137, 'Initiativetausch', 170),
(137, 'Bizarroraum', 45),
(137, 'Wunderraum', 227),
(137, 'Kanon', 29),
(137, 'Elektronetz', 47),
(137, 'Mystowellen', 51),
(137, 'Eisstrahl', 95),
(137, 'Blizzard', 145),
(137, 'Hyperstrahl', 79),
(137, 'Schutzschild', 15),
(137, 'Regentanz', 146),
(137, 'Solarstrahl', 36),
(137, 'Eisenschweif', 105),
(137, 'Donnerblitz', 18),
(137, 'Donner', 19),
(137, 'Psychokinese', 21),
(137, 'Spukball', 128),
(137, 'Doppelteam', 37),
(137, 'Schockwelle', 23),
(137, 'Aero-Ass', 98),
(137, 'Fassade', 39),
(137, 'Erholung', 40),
(137, 'Raub', 26),
(137, 'Ladestrahl', 202),
(137, 'Ausdauer', 44),
(137, 'Aufbereitung', 244),
(137, 'Gigastoß', 81),
(137, 'Blitz', 45),
(137, 'Donnerwelle', 203),
(137, 'Psycho-Plus', 171),
(137, 'Schlafrede', 47),
(137, 'Traumfresser', 172),
(137, 'Angeberei', 49),
(137, 'Delegator', 50),
(137, 'Bizarroraum', 129),
(137, 'Eisstrahl', 150),
(137, 'Blizzard', 151),
(137, 'Donnerblitz', 206),
(137, 'Donner', 207),
(137, 'Psychokinese', 174),
(137, 'Agilität', 208),
(137, 'Triplette', 246),
(137, 'Delegator', 57),
(137, 'Psychoschock', 216),
(137, 'Ausdauer', 59),
(137, 'Schlafrede', 60),
(137, 'Eisenschweif', 112),
(137, 'Spukball', 176),
(137, 'Trickbetrug', 247),
(137, 'Zen-Kopfstoß', 157),
(137, 'Schmarotzer', 251),
(137, 'Seitentausch', 220),
(138, 'Panzerschutz', 1),
(138, 'Walzer', 189),
(138, 'Sandwirbel', 198),
(138, 'Aquaknarre', 6),
(138, 'Silberblick', 67),
(138, 'Lehmschuss', 68),
(138, 'Antik-Kraft', 11),
(138, 'Lake', 69),
(138, 'Schutzschild', 186),
(138, 'Felswurf', 71),
(138, 'Surfer', 72),
(138, 'Hausbruch', 231),
(138, 'Hydropumpe', 266),
(138, 'Steinhagel', 36),
(138, 'Raub', 105),
(138, 'Schnarcher', 18),
(138, 'Schutzschild', 19),
(138, 'Eissturm', 141),
(138, 'Anziehung', 22),
(138, 'Sandsturm', 37),
(138, 'Regentanz', 142),
(138, 'Hagelsturm', 106),
(138, 'Whirlpool', 38),
(138, 'Fassade', 24),
(138, 'Taucher', 41),
(138, 'Felsgrab', 100),
(138, 'Lehmschuss', 42),
(138, 'Felswurf', 43),
(138, 'Lake', 143),
(138, 'Kanon', 29),
(138, 'Hagelsturm', 144),
(138, 'Eisstrahl', 95),
(138, 'Blizzard', 145),
(138, 'Schutzschild', 15),
(138, 'Regentanz', 146),
(138, 'Doppelteam', 37),
(138, 'Sandsturm', 96),
(138, 'Felsgrab', 24),
(138, 'Fassade', 39),
(138, 'Erholung', 40),
(138, 'Anziehung', 41),
(138, 'Raub', 26),
(138, 'Siedewasser', 147),
(138, 'Ausdauer', 44),
(138, 'Steinpolitur', 264),
(138, 'Gyroball', 28),
(138, 'Tarnsteine', 29),
(138, 'Steinhagel', 109),
(138, 'Schlafrede', 47),
(138, 'Angeberei', 49),
(138, 'Delegator', 50),
(138, 'Surfer', 130),
(138, 'Zertrümmerer', 53),
(138, 'Kaskade', 132),
(138, 'Bodyslam', 55),
(138, 'Hydropumpe', 148),
(138, 'Surfer', 149),
(138, 'Eisstrahl', 150),
(138, 'Blizzard', 151),
(138, 'Kaskade', 152),
(138, 'Delegator', 57),
(138, 'Stachler', 228),
(138, 'Ausdauer', 59),
(138, 'Schlafrede', 60),
(138, 'Lehmbrühe', 153),
(138, 'Eisenabwehr', 154),
(138, 'Gyroball', 155),
(138, 'Giftspitzen', 233),
(138, 'Erdkräfte', 86),
(138, 'Tarnsteine', 224),
(138, 'Siedewasser', 158),
(139, 'Knirscher', 1),
(139, 'Klammergriff', 1),
(139, 'Panzerschutz', 1),
(139, 'Walzer', 1),
(139, 'Sandwirbel', 1),
(139, 'Aquaknarre', 6),
(139, 'Silberblick', 67),
(139, 'Lehmschuss', 68),
(139, 'Antik-Kraft', 11),
(139, 'Lake', 69),
(139, 'Schutzschild', 235),
(139, 'Felswurf', 159),
(139, 'Surfer', 160),
(139, 'Hausbruch', 204),
(139, 'Hydropumpe', 269),
(139, 'Hyperstrahl', 127),
(139, 'Gigastoß', 32),
(139, 'Erholung', 17),
(139, 'Steinhagel', 36),
(139, 'Raub', 105),
(139, 'Schnarcher', 18),
(139, 'Schutzschild', 19),
(139, 'Eissturm', 141),
(139, 'Anziehung', 22),
(139, 'Sandsturm', 37),
(139, 'Regentanz', 142),
(139, 'Hagelsturm', 106),
(139, 'Whirlpool', 38),
(139, 'Fassade', 24),
(139, 'Taucher', 41),
(139, 'Felsgrab', 100),
(139, 'Lehmschuss', 42),
(139, 'Felswurf', 43),
(139, 'Lake', 143),
(139, 'Kanon', 29),
(139, 'Hagelsturm', 144),
(139, 'Eisstrahl', 95),
(139, 'Blizzard', 145),
(139, 'Hyperstrahl', 79),
(139, 'Schutzschild', 15),
(139, 'Regentanz', 146),
(139, 'Doppelteam', 37),
(139, 'Sandsturm', 96),
(139, 'Felsgrab', 24),
(139, 'Fassade', 39),
(139, 'Erholung', 40),
(139, 'Anziehung', 41),
(139, 'Raub', 26),
(139, 'Siedewasser', 147),
(139, 'Ausdauer', 44),
(139, 'Gigastoß', 81),
(139, 'Steinpolitur', 264),
(139, 'Steinkante', 227),
(139, 'Gyroball', 28),
(139, 'Tarnsteine', 29),
(139, 'Steinhagel', 109),
(139, 'Schlafrede', 47),
(139, 'Angeberei', 49),
(139, 'Delegator', 50),
(139, 'Surfer', 130),
(139, 'Zertrümmerer', 53),
(139, 'Kaskade', 132),
(139, 'Kraxler', 83),
(139, 'Bodyslam', 55),
(139, 'Hydropumpe', 148),
(139, 'Surfer', 149),
(139, 'Eisstrahl', 150),
(139, 'Blizzard', 151),
(139, 'Kaskade', 152),
(139, 'Delegator', 57),
(139, 'Stachler', 228),
(139, 'Ausdauer', 59),
(139, 'Schlafrede', 60),
(139, 'Knirscher', 113),
(139, 'Lehmbrühe', 153),
(139, 'Eisenabwehr', 154),
(139, 'Gyroball', 155),
(139, 'Giftspitzen', 233),
(139, 'Erdkräfte', 86),
(139, 'Steinkante', 229),
(139, 'Tarnsteine', 224),
(139, 'Siedewasser', 158),
(139, 'Aquadurchstoß', 167),
(140, 'Härtner', 1),
(140, 'Kratzer', 189),
(140, 'Sandwirbel', 198),
(140, 'Wasserdüse', 6),
(140, 'Silberblick', 67),
(140, 'Lehmschuss', 68),
(140, 'Antik-Kraft', 11),
(140, 'Lake', 69),
(140, 'Schutzschild', 186),
(140, 'Blutsauger', 71),
(140, 'Aquadurchstoß', 72),
(140, 'Metallsound', 231),
(140, 'Steinkante', 266),
(140, 'Kreideschrei', 34),
(140, 'Erholung', 17),
(140, 'Steinhagel', 36),
(140, 'Raub', 105),
(140, 'Schnarcher', 18),
(140, 'Schutzschild', 19),
(140, 'Eissturm', 141),
(140, 'Gigasauger', 20),
(140, 'Anziehung', 22),
(140, 'Sandsturm', 37),
(140, 'Regentanz', 142),
(140, 'Hagelsturm', 106),
(140, 'Whirlpool', 38),
(140, 'Fassade', 24),
(140, 'Felsgrab', 100),
(140, 'Lehmschuss', 42),
(140, 'Felswurf', 43),
(140, 'Lake', 143),
(140, 'Kanon', 29),
(140, 'Hagelsturm', 144),
(140, 'Eisstrahl', 95),
(140, 'Blizzard', 145),
(140, 'Schutzschild', 15),
(140, 'Regentanz', 146),
(140, 'Gigasauger', 16),
(140, 'Schaufler', 20),
(140, 'Doppelteam', 37),
(140, 'Sandsturm', 96),
(140, 'Felsgrab', 24),
(140, 'Aero-Ass', 98),
(140, 'Fassade', 39),
(140, 'Erholung', 40),
(140, 'Anziehung', 41),
(140, 'Raub', 26),
(140, 'Siedewasser', 147),
(140, 'Ausdauer', 44),
(140, 'Steinpolitur', 264),
(140, 'Steinkante', 227),
(140, 'Tarnsteine', 29),
(140, 'Steinhagel', 109),
(140, 'Schlafrede', 47),
(140, 'Angeberei', 49),
(140, 'Delegator', 50),
(140, 'Surfer', 130),
(140, 'Zertrümmerer', 53),
(140, 'Kaskade', 132),
(140, 'Bodyslam', 55),
(140, 'Hydropumpe', 148),
(140, 'Surfer', 149),
(140, 'Eisstrahl', 150),
(140, 'Blizzard', 151),
(140, 'Kaskade', 152),
(140, 'Blutsauger', 221),
(140, 'Delegator', 57),
(140, 'Ausdauer', 59),
(140, 'Schlafrede', 60),
(140, 'Eisenabwehr', 154),
(140, 'Erdkräfte', 86),
(140, 'Steinkante', 229),
(140, 'Tarnsteine', 224),
(140, 'Siedewasser', 158),
(140, 'Aquadurchstoß', 167),
(141, 'Schlitzer', 1),
(141, 'Nachthieb', 1),
(141, 'Offenlegung', 1),
(141, 'Absorber', 1),
(141, 'Härtner', 1),
(141, 'Kratzer', 1),
(141, 'Sandwirbel', 1),
(141, 'Wasserdüse', 6),
(141, 'Silberblick', 67),
(141, 'Lehmschuss', 68),
(141, 'Antik-Kraft', 11),
(141, 'Lake', 69),
(141, 'Schutzschild', 235),
(141, 'Blutsauger', 159),
(141, 'Aquadurchstoß', 160),
(141, 'Metallsound', 204),
(141, 'Steinkante', 269),
(141, 'Hyperstrahl', 127),
(141, 'Gigastoß', 32),
(141, 'Schaufler', 79),
(141, 'Kreideschrei', 34),
(141, 'Erholung', 17),
(141, 'Steinhagel', 36),
(141, 'Raub', 105),
(141, 'Schnarcher', 18),
(141, 'Schutzschild', 19),
(141, 'Eissturm', 141),
(141, 'Gigasauger', 20),
(141, 'Anziehung', 22),
(141, 'Sandsturm', 37),
(141, 'Regentanz', 142),
(141, 'Hagelsturm', 106),
(141, 'Whirlpool', 38),
(141, 'Fassade', 24),
(141, 'Durchbruch', 99),
(141, 'Taucher', 41),
(141, 'Felsgrab', 100),
(141, 'Lehmschuss', 42),
(141, 'Felswurf', 43),
(141, 'Lake', 143),
(141, 'Psychoklinge', 264),
(141, 'Giftstreich', 203),
(141, 'Kanon', 29),
(141, 'Kalkklinge', 82),
(141, 'Hagelsturm', 144),
(141, 'Eisstrahl', 95),
(141, 'Blizzard', 145),
(141, 'Hyperstrahl', 79),
(141, 'Schutzschild', 15),
(141, 'Regentanz', 146),
(141, 'Gigasauger', 16),
(141, 'Schaufler', 20),
(141, 'Durchbruch', 22),
(141, 'Doppelteam', 37),
(141, 'Sandsturm', 96),
(141, 'Felsgrab', 24),
(141, 'Aero-Ass', 98),
(141, 'Fassade', 39),
(141, 'Erholung', 40),
(141, 'Anziehung', 41),
(141, 'Raub', 26),
(141, 'Siedewasser', 147),
(141, 'Ausdauer', 44),
(141, 'Gigastoß', 81),
(141, 'Steinpolitur', 264),
(141, 'Steinkante', 227),
(141, 'Schwerttanz', 46),
(141, 'Tarnsteine', 29),
(141, 'Steinhagel', 109),
(141, 'Kreuzschere', 77),
(141, 'Schlafrede', 47),
(141, 'Angeberei', 49),
(141, 'Delegator', 50),
(141, 'Zerschneider', 51),
(141, 'Surfer', 130),
(141, 'Zertrümmerer', 53),
(141, 'Kaskade', 132),
(141, 'Kraxler', 83),
(141, 'Schwerttanz', 54),
(141, 'Bodyslam', 55),
(141, 'Hydropumpe', 148),
(141, 'Surfer', 149),
(141, 'Eisstrahl', 150),
(141, 'Blizzard', 151),
(141, 'Fußkick', 259),
(141, 'Kaskade', 152),
(141, 'Blutsauger', 221),
(141, 'Delegator', 57),
(141, 'Ausdauer', 59),
(141, 'Schlafrede', 60),
(141, 'Kraftkoloss', 239),
(141, 'Eisenabwehr', 154),
(141, 'Kreuzschere', 223),
(141, 'Erdkräfte', 86),
(141, 'Steinkante', 229),
(141, 'Tarnsteine', 224),
(141, 'Siedewasser', 158),
(141, 'Aquadurchstoß', 167),
(142, 'Antik-Kraft', 1),
(142, 'Superschall', 189),
(142, 'Flügelschlag', 198),
(142, 'Grimasse', 6),
(142, 'Steinhagel', 67),
(142, 'Brüller', 68),
(142, 'Knirscher', 11),
(142, 'Eisenschädel', 69),
(142, 'Bodycheck', 70),
(142, 'Steinkante', 71),
(142, 'Agilität', 72),
(142, 'Hyperstrahl', 231),
(142, 'Gigastoß', 266),
(142, 'Hyperstrahl', 127),
(142, 'Gigastoß', 32),
(142, 'Erholung', 17),
(142, 'Steinhagel', 36),
(142, 'Raub', 105),
(142, 'Schnarcher', 18),
(142, 'Schutzschild', 19),
(142, 'Grimasse', 80),
(142, 'Stahlflügel', 128),
(142, 'Anziehung', 22),
(142, 'Sandsturm', 37),
(142, 'Regentanz', 142),
(142, 'Sonnentag', 23),
(142, 'Fassade', 24),
(142, 'Sternschauer', 98),
(142, 'Felsgrab', 100),
(142, 'Felswurf', 43),
(142, 'Gegenstoß', 202),
(142, 'Gewissheit', 44),
(142, 'Donnerzahn', 187),
(142, 'Eiszahn', 244),
(142, 'Feuerzahn', 81),
(142, 'Kanon', 29),
(142, 'Dampfwalze', 77),
(142, 'Wirbler', 131),
(142, 'Brüller', 94),
(142, 'Sonnentag', 14),
(142, 'Verhöhner', 201),
(142, 'Hyperstrahl', 79),
(142, 'Schutzschild', 15),
(142, 'Regentanz', 146),
(142, 'Eisenschweif', 105),
(142, 'Erdbeben', 80),
(142, 'Doppelteam', 37),
(142, 'Flammenwurf', 106),
(142, 'Sandsturm', 96),
(142, 'Feuersturm', 97),
(142, 'Felsgrab', 24),
(142, 'Aero-Ass', 98),
(142, 'Folterknecht', 25),
(142, 'Fassade', 39),
(142, 'Erholung', 40),
(142, 'Anziehung', 41),
(142, 'Raub', 26),
(142, 'Stahlflügel', 133),
(142, 'Ruheort', 134),
(142, 'Ausdauer', 44),
(142, 'Drachenpuls', 101),
(142, 'Gegenstoß', 187),
(142, 'Gigastoß', 81),
(142, 'Steinpolitur', 264),
(142, 'Steinkante', 227),
(142, 'Tarnsteine', 29),
(142, 'Steinhagel', 109),
(142, 'Schlafrede', 47),
(142, 'Dampfwalze', 82),
(142, 'Angeberei', 49),
(142, 'Delegator', 50),
(142, 'Fliegen', 31),
(142, 'Stärke', 52),
(142, 'Auflockern', 131),
(142, 'Zertrümmerer', 53),
(142, 'Flammenwurf', 110),
(142, 'Erdbeben', 84),
(142, 'Agilität', 208),
(142, 'Feuersturm', 111);

INSERT INTO T_Pokemon_Attacken (Pokedex_Nr, Attacke_Name, Lernmethode_ID) VALUES
(142, 'Delegator', 57),
(142, 'Ausdauer', 59),
(142, 'Schlafrede', 60),
(142, 'Eisenschweif', 112),
(142, 'Knirscher', 113),
(142, 'Hitzewelle', 114),
(142, 'Verhöhner', 238),
(142, 'Drachenklaue', 116),
(142, 'Drachentanz', 117),
(142, 'Drachenpuls', 119),
(142, 'Erdkräfte', 86),
(142, 'Eisenschädel', 256),
(142, 'Steinkante', 229),
(142, 'Tarnsteine', 224),
(142, 'Orkan', 139),
(142, 'Psychobeißer', 261),
(143, 'Bezirzer', 1),
(143, 'Horter', 1),
(143, 'Verzehrer', 1),
(143, 'Kreideschrei', 1),
(143, 'Schleuder', 1),
(143, 'Metronom', 1),
(143, 'Dreschflegel', 1),
(143, 'Zuflucht', 1),
(143, 'Schlecker', 1),
(143, 'Tackle', 1),
(143, 'Einigler', 1),
(143, 'Rückentzug', 1),
(143, 'Gähner', 5),
(143, 'Biss', 169),
(143, 'Erholung', 67),
(143, 'Schnarcher', 67),
(143, 'Schlafrede', 67),
(143, 'Knirscher', 9),
(143, 'Bodyslam', 90),
(143, 'Rammboss', 91),
(143, 'Amnesie', 13),
(143, 'Pferdestärke', 70),
(143, 'Hammerarm', 74),
(143, 'Bauchtrommel', 122),
(143, 'Rülpser', 194),
(143, 'Gigastoß', 160),
(143, 'Megakick', 92),
(143, 'Zahltag', 104),
(143, 'Feuerschlag', 93),
(143, 'Eishieb', 140),
(143, 'Donnerschlag', 94),
(143, 'Hyperstrahl', 127),
(143, 'Gigastoß', 32),
(143, 'Solarstrahl', 14),
(143, 'Kreideschrei', 34),
(143, 'Finale', 35),
(143, 'Erholung', 17),
(143, 'Steinhagel', 36),
(143, 'Schnarcher', 18),
(143, 'Schutzschild', 19),
(143, 'Eissturm', 141),
(143, 'Charme', 21),
(143, 'Anziehung', 22),
(143, 'Sandsturm', 37),
(143, 'Regentanz', 142),
(143, 'Sonnentag', 23),
(143, 'Whirlpool', 38),
(143, 'Fassade', 24),
(143, 'Durchbruch', 99),
(143, 'Felsgrab', 100),
(143, 'Schleuder', 101),
(143, 'Kanon', 29),
(143, 'Heimzahlung', 163),
(143, 'Dampfwalze', 77),
(143, 'Fruststampfer', 53),
(143, 'Aquawelle', 93),
(143, 'Kraftschub', 33),
(143, 'Sonnentag', 14),
(143, 'Eisstrahl', 95),
(143, 'Blizzard', 145),
(143, 'Hyperstrahl', 79),
(143, 'Schutzschild', 15),
(143, 'Regentanz', 146),
(143, 'Solarstrahl', 36),
(143, 'Donnerblitz', 18),
(143, 'Donner', 19),
(143, 'Erdbeben', 80),
(143, 'Psychokinese', 21),
(143, 'Spukball', 128),
(143, 'Durchbruch', 22),
(143, 'Doppelteam', 37),
(143, 'Schockwelle', 23),
(143, 'Flammenwurf', 106),
(143, 'Sandsturm', 96),
(143, 'Feuersturm', 97),
(143, 'Felsgrab', 24),
(143, 'Fassade', 39),
(143, 'Erholung', 40),
(143, 'Anziehung', 41),
(143, 'Fokusstoß', 135),
(143, 'Schleuder', 107),
(143, 'Ausdauer', 44),
(143, 'Aufbereitung', 244),
(143, 'Gigastoß', 81),
(143, 'Steinhagel', 109),
(143, 'Schlafrede', 47),
(143, 'Dampfwalze', 82),
(143, 'Angeberei', 49),
(143, 'Delegator', 50),
(143, 'Surfer', 130),
(143, 'Stärke', 52),
(143, 'Zertrümmerer', 53),
(143, 'Kraxler', 83),
(143, 'Bodyslam', 55),
(143, 'Flammenwurf', 110),
(143, 'Hydropumpe', 148),
(143, 'Surfer', 149),
(143, 'Eisstrahl', 150),
(143, 'Blizzard', 151),
(143, 'Donnerblitz', 206),
(143, 'Donner', 207),
(143, 'Erdbeben', 84),
(143, 'Psychokinese', 174),
(143, 'Metronom', 245),
(143, 'Feuersturm', 111),
(143, 'Amnesie', 56),
(143, 'Delegator', 57),
(143, 'Wutanfall', 85),
(143, 'Ausdauer', 59),
(143, 'Schlafrede', 60),
(143, 'Zugabe', 210),
(143, 'Knirscher', 113),
(143, 'Spukball', 176),
(143, 'Aufruhr', 211),
(143, 'Kraftkoloss', 239),
(143, 'Schallwelle', 248),
(143, 'Samenbomben', 61),
(143, 'Fokusstoß', 137),
(143, 'Zen-Kopfstoß', 157),
(143, 'Mülltreffer', 257),
(143, 'Eisenschädel', 256),
(143, 'Rammboss', 265),
(143, 'Kraftschub', 66),
(143, 'Stromstoß', 214),
(143, 'Brandstempel', 138),
(143, 'Dark Lariat', 263),
(143, 'Pferdestärke', 241),
(143, 'Body Press', 168),
(144, 'Weißnebel', 1),
(144, 'Psybann', 1),
(144, 'Pulverschnee', 189),
(144, 'Konfusion', 189),
(144, 'Reflektor', 198),
(144, 'Eissplitter', 6),
(144, 'Hypnose', 6),
(144, 'Agilität', 67),
(144, 'Antik-Kraft', 68),
(144, 'Rückenwind', 11),
(144, 'Gefriertrockner', 69),
(144, 'Psychoklinge', 69),
(144, 'Ruheort', 70),
(144, 'Genesung', 70),
(144, 'Eisstrahl', 71),
(144, 'Eisiger Blick', 71),
(144, 'Hagelsturm', 72),
(144, 'Traumfresser', 72),
(144, 'Orkan', 231),
(144, 'Willensleser', 266),
(144, 'Blizzard', 267),
(144, 'Seher', 267),
(144, 'Eiseskälte', 269),
(144, 'Bizarroraum', 269),
(144, 'Hyperstrahl', 127),
(144, 'Gigastoß', 32),
(144, 'Reflektor', 146),
(144, 'Erholung', 17),
(144, 'Schnarcher', 18),
(144, 'Schutzschild', 19),
(144, 'Eissturm', 141),
(144, 'Stahlflügel', 128),
(144, 'Sandsturm', 37),
(144, 'Regentanz', 142),
(144, 'Sonnentag', 23),
(144, 'Hagelsturm', 106),
(144, 'Fassade', 24),
(144, 'Sternschauer', 98),
(144, 'Meteorologe', 26),
(144, 'Eisspeer', 134),
(144, 'Kehrtwende', 107),
(144, 'Lawine', 161),
(144, 'Kanon', 29),
(144, 'Luftschnitt', 130),
(144, 'Brüller', 94),
(144, 'Hagelsturm', 144),
(144, 'Sonnentag', 14),
(144, 'Eisstrahl', 95),
(144, 'Blizzard', 145),
(144, 'Hyperstrahl', 79),
(144, 'Schutzschild', 15),
(144, 'Regentanz', 146),
(144, 'Doppelteam', 37),
(144, 'Reflektor', 142),
(144, 'Sandsturm', 96),
(144, 'Aero-Ass', 98),
(144, 'Fassade', 39),
(144, 'Erholung', 40),
(144, 'Stahlflügel', 133),
(144, 'Ruheort', 134),
(144, 'Ausdauer', 44),
(144, 'Gigastoß', 81),
(144, 'Lawine', 162),
(144, 'Schlafrede', 47),
(144, 'Angeberei', 49),
(144, 'Pflücker', 30),
(144, 'Kehrtwende', 173),
(144, 'Delegator', 50),
(144, 'Fliegen', 31),
(144, 'Auflockern', 131),
(144, 'Zertrümmerer', 53),
(144, 'Lichtschild', 15),
(144, 'Grimasse', 80),
(144, 'Begrenzer', 40),
(144, 'Krafttausch', 243),
(144, 'Schutztausch', 108),
(144, 'Psychoklinge', 264),
(144, 'Bizarroraum', 45),
(144, 'Eisstrahl', 150),
(144, 'Blizzard', 151),
(144, 'Agilität', 208),
(144, 'Delegator', 57),
(144, 'Ausdauer', 59),
(144, 'Schlafrede', 60),
(144, 'Sturzflug', 252),
(144, 'Orkan', 139),
(144, 'Psychokinese', 174),
(144, 'Psychoschock', 216),
(144, 'Spukball', 176),
(144, 'Seher', 217),
(144, 'Fähigkeitstausch', 177),
(144, 'Schallwelle', 248),
(144, 'Gedankengut', 218),
(144, 'Kraftvorrat', 219),
(144, 'Seitentausch', 220),
(145, 'Donnerwelle', 1),
(145, 'Energiefokus', 1),
(145, 'Donnerschock', 189),
(145, 'Zertrümmerer', 189),
(145, 'Lichtschild', 198),
(145, 'Pflücker', 6),
(145, 'Agilität', 67),
(145, 'Antik-Kraft', 68),
(145, 'Ladevorgang', 11),
(145, 'Durchbruch', 11),
(145, 'Bohrschnabel', 69),
(145, 'Ruheort', 70),
(145, 'Rapidschutz', 70),
(145, 'Ladungsstoß', 71),
(145, 'Donnernder Tritt', 71),
(145, 'Regentanz', 72),
(145, 'Protzer', 72),
(145, 'Donner', 231),
(145, 'Konter', 231),
(145, 'Scanner', 266),
(145, 'Magnetregler', 267),
(145, 'Nahkampf', 267),
(145, 'Blitzkanone', 269),
(145, 'Gegenschlag', 269),
(145, 'Hyperstrahl', 127),
(145, 'Gigastoß', 32),
(145, 'Donnerwelle', 145),
(145, 'Lichtschild', 15),
(145, 'Erholung', 17),
(145, 'Schnarcher', 18),
(145, 'Schutzschild', 19),
(145, 'Stahlflügel', 128),
(145, 'Sandsturm', 37),
(145, 'Regentanz', 142),
(145, 'Sonnentag', 23),
(145, 'Hagelsturm', 106),
(145, 'Fassade', 24),
(145, 'Sternschauer', 98),
(145, 'Meteorologe', 26),
(145, 'Kehrtwende', 107),
(145, 'Kanon', 29),
(145, 'Voltwechsel', 109),
(145, 'Mystowellen', 51),
(145, 'Hagelsturm', 144),
(145, 'Sonnentag', 14),
(145, 'Hyperstrahl', 79),
(145, 'Lichtschild', 34),
(145, 'Schutzschild', 15),
(145, 'Regentanz', 146),
(145, 'Donnerblitz', 18),
(145, 'Donner', 19),
(145, 'Doppelteam', 37),
(145, 'Schockwelle', 23),
(145, 'Sandsturm', 96),
(145, 'Aero-Ass', 98),
(145, 'Fassade', 39),
(145, 'Voltwechsel', 99),
(145, 'Erholung', 40),
(145, 'Stahlflügel', 133),
(145, 'Ruheort', 134),
(145, 'Ladestrahl', 202),
(145, 'Ausdauer', 44),
(145, 'Gigastoß', 81),
(145, 'Blitz', 45),
(145, 'Donnerwelle', 203),
(145, 'Schlafrede', 47),
(145, 'Angeberei', 49),
(145, 'Pflücker', 30),
(145, 'Kehrtwende', 173),
(145, 'Delegator', 50),
(145, 'Fliegen', 31),
(145, 'Auflockern', 131),
(145, 'Zertrümmerer', 53),
(145, 'Fliegen', 78),
(145, 'Kreideschrei', 34),
(145, 'Grimasse', 80),
(145, 'Vergeltung', 39),
(145, 'Durchbruch', 99),
(145, 'Sprungfeder', 135),
(145, 'Gegenstoß', 202),
(145, 'Gewissheit', 44),
(145, 'Fußtritt', 46),
(145, 'Akrobatik', 103),
(145, 'Heimzahlung', 163),
(145, 'Fruststampfer', 53),
(145, 'Donnerblitz', 206),
(145, 'Donner', 207),
(145, 'Agilität', 208),
(145, 'Delegator', 57),
(145, 'Ausdauer', 59),
(145, 'Schlafrede', 60),
(145, 'Stafette', 175),
(145, 'Hitzewelle', 114),
(145, 'Sturzflug', 252),
(145, 'Stromstoß', 214),
(145, 'Orkan', 139),
(145, 'Fußkick', 259),
(145, 'Energiefokus', 232),
(145, 'Gegenschlag', 209),
(145, 'Verhöhner', 238),
(145, 'Kraftkoloss', 239),
(145, 'Feuerfeger', 136),
(145, 'Protzer', 262),
(145, 'Nahkampf', 260),
(145, 'Neck Strike', 225),
(146, 'Silberblick', 1),
(146, 'Glut', 189),
(146, 'Gegenstoß', 189),
(146, 'Bodyguard', 198),
(146, 'Flügelschlag', 6),
(146, 'Agilität', 67),
(146, 'Antik-Kraft', 68),
(146, 'Einäschern', 11),
(146, 'Tiefschlag', 11),
(146, 'Luftschnitt', 69),
(146, 'Ruheort', 70),
(146, 'Galanterie', 70),
(146, 'Hitzewelle', 71),
(146, 'Brennender Zorn', 71),
(146, 'Sonnentag', 72),
(146, 'Ränkeschmied', 72),
(146, 'Orkan', 231),
(146, 'Ausdauer', 266),
(146, 'Ausbrennen', 267),
(146, 'Memento-Mori', 267),
(146, 'Himmelsfeger', 269),
(146, 'Hyperstrahl', 127),
(146, 'Gigastoß', 32),
(146, 'Solarstrahl', 14),
(146, 'Feuerwirbel', 95),
(146, 'Bodyguard', 16),
(146, 'Erholung', 17),
(146, 'Schnarcher', 18),
(146, 'Schutzschild', 19),
(146, 'Stahlflügel', 128),
(146, 'Sandsturm', 37),
(146, 'Regentanz', 142),
(146, 'Sonnentag', 23),
(146, 'Irrlicht', 97),
(146, 'Fassade', 24),
(146, 'Sternschauer', 98),
(146, 'Meteorologe', 26),
(146, 'Kehrtwende', 107),
(146, 'Kanon', 29),
(146, 'Magieflamme', 129),
(146, 'Luftschnitt', 130),
(146, 'Sonnentag', 14),
(146, 'Hyperstrahl', 79),
(146, 'Schutzschild', 15),
(146, 'Regentanz', 146),
(146, 'Bodyguard', 35),
(146, 'Solarstrahl', 36),
(146, 'Doppelteam', 37),
(146, 'Flammenwurf', 106),
(146, 'Sandsturm', 96),
(146, 'Feuersturm', 97),
(146, 'Aero-Ass', 98),
(146, 'Fassade', 39),
(146, 'Erholung', 40),
(146, 'Stahlflügel', 133),
(146, 'Hitzekoller', 27),
(146, 'Ruheort', 134),
(146, 'Ausdauer', 44),
(146, 'Irrlicht', 108),
(146, 'Gigastoß', 81),
(146, 'Schlafrede', 47),
(146, 'Angeberei', 49),
(146, 'Pflücker', 30),
(146, 'Kehrtwende', 173),
(146, 'Delegator', 50),
(146, 'Fliegen', 31),
(146, 'Auflockern', 131),
(146, 'Zertrümmerer', 53),
(146, 'Grimasse', 80),
(146, 'Begrenzer', 40),
(146, 'Gegenstoß', 202),
(146, 'Gewissheit', 44),
(146, 'Bürde', 171),
(146, 'Standpauke', 172),
(146, 'Flammenwurf', 110),
(146, 'Agilität', 208),
(146, 'Feuersturm', 111),
(146, 'Delegator', 57),
(146, 'Ausdauer', 59),
(146, 'Schlafrede', 60),
(146, 'Hitzewelle', 114),
(146, 'Hitzekoller', 115),
(146, 'Flammenblitz', 118),
(146, 'Sturzflug', 252),
(146, 'Orkan', 139),
(146, 'Spukball', 176),
(146, 'Verhöhner', 238),
(146, 'Schallwelle', 248),
(146, 'Finsteraura', 165),
(146, 'Ränkeschmied', 212),
(146, 'Schmarotzer', 251),
(147, 'Silberblick', 1),
(147, 'Windhose', 189),
(147, 'Donnerwelle', 198),
(147, 'Drachenrute', 6),
(147, 'Agilität', 67),
(147, 'Slam', 68),
(147, 'Nassschweif', 199),
(147, 'Drachenstoß', 69),
(147, 'Bodyguard', 70),
(147, 'Regentanz', 71),
(147, 'Drachentanz', 72),
(147, 'Wutanfall', 231),
(147, 'Hyperstrahl', 266),
(147, 'Gigastoß', 32),
(147, 'Feuerwirbel', 95),
(147, 'Donnerwelle', 145),
(147, 'Lichtschild', 15),
(147, 'Bodyguard', 16),
(147, 'Erholung', 17),
(147, 'Schnarcher', 18),
(147, 'Schutzschild', 19),
(147, 'Eissturm', 141),
(147, 'Anziehung', 22),
(147, 'Regentanz', 142),
(147, 'Sonnentag', 23),
(147, 'Hagelsturm', 106),
(147, 'Whirlpool', 38),
(147, 'Fassade', 24),
(147, 'Sternschauer', 98),
(147, 'Kanon', 29),
(147, 'Wirbler', 131),
(147, 'Breitseite', 132),
(147, 'Hagelsturm', 144),
(147, 'Sonnentag', 14),
(147, 'Eisstrahl', 95),
(147, 'Blizzard', 145),
(147, 'Hyperstrahl', 79),
(147, 'Lichtschild', 34),
(147, 'Schutzschild', 15),
(147, 'Regentanz', 146),
(147, 'Bodyguard', 35),
(147, 'Eisenschweif', 105),
(147, 'Donnerblitz', 18),
(147, 'Donner', 19),
(147, 'Doppelteam', 37),
(147, 'Schockwelle', 23),
(147, 'Flammenwurf', 106),
(147, 'Feuersturm', 97),
(147, 'Fassade', 39),
(147, 'Erholung', 40),
(147, 'Anziehung', 41),
(147, 'Ausdauer', 44),
(147, 'Drachenpuls', 101),
(147, 'Gigastoß', 81),
(147, 'Donnerwelle', 203),
(147, 'Schlafrede', 47),
(147, 'Angeberei', 49),
(147, 'Delegator', 50),
(147, 'Surfer', 130),
(147, 'Kaskade', 132),
(147, 'Bodyslam', 55),
(147, 'Flammenwurf', 110),
(147, 'Hydropumpe', 148),
(147, 'Surfer', 149),
(147, 'Eisstrahl', 150);

INSERT INTO T_Pokemon_Attacken (Pokedex_Nr, Attacke_Name, Lernmethode_ID) VALUES
(147, 'Blizzard', 151),
(147, 'Donnerblitz', 206),
(147, 'Donner', 207),
(147, 'Agilität', 208),
(147, 'Feuersturm', 111),
(147, 'Kaskade', 152),
(147, 'Delegator', 57),
(147, 'Wutanfall', 85),
(147, 'Ausdauer', 59),
(147, 'Schlafrede', 60),
(147, 'Eisenschweif', 112),
(147, 'Drachentanz', 117),
(147, 'Drachenpuls', 119),
(148, 'Silberblick', 1),
(148, 'Windhose', 1),
(148, 'Donnerwelle', 1),
(148, 'Drachenrute', 6),
(148, 'Agilität', 67),
(148, 'Slam', 68),
(148, 'Nassschweif', 12),
(148, 'Drachenstoß', 124),
(148, 'Bodyguard', 125),
(148, 'Regentanz', 191),
(148, 'Drachentanz', 266),
(148, 'Wutanfall', 270),
(148, 'Hyperstrahl', 271),
(148, 'Gigastoß', 32),
(148, 'Feuerwirbel', 95),
(148, 'Donnerwelle', 145),
(148, 'Lichtschild', 15),
(148, 'Bodyguard', 16),
(148, 'Erholung', 17),
(148, 'Schnarcher', 18),
(148, 'Schutzschild', 19),
(148, 'Eissturm', 141),
(148, 'Anziehung', 22),
(148, 'Regentanz', 142),
(148, 'Sonnentag', 23),
(148, 'Hagelsturm', 106),
(148, 'Whirlpool', 38),
(148, 'Fassade', 24),
(148, 'Sternschauer', 98),
(148, 'Kanon', 29),
(148, 'Wirbler', 131),
(148, 'Breitseite', 132),
(148, 'Hagelsturm', 144),
(148, 'Sonnentag', 14),
(148, 'Eisstrahl', 95),
(148, 'Blizzard', 145),
(148, 'Hyperstrahl', 79),
(148, 'Lichtschild', 34),
(148, 'Schutzschild', 15),
(148, 'Regentanz', 146),
(148, 'Bodyguard', 35),
(148, 'Eisenschweif', 105),
(148, 'Donnerblitz', 18),
(148, 'Donner', 19),
(148, 'Doppelteam', 37),
(148, 'Schockwelle', 23),
(148, 'Flammenwurf', 106),
(148, 'Feuersturm', 97),
(148, 'Fassade', 39),
(148, 'Erholung', 40),
(148, 'Anziehung', 41),
(148, 'Ausdauer', 44),
(148, 'Drachenpuls', 101),
(148, 'Gigastoß', 81),
(148, 'Donnerwelle', 203),
(148, 'Schlafrede', 47),
(148, 'Angeberei', 49),
(148, 'Delegator', 50),
(148, 'Surfer', 130),
(148, 'Kaskade', 132),
(148, 'Bodyslam', 55),
(148, 'Flammenwurf', 110),
(148, 'Hydropumpe', 148),
(148, 'Surfer', 149),
(148, 'Eisstrahl', 150),
(148, 'Blizzard', 151),
(148, 'Donnerblitz', 206),
(148, 'Donner', 207),
(148, 'Agilität', 208),
(148, 'Feuersturm', 111),
(148, 'Kaskade', 152),
(148, 'Delegator', 57),
(148, 'Wutanfall', 85),
(148, 'Ausdauer', 59),
(148, 'Schlafrede', 60),
(148, 'Eisenschweif', 112),
(148, 'Drachentanz', 117),
(148, 'Drachenpuls', 119),
(149, 'Orkan', 1),
(149, 'Flügelschlag', 1),
(149, 'Ruheort', 1),
(149, 'Turbotempo', 1),
(149, 'Feuerschlag', 1),
(149, 'Donnerschlag', 1),
(149, 'Wickel', 1),
(149, 'Silberblick', 1),
(149, 'Windhose', 1),
(149, 'Donnerwelle', 1),
(149, 'Drachenrute', 6),
(149, 'Agilität', 67),
(149, 'Slam', 68),
(149, 'Nassschweif', 12),
(149, 'Drachenstoß', 124),
(149, 'Wutanfall', 186),
(149, 'Bodyguard', 125),
(149, 'Regentanz', 191),
(149, 'Drachentanz', 126),
(149, 'Hyperstrahl', 272),
(149, 'Megakick', 92),
(149, 'Feuerschlag', 93),
(149, 'Eishieb', 140),
(149, 'Donnerschlag', 94),
(149, 'Fliegen', 78),
(149, 'Hyperstrahl', 127),
(149, 'Gigastoß', 32),
(149, 'Feuerwirbel', 95),
(149, 'Donnerwelle', 145),
(149, 'Lichtschild', 15),
(149, 'Bodyguard', 16),
(149, 'Erholung', 17),
(149, 'Steinhagel', 36),
(149, 'Schnarcher', 18),
(149, 'Schutzschild', 19),
(149, 'Eissturm', 141),
(149, 'Stahlflügel', 128),
(149, 'Anziehung', 22),
(149, 'Sandsturm', 37),
(149, 'Regentanz', 142),
(149, 'Sonnentag', 23),
(149, 'Hagelsturm', 106),
(149, 'Whirlpool', 38),
(149, 'Fassade', 24),
(149, 'Sternschauer', 98),
(149, 'Durchbruch', 99),
(149, 'Taucher', 41),
(149, 'Felsgrab', 100),
(149, 'Schleuder', 101),
(149, 'Kanon', 29),
(149, 'Dampfwalze', 77),
(149, 'Luftschnitt', 130),
(149, 'Wirbler', 131),
(149, 'Breitseite', 132),
(149, 'Drachenklaue', 104),
(149, 'Aquawelle', 93),
(149, 'Brüller', 94),
(149, 'Hagelsturm', 144),
(149, 'Sonnentag', 14),
(149, 'Eisstrahl', 95),
(149, 'Blizzard', 145),
(149, 'Hyperstrahl', 79),
(149, 'Lichtschild', 34),
(149, 'Schutzschild', 15),
(149, 'Regentanz', 146),
(149, 'Bodyguard', 35),
(149, 'Eisenschweif', 105),
(149, 'Donnerblitz', 18),
(149, 'Donner', 19),
(149, 'Erdbeben', 80),
(149, 'Durchbruch', 22),
(149, 'Doppelteam', 37),
(149, 'Schockwelle', 23),
(149, 'Flammenwurf', 106),
(149, 'Sandsturm', 96),
(149, 'Feuersturm', 97),
(149, 'Felsgrab', 24),
(149, 'Aero-Ass', 98),
(149, 'Fassade', 39),
(149, 'Erholung', 40),
(149, 'Anziehung', 41),
(149, 'Stahlflügel', 133),
(149, 'Ruheort', 134),
(149, 'Fokusstoß', 135),
(149, 'Schleuder', 107),
(149, 'Ausdauer', 44),
(149, 'Drachenpuls', 101),
(149, 'Gigastoß', 81),
(149, 'Steinkante', 227),
(149, 'Donnerwelle', 203),
(149, 'Steinhagel', 109),
(149, 'Schlafrede', 47),
(149, 'Dampfwalze', 82),
(149, 'Angeberei', 49),
(149, 'Delegator', 50),
(149, 'Zerschneider', 51),
(149, 'Fliegen', 31),
(149, 'Surfer', 130),
(149, 'Stärke', 52),
(149, 'Auflockern', 131),
(149, 'Zertrümmerer', 53),
(149, 'Kaskade', 132),
(149, 'Bodyslam', 55),
(149, 'Flammenwurf', 110),
(149, 'Hydropumpe', 148),
(149, 'Surfer', 149),
(149, 'Eisstrahl', 150),
(149, 'Blizzard', 151),
(149, 'Donnerblitz', 206),
(149, 'Donner', 207),
(149, 'Erdbeben', 84),
(149, 'Agilität', 208),
(149, 'Feuersturm', 111),
(149, 'Kaskade', 152),
(149, 'Delegator', 57),
(149, 'Wutanfall', 85),
(149, 'Ausdauer', 59),
(149, 'Schlafrede', 60),
(149, 'Eisenschweif', 112),
(149, 'Hitzewelle', 114),
(149, 'Kraftkoloss', 239),
(149, 'Drachenklaue', 116),
(149, 'Drachentanz', 117),
(149, 'Drachenpuls', 119),
(149, 'Fokusstoß', 137),
(149, 'Eisenschädel', 256),
(149, 'Steinkante', 229),
(149, 'Orkan', 139),
(149, 'Body Press', 168),
(150, 'Konzentration', 1),
(150, 'Aussetzer', 1),
(150, 'Konfusion', 1),
(150, 'Sternschauer', 1),
(150, 'Antik-Kraft', 88),
(150, 'Psychoklinge', 169),
(150, 'Bodyguard', 9),
(150, 'Amnesie', 91),
(150, 'Aurasphäre', 70),
(150, 'Psychokinese', 122),
(150, 'Krafttausch', 160),
(150, 'Schutztausch', 160),
(150, 'Weißnebel', 236),
(150, 'Psychostoß', 273),
(150, 'Genesung', 272),
(150, 'Seher', 274),
(150, 'Megakick', 92),
(150, 'Zahltag', 104),
(150, 'Feuerschlag', 93),
(150, 'Eishieb', 140),
(150, 'Donnerschlag', 94),
(150, 'Hyperstrahl', 127),
(150, 'Gigastoß', 32),
(150, 'Solarstrahl', 14),
(150, 'Donnerwelle', 145),
(150, 'Lichtschild', 15),
(150, 'Reflektor', 146),
(150, 'Bodyguard', 16),
(150, 'Finale', 35),
(150, 'Erholung', 17),
(150, 'Steinhagel', 36),
(150, 'Schnarcher', 18),
(150, 'Schutzschild', 19),
(150, 'Eissturm', 141),
(150, 'Sandsturm', 37),
(150, 'Regentanz', 142),
(150, 'Sonnentag', 23),
(150, 'Hagelsturm', 106),
(150, 'Irrlicht', 97),
(150, 'Fassade', 24),
(150, 'Sternschauer', 98),
(150, 'Durchbruch', 99),
(150, 'Taucher', 41),
(150, 'Felsgrab', 100),
(150, 'Schleuder', 101),
(150, 'Krafttausch', 243),
(150, 'Schutztausch', 108),
(150, 'Initiativetausch', 170),
(150, 'Ableithieb', 205),
(150, 'Lawine', 161),
(150, 'Psychoklinge', 264),
(150, 'Bizarroraum', 45),
(150, 'Wunderraum', 227),
(150, 'Magieraum', 162),
(150, 'Fußtritt', 46),
(150, 'Kanon', 29),
(150, 'Dampfwalze', 77),
(150, 'Psychofeld', 164),
(150, 'Wirbler', 131),
(150, 'Aquawelle', 93),
(150, 'Gedankengut', 140),
(150, 'Hagelsturm', 144),
(150, 'Protzer', 127),
(150, 'Sonnentag', 14),
(150, 'Verhöhner', 201),
(150, 'Eisstrahl', 95),
(150, 'Blizzard', 145),
(150, 'Hyperstrahl', 79),
(150, 'Lichtschild', 34),
(150, 'Schutzschild', 15),
(150, 'Regentanz', 146),
(150, 'Bodyguard', 35),
(150, 'Solarstrahl', 36),
(150, 'Eisenschweif', 105),
(150, 'Donnerblitz', 18),
(150, 'Donner', 19),
(150, 'Erdbeben', 80),
(150, 'Fußtritt', 141),
(150, 'Psychokinese', 21),
(150, 'Spukball', 128),
(150, 'Durchbruch', 22),
(150, 'Doppelteam', 37),
(150, 'Reflektor', 142),
(150, 'Schockwelle', 23),
(150, 'Flammenwurf', 106),
(150, 'Sandsturm', 96),
(150, 'Feuersturm', 97),
(150, 'Felsgrab', 24),
(150, 'Aero-Ass', 98),
(150, 'Folterknecht', 25),
(150, 'Fassade', 39),
(150, 'Erholung', 40),
(150, 'Fähigkeitstausch', 100),
(150, 'Fokusstoß', 135),
(150, 'Energieball', 42),
(150, 'Schleuder', 107),
(150, 'Ladestrahl', 202),
(150, 'Ausdauer', 44),
(150, 'Ableithieb', 243),
(150, 'Irrlicht', 108),
(150, 'Ränkeschmied', 205),
(150, 'Aufbereitung', 244),
(150, 'Gigastoß', 81),
(150, 'Blitz', 45),
(150, 'Steinkante', 227),
(150, 'Lawine', 162),
(150, 'Donnerwelle', 203),
(150, 'Psycho-Plus', 171),
(150, 'Steinhagel', 109),
(150, 'Schlafrede', 47),
(150, 'Dampfwalze', 82),
(150, 'Gifthieb', 188),
(150, 'Traumfresser', 172),
(150, 'Strauchler', 48),
(150, 'Angeberei', 49),
(150, 'Delegator', 50),
(150, 'Bizarroraum', 129),
(150, 'Stärke', 52),
(150, 'Zertrümmerer', 53),
(150, 'Kraxler', 83),
(150, 'Bodyslam', 55),
(150, 'Flammenwurf', 110),
(150, 'Eisstrahl', 150),
(150, 'Blizzard', 151),
(150, 'Fußkick', 259),
(150, 'Donnerblitz', 206),
(150, 'Donner', 207),
(150, 'Erdbeben', 84),
(150, 'Psychokinese', 174),
(150, 'Agilität', 208),
(150, 'Metronom', 245),
(150, 'Feuersturm', 111),
(150, 'Amnesie', 56),
(150, 'Triplette', 246),
(150, 'Delegator', 57),
(150, 'Psychoschock', 216),
(150, 'Ausdauer', 59),
(150, 'Schlafrede', 60),
(150, 'Eisenschweif', 112),
(150, 'Spukball', 176),
(150, 'Seher', 217),
(150, 'Verhöhner', 238),
(150, 'Trickbetrug', 247),
(150, 'Fähigkeitstausch', 177),
(150, 'Protzer', 262),
(150, 'Gedankengut', 218),
(150, 'Aurasphäre', 156),
(150, 'Gifthieb', 222),
(150, 'Fokusstoß', 137),
(150, 'Energieball', 62),
(150, 'Ränkeschmied', 212),
(150, 'Zen-Kopfstoß', 157),
(150, 'Steinkante', 229),
(150, 'Strauchler', 65),
(150, 'Elektroball', 213),
(150, 'Schmarotzer', 251),
(150, 'Kraftvorrat', 219),
(150, 'Seitentausch', 220),
(150, 'Orkan', 139),
(151, 'Typenspiegel', 1),
(151, 'Amnesie', 198),
(151, 'Stafette', 67),
(151, 'Antik-Kraft', 11),
(151, 'Lebenstropfen', 70),
(151, 'Ränkeschmied', 72),
(151, 'Metronom', 266),
(151, 'Begrenzer', 269),
(151, 'Wandler', 272),
(151, 'Aurasphäre', 275),
(151, 'Psychokinese', 276),
(151, 'Megakick', 92),
(151, 'Zahltag', 104),
(151, 'Feuerschlag', 93),
(151, 'Eishieb', 140),
(151, 'Donnerschlag', 94),
(151, 'Fliegen', 78),
(151, 'Nadelrakete', 144),
(151, 'Hyperstrahl', 127),
(151, 'Gigastoß', 32),
(151, 'Zauberblatt', 33),
(151, 'Solarstrahl', 14),
(151, 'Solarklinge', 201),
(151, 'Feuerwirbel', 95),
(151, 'Donnerwelle', 145),
(151, 'Schaufler', 79),
(151, 'Kreideschrei', 34),
(151, 'Lichtschild', 15),
(151, 'Reflektor', 146),
(151, 'Bodyguard', 16),
(151, 'Finale', 35),
(151, 'Erholung', 17),
(151, 'Steinhagel', 36),
(151, 'Raub', 105),
(151, 'Schnarcher', 18),
(151, 'Schutzschild', 19),
(151, 'Grimasse', 80),
(151, 'Eissturm', 141),
(151, 'Gigasauger', 20),
(151, 'Charme', 21),
(151, 'Stahlflügel', 128),
(151, 'Anziehung', 22),
(151, 'Sandsturm', 37),
(151, 'Regentanz', 142),
(151, 'Sonnentag', 23),
(151, 'Hagelsturm', 106),
(151, 'Whirlpool', 38),
(151, 'Prügler', 96),
(151, 'Irrlicht', 97),
(151, 'Fassade', 24),
(151, 'Sternschauer', 98),
(151, 'Rechte Hand', 25),
(151, 'Vergeltung', 39),
(151, 'Durchbruch', 99),
(151, 'Begrenzer', 40),
(151, 'Taucher', 41),
(151, 'Meteorologe', 26),
(151, 'Trugträne', 133),
(151, 'Felsgrab', 100),
(151, 'Sandgrab', 147),
(151, 'Kugelsaat', 27),
(151, 'Eisspeer', 134),
(151, 'Sprungfeder', 135),
(151, 'Lehmschuss', 42),
(151, 'Felswurf', 43),
(151, 'Lake', 143),
(151, 'Kehrtwende', 107),
(151, 'Gegenstoß', 202),
(151, 'Gewissheit', 44),
(151, 'Schleuder', 101),
(151, 'Krafttausch', 243),
(151, 'Schutztausch', 108),
(151, 'Initiativetausch', 170),
(151, 'Ableithieb', 205),
(151, 'Lawine', 161),
(151, 'Dunkelklaue', 102),
(151, 'Donnerzahn', 187),
(151, 'Eiszahn', 244),
(151, 'Feuerzahn', 81),
(151, 'Psychoklinge', 264),
(151, 'Bizarroraum', 45),
(151, 'Wunderraum', 227),
(151, 'Magieraum', 162),
(151, 'Giftstreich', 203),
(151, 'Giftschock', 28),
(151, 'Fußtritt', 46),
(151, 'Kanon', 29),
(151, 'Bürde', 171),
(151, 'Akrobatik', 103),
(151, 'Heimzahlung', 163),
(151, 'Voltwechsel', 109),
(151, 'Dampfwalze', 77),
(151, 'Elektronetz', 47),
(151, 'Kalkklinge', 82),
(151, 'Kehrschelle', 188),
(151, 'Standpauke', 172),
(151, 'Phantomkraft', 48),
(151, 'Diebeskuss', 49),
(151, 'Grasfeld', 30),
(151, 'Nebelfeld', 173),
(151, 'Elektrofeld', 50),
(151, 'Psychofeld', 164),
(151, 'Magieflamme', 129),
(151, 'Mystowellen', 51),
(151, 'Trugschlag', 31),
(151, 'Luftschnitt', 130),
(151, 'Schmalhorn', 52),
(151, 'Wirbler', 131),
(151, 'Fruststampfer', 53),
(151, 'Breitseite', 132),
(151, 'Schwerttanz', 54),
(151, 'Bodyslam', 55),
(151, 'Flammenwurf', 110),
(151, 'Hydropumpe', 148),
(151, 'Surfer', 149),
(151, 'Eisstrahl', 150),
(151, 'Blizzard', 151),
(151, 'Fußkick', 259),
(151, 'Donnerblitz', 206),
(151, 'Donner', 207),
(151, 'Erdbeben', 84);

INSERT INTO T_Pokemon_Attacken (Pokedex_Nr, Attacke_Name, Lernmethode_ID) VALUES
(151, 'Psychokinese', 174),
(151, 'Agilität', 208),
(151, 'Energiefokus', 232),
(151, 'Metronom', 245),
(151, 'Feuersturm', 111),
(151, 'Kaskade', 152),
(151, 'Amnesie', 56),
(151, 'Blutsauger', 221),
(151, 'Triplette', 246),
(151, 'Delegator', 57),
(151, 'Gegenschlag', 209),
(151, 'Matschbombe', 58),
(151, 'Stachler', 228),
(151, 'Wutanfall', 85),
(151, 'Psychoschock', 216),
(151, 'Ausdauer', 59),
(151, 'Schlafrede', 60),
(151, 'Vielender', 242),
(151, 'Stafette', 175),
(151, 'Zugabe', 210),
(151, 'Eisenschweif', 112),
(151, 'Knirscher', 113),
(151, 'Spukball', 176),
(151, 'Seher', 217),
(151, 'Aufruhr', 211),
(151, 'Hitzewelle', 114),
(151, 'Verhöhner', 238),
(151, 'Trickbetrug', 247),
(151, 'Kraftkoloss', 239),
(151, 'Fähigkeitstausch', 177),
(151, 'Feuerfeger', 136),
(151, 'Schallwelle', 248),
(151, 'Hitzekoller', 115),
(151, 'Kosmik-Kraft', 249),
(151, 'Lehmbrühe', 153),
(151, 'Eisenabwehr', 154),
(151, 'Drachenklaue', 116),
(151, 'Protzer', 262),
(151, 'Gedankengut', 218),
(151, 'Laubklinge', 268),
(151, 'Drachentanz', 117),
(151, 'Gyroball', 155),
(151, 'Nahkampf', 260),
(151, 'Giftspitzen', 233),
(151, 'Flammenblitz', 118),
(151, 'Aurasphäre', 156),
(151, 'Gifthieb', 222),
(151, 'Finsteraura', 165),
(151, 'Samenbomben', 61),
(151, 'Kreuzschere', 223),
(151, 'Käfergebrumm', 178),
(151, 'Drachenpuls', 119),
(151, 'Juwelenkraft', 258),
(151, 'Fokusstoß', 137),
(151, 'Energieball', 62),
(151, 'Sturzflug', 252),
(151, 'Erdkräfte', 86),
(151, 'Ränkeschmied', 212),
(151, 'Zen-Kopfstoß', 157),
(151, 'Lichtkanone', 166),
(151, 'Blättersturm', 63),
(151, 'Blattgeißel', 64),
(151, 'Mülltreffer', 257),
(151, 'Eisenschädel', 256),
(151, 'Steinkante', 229),
(151, 'Tarnsteine', 224),
(151, 'Strauchler', 65),
(151, 'Schlammwoge', 240),
(151, 'Rammboss', 265),
(151, 'Elektroball', 213),
(151, 'Schmarotzer', 251),
(151, 'Kraftvorrat', 219),
(151, 'Seitentausch', 220),
(151, 'Siedewasser', 158),
(151, 'Kraftschub', 66),
(151, 'Stromstoß', 214),
(151, 'Schlagbohrer', 230),
(151, 'Brandstempel', 138),
(151, 'Orkan', 139),
(151, 'Knuddler', 215),
(151, 'Giftfalle', 234),
(151, 'Zauberschein', 250),
(151, 'Dark Lariat', 263),
(151, 'Pferdestärke', 241),
(151, 'Neck Strike', 225),
(151, 'Pollenknödel', 179),
(151, 'Psychobeißer', 261),
(151, 'Aquadurchstoß', 167),
(151, 'Body Press', 168);

SET FOREIGN_KEY_CHECKS = 1;
